=== pnpm install start Sun 12 Jul 2026 22:56:59 CEST ===
Lockfile is up to date, resolution step is skipped
Packages: +942
++++++++++++++++++++++++++++++++++++++++++++++++++++++++++++++++++++++++++++++++
Progress: resolved 0, reused 0, downloaded 1, added 0

   ╭───────────────────────────────────────────────╮
   │                                               │
   │     Update available! 10.33.0 → 11.12.0.      │
   │     Changelog: https://pnpm.io/v/11.12.0      │
   │   To update, run: corepack use pnpm@11.12.0   │
   │                                               │
   ╰───────────────────────────────────────────────╯

Progress: resolved 0, reused 0, downloaded 36, added 33
Progress: resolved 0, reused 0, downloaded 76, added 74
Progress: resolved 0, reused 0, downloaded 131, added 128
Progress: resolved 0, reused 0, downloaded 197, added 185
Progress: resolved 0, reused 0, downloaded 267, added 260
Progress: resolved 0, reused 0, downloaded 383, added 377
Progress: resolved 0, reused 0, downloaded 465, added 456
Progress: resolved 0, reused 0, downloaded 553, added 559
Progress: resolved 0, reused 0, downloaded 628, added 635
Progress: resolved 0, reused 0, downloaded 682, added 688
Progress: resolved 0, reused 0, downloaded 757, added 763
Progress: resolved 0, reused 0, downloaded 865, added 877
Progress: resolved 0, reused 0, downloaded 906, added 925
Progress: resolved 0, reused 0, downloaded 908, added 927
Progress: resolved 0, reused 0, downloaded 913, added 933
Progress: resolved 0, reused 0, downloaded 914, added 933
Progress: resolved 0, reused 0, downloaded 914, added 934
Progress: resolved 0, reused 0, downloaded 915, added 938
Progress: resolved 0, reused 0, downloaded 916, added 938
Progress: resolved 0, reused 0, downloaded 917, added 941
Progress: resolved 0, reused 0, downloaded 918, added 941
Progress: resolved 0, reused 0, downloaded 918, added 942, done
node_modules/esbuild postinstall$ node install.js
node_modules/better-sqlite3 install$ prebuild-install || node-gyp rebuild --release
.../core-utils/node_modules/esbuild postinstall$ node install.js
node_modules/esbuild postinstall: Done
node_modules/ffmpeg-static install$ node install.js
.../core-utils/node_modules/esbuild postinstall: Done
.../drizzle-kit/node_modules/esbuild postinstall$ node install.js
.../drizzle-kit/node_modules/esbuild postinstall: Done
node_modules/better-sqlite3 install: prebuild-install warn install Request timed out
node_modules/better-sqlite3 install: gyp info it worked if it ends with ok
node_modules/better-sqlite3 install: gyp info using node-gyp@12.4.0
node_modules/better-sqlite3 install: gyp info using node@20.12.1 | linux | x64
node_modules/better-sqlite3 install: gyp info find Python using Python version 3.12.9 found at "/home/ale/miniconda3/bin/python3"
node_modules/better-sqlite3 install: gyp http GET https://nodejs.org/download/release/v20.12.1/node-v20.12.1-headers.tar.gz
node_modules/better-sqlite3 install: gyp http 200 https://nodejs.org/download/release/v20.12.1/node-v20.12.1-headers.tar.gz
node_modules/better-sqlite3 install: gyp http GET https://nodejs.org/download/release/v20.12.1/SHASUMS256.txt
node_modules/better-sqlite3 install: gyp http 200 https://nodejs.org/download/release/v20.12.1/SHASUMS256.txt
node_modules/better-sqlite3 install: gyp info spawn /home/ale/miniconda3/bin/python3
node_modules/better-sqlite3 install: gyp info spawn args [
node_modules/better-sqlite3 install: gyp info spawn args '/home/ale/Desktop/HouseCheck/housecheck-clipforge-ad/clipforge/node_modules/node-gyp/gyp/gyp_main.py',
node_modules/better-sqlite3 install: gyp info spawn args 'binding.gyp',
node_modules/better-sqlite3 install: gyp info spawn args '-f',
node_modules/better-sqlite3 install: gyp info spawn args 'make',
node_modules/better-sqlite3 install: gyp info spawn args '-I',
node_modules/better-sqlite3 install: gyp info spawn args '/home/ale/Desktop/HouseCheck/housecheck-clipforge-ad/clipforge/node_modules/better-sqlite3/build/config.gypi',
node_modules/better-sqlite3 install: gyp info spawn args '-I',
node_modules/better-sqlite3 install: gyp info spawn args '/home/ale/Desktop/HouseCheck/housecheck-clipforge-ad/clipforge/node_modules/node-gyp/addon.gypi',
node_modules/better-sqlite3 install: gyp info spawn args '-I',
node_modules/better-sqlite3 install: gyp info spawn args '/home/ale/.cache/node-gyp/20.12.1/include/node/common.gypi',
node_modules/better-sqlite3 install: gyp info spawn args '-Dlibrary=shared_library',
node_modules/better-sqlite3 install: gyp info spawn args '-Dvisibility=default',
node_modules/better-sqlite3 install: gyp info spawn args '-Dnode_root_dir=/home/ale/.cache/node-gyp/20.12.1',
node_modules/better-sqlite3 install: gyp info spawn args '-Dnode_gyp_dir=/home/ale/Desktop/HouseCheck/housecheck-clipforge-ad/clipforge/node_modules/node-gyp',
node_modules/better-sqlite3 install: gyp info spawn args '-Dnode_lib_file=/home/ale/.cache/node-gyp/20.12.1/<(target_arch)/node.lib',
node_modules/better-sqlite3 install: gyp info spawn args '-Dmodule_root_dir=/home/ale/Desktop/HouseCheck/housecheck-clipforge-ad/clipforge/node_modules/better-sqlite3',
node_modules/better-sqlite3 install: gyp info spawn args '-Dnode_engine=v8',
node_modules/better-sqlite3 install: gyp info spawn args '--depth=.',
node_modules/better-sqlite3 install: gyp info spawn args '--no-parallel',
node_modules/better-sqlite3 install: gyp info spawn args '--generator-output',
node_modules/better-sqlite3 install: gyp info spawn args 'build',
node_modules/better-sqlite3 install: gyp info spawn args '-Goutput_dir=.'
node_modules/better-sqlite3 install: gyp info spawn args ]
node_modules/better-sqlite3 install: gyp info spawn make
node_modules/better-sqlite3 install: gyp info spawn args [ 'BUILDTYPE=Release', '-C', 'build' ]
node_modules/better-sqlite3 install: make: Entering directory '/home/ale/Desktop/HouseCheck/housecheck-clipforge-ad/clipforge/node_modules/better-sqlite3/build'
node_modules/better-sqlite3 install:   TOUCH 4292fa9a667d77b27488aa109b010a85bce8e4e7a1c7aa0370cea902395c3866.intermediate
node_modules/better-sqlite3 install:   ACTION deps_sqlite3_gyp_locate_sqlite3_target_copy_builtin_sqlite3 4292fa9a667d77b27488aa109b010a85bce8e4e7a1c7aa0370cea902395c3866.intermediate
node_modules/better-sqlite3 install:   TOUCH Release/obj.target/deps/locate_sqlite3.stamp
node_modules/better-sqlite3 install:   CC(target) Release/obj.target/sqlite3/gen/sqlite3/sqlite3.o
node_modules/ffmpeg-static install: Done
node_modules/better-sqlite3 install: rm -f Release/obj.target/deps/sqlite3.a Release/obj.target/deps/sqlite3.a.ar-file-list; mkdir -p `dirname Release/obj.target/deps/sqlite3.a`
node_modules/better-sqlite3 install: ar crs Release/obj.target/deps/sqlite3.a @Release/obj.target/deps/sqlite3.a.ar-file-list
node_modules/better-sqlite3 install:   COPY Release/sqlite3.a
node_modules/better-sqlite3 install:   CXX(target) Release/obj.target/better_sqlite3/src/better_sqlite3.o
node_modules/better-sqlite3 install: In file included from ../src/better_sqlite3.cpp:11:
node_modules/better-sqlite3 install: /home/ale/.cache/node-gyp/20.12.1/include/node/node.h:1222:7: warning: cast between incompatible function types from ‘void (*)(v8::Local<v8::Object>, v8::Local<v8::Value>, v8::Local<v8::Context>)’ to ‘node::addon_context_register_func’ {aka ‘void (*)(v8::Local<v8::Object>, v8::Local<v8::Value>, v8::Local<v8::Context>, void*)’} [-Wcast-function-type]
node_modules/better-sqlite3 install:  1222 |       (node::addon_context_register_func) (regfunc),                  \
node_modules/better-sqlite3 install:       |       ^~~~~~~~~~~~~~~~~~~~~~~~~~~~~~~~~~~~~~~~~~~~~
node_modules/better-sqlite3 install: /home/ale/.cache/node-gyp/20.12.1/include/node/node.h:1240:3: note: in expansion of macro ‘NODE_MODULE_CONTEXT_AWARE_X’
node_modules/better-sqlite3 install:  1240 |   NODE_MODULE_CONTEXT_AWARE_X(modname, regfunc, NULL, 0)
node_modules/better-sqlite3 install:       |   ^~~~~~~~~~~~~~~~~~~~~~~~~~~
node_modules/better-sqlite3 install: /home/ale/.cache/node-gyp/20.12.1/include/node/node.h:1271:3: note: in expansion of macro ‘NODE_MODULE_CONTEXT_AWARE’
node_modules/better-sqlite3 install:  1271 |   NODE_MODULE_CONTEXT_AWARE(NODE_GYP_MODULE_NAME,                     \
node_modules/better-sqlite3 install:       |   ^~~~~~~~~~~~~~~~~~~~~~~~~
node_modules/better-sqlite3 install: ../src/better_sqlite3.cpp:48:1: note: in expansion of macro ‘NODE_MODULE_INIT’
node_modules/better-sqlite3 install:    48 | NODE_MODULE_INIT(/* exports, context */) {
node_modules/better-sqlite3 install:       | ^~~~~~~~~~~~~~~~
node_modules/better-sqlite3 install: In file included from ../src/better_sqlite3.cpp:26:
node_modules/better-sqlite3 install: ../src/util/data.cpp: In function ‘v8::Local<v8::Value> Data::GetValueJS(v8::Isolate*, sqlite3_stmt*, int, bool)’:
node_modules/better-sqlite3 install: ../src/util/data.cpp:36:17: warning: this statement may fall through [-Wimplicit-fallthrough=]
node_modules/better-sqlite3 install:    36 |                 if (safe_ints) {                                                       \
node_modules/better-sqlite3 install:       |                 ^~
node_modules/better-sqlite3 install: ../src/util/data.cpp:73:17: note: in expansion of macro ‘SQLITE_VALUE_TO_JS’
node_modules/better-sqlite3 install:    73 |                 SQLITE_VALUE_TO_JS(column, isolate, safe_ints, handle, column);
node_modules/better-sqlite3 install:       |                 ^~~~~~~~~~~~~~~~~~
node_modules/better-sqlite3 install: ../src/util/data.cpp:42:9: note: here
node_modules/better-sqlite3 install:    42 |         case SQLITE_FLOAT:                                                         \
node_modules/better-sqlite3 install:       |         ^~~~
node_modules/better-sqlite3 install: ../src/util/data.cpp:73:17: note: in expansion of macro ‘SQLITE_VALUE_TO_JS’
node_modules/better-sqlite3 install:    73 |                 SQLITE_VALUE_TO_JS(column, isolate, safe_ints, handle, column);
node_modules/better-sqlite3 install:       |                 ^~~~~~~~~~~~~~~~~~
node_modules/better-sqlite3 install: ../src/util/data.cpp: In function ‘v8::Local<v8::Value> Data::GetValueJS(v8::Isolate*, sqlite3_value*, bool)’:
node_modules/better-sqlite3 install: ../src/util/data.cpp:36:17: warning: this statement may fall through [-Wimplicit-fallthrough=]
node_modules/better-sqlite3 install:    36 |                 if (safe_ints) {                                                       \
node_modules/better-sqlite3 install:       |                 ^~
node_modules/better-sqlite3 install: ../src/util/data.cpp:77:17: note: in expansion of macro ‘SQLITE_VALUE_TO_JS’
node_modules/better-sqlite3 install:    77 |                 SQLITE_VALUE_TO_JS(value, isolate, safe_ints, value);
node_modules/better-sqlite3 install:       |                 ^~~~~~~~~~~~~~~~~~
node_modules/better-sqlite3 install: ../src/util/data.cpp:42:9: note: here
node_modules/better-sqlite3 install:    42 |         case SQLITE_FLOAT:                                                         \
node_modules/better-sqlite3 install:       |         ^~~~
node_modules/better-sqlite3 install: ../src/util/data.cpp:77:17: note: in expansion of macro ‘SQLITE_VALUE_TO_JS’
node_modules/better-sqlite3 install:    77 |                 SQLITE_VALUE_TO_JS(value, isolate, safe_ints, value);
node_modules/better-sqlite3 install:       |                 ^~~~~~~~~~~~~~~~~~
node_modules/better-sqlite3 install:   SOLINK_MODULE(target) Release/obj.target/better_sqlite3.node
node_modules/better-sqlite3 install:   COPY Release/better_sqlite3.node
node_modules/better-sqlite3 install:   CC(target) Release/obj.target/test_extension/deps/test_extension.o
node_modules/better-sqlite3 install:   SOLINK_MODULE(target) Release/obj.target/test_extension.node
node_modules/better-sqlite3 install:   COPY Release/test_extension.node
node_modules/better-sqlite3 install: rm 4292fa9a667d77b27488aa109b010a85bce8e4e7a1c7aa0370cea902395c3866.intermediate
node_modules/better-sqlite3 install: make: Leaving directory '/home/ale/Desktop/HouseCheck/housecheck-clipforge-ad/clipforge/node_modules/better-sqlite3/build'
node_modules/better-sqlite3 install: gyp info ok 
node_modules/better-sqlite3 install: Done

╭ Warning ─────────────────────────────────────────────────────────────────────╮
│                                                                              │
│   Ignored build scripts: @ffprobe-installer/linux-x64@5.2.0,                 │
│   electron-winstaller@5.4.0, msw@2.12.14.                                    │
│   Run "pnpm approve-builds" to pick which dependencies should be allowed     │
│   to run scripts.                                                            │
│                                                                              │
╰──────────────────────────────────────────────────────────────────────────────╯
Done in 1m 29.7s using pnpm v10.33.0
=== dev server start Sun 12 Jul 2026 22:58:42 CEST ===

> clipforge@0.8.43 dev /home/ale/Desktop/HouseCheck/housecheck-clipforge-ad/clipforge
> next dev -p 3000

▲ Next.js 16.2.1 (Turbopack)
- Local:         http://localhost:3000
- Network:       http://192.168.1.156:3000
✓ Ready in 315ms
Attention: Next.js now collects completely anonymous telemetry regarding usage.
This information is used to shape Next.js' roadmap and prioritize features.
You can learn more, including how to opt-out if you'd not like to participate in this anonymous program, by visiting the following URL:
https://nextjs.org/telemetry



-----
[1m[31mFATAL[39m[0m: An unexpected Turbopack error occurred. A panic log has been written to /tmp/next-panic-e06653766a15e572b57a76bb1b5015de.log.

To help make Turbopack better, report this error by clicking here: https://bugs.nextjs.org/search?category=turbopack-error-report&title=Turbopack%20Error%3A%20Failed%20to%20write%20app%20endpoint%20%2Fapi%2Fproject%2Froute&body=Turbopack%20version%3A%20%60600cd2fe%60%0ANext.js%20version%3A%20%600.0.0%60%0A%0AError%20message%3A%0A%60%60%60%0AFailed%20to%20write%20app%20endpoint%20%2Fapi%2Fproject%2Froute%0A%0ACaused%20by%3A%0A-%20Unable%20to%20watch%20%2Fhome%2Fale%2FDesktop%2FHouseCheck%2Fhousecheck-clipforge-ad%2Fclipforge%2Fnode_modules%2Fnext%2Fdist%0A-%20OS%20file%20watch%20limit%20reached.%20about%20%5B%22%2Fhome%2Fale%2FDesktop%2FHouseCheck%2Fhousecheck-clipforge-ad%2Fclipforge%2Fnode_modules%2Fnext%2Fdist%22%5D%0A%0ADebug%20info%3A%0A-%20Execution%20of%20get_written_endpoint_with_issues_operation%20failed%0A-%20Execution%20of%20endpoint_write_to_disk%20failed%0A-%20Execution%20of%20%3CAppEndpoint%20as%20Endpoint%3E%3A%3Aoutput%20failed%0A-%20Failed%20to%20write%20app%20endpoint%20%2Fapi%2Fproject%2Froute%0A-%20Execution%20of%20%2Aall_asset_paths%20failed%0A-%20Execution%20of%20%2AAppEndpointOutput%3A%3Aoutput_assets%20failed%0A-%20Execution%20of%20AppEndpoint%3A%3Aoutput%20failed%0A-%20Execution%20of%20AppEndpoint%3A%3Aapp_route_entry%20failed%0A-%20Execution%20of%20%2Aget_app_route_entry%20failed%0A-%20Execution%20of%20AppProject%3A%3Aroute_module_context%20failed%0A-%20Execution%20of%20AppProject%3A%3Aecmascript_client_reference_transition%20failed%0A-%20Execution%20of%20%2ANextEcmascriptClientReferenceTransition%3A%3Anew%20failed%0A-%20Execution%20of%20AppProject%3A%3Aclient_transition%20failed%0A-%20Execution%20of%20%2AFullContextTransition%3A%3Anew%20failed%0A-%20Execution%20of%20AppProject%3A%3Aclient_module_context%20failed%0A-%20Execution%20of%20%2AModuleAssetContext%3A%3Anew%20failed%0A-%20Execution%20of%20get_client_module_options_context%20failed%0A-%20Execution%20of%20%2Aget_jsx_transform_options%20failed%0A-%20Execution%20of%20get_client_resolve_options_context%20failed%0A-%20Execution%20of%20get_transpiled_packages%20failed%0A-%20Execution%20of%20%3CDiskFileSystem%20as%20FileSystem%3E%3A%3Aread%20failed%0A-%20Unable%20to%20watch%20%2Fhome%2Fale%2FDesktop%2FHouseCheck%2Fhousecheck-clipforge-ad%2Fclipforge%2Fnode_modules%2Fnext%2Fdist%0A-%20OS%20file%20watch%20limit%20reached.%20about%20%5B%22%2Fhome%2Fale%2FDesktop%2FHouseCheck%2Fhousecheck-clipforge-ad%2Fclipforge%2Fnode_modules%2Fnext%2Fdist%22%5D%0A%60%60%60&labels=Turbopack,Turbopack%20Panic%20Backtrace
-----

⨯ Error [TurbopackInternalError]: Failed to write page endpoint /_app

Caused by:
- Unable to watch /home/ale/Desktop/HouseCheck/housecheck-clipforge-ad/clipforge/node_modules/next/dist
- OS file watch limit reached. about ["/home/ale/Desktop/HouseCheck/housecheck-clipforge-ad/clipforge/node_modules/next/dist"]

Debug info:
- Execution of get_written_endpoint_with_issues_operation failed
- Execution of endpoint_write_to_disk failed
- Execution of <PageEndpoint as Endpoint>::output failed
- Failed to write page endpoint /_app
- Execution of *all_asset_paths failed
- Execution of *PageEndpointOutput::output_assets failed
- Execution of PageEndpoint::output failed
- Execution of *ChunkGroupResult::all_assets failed
- Execution of PageEndpoint::client_chunk_group failed
- Execution of PageEndpoint::client_evaluatable_assets failed
- Execution of PageEndpoint::client_module failed
- Execution of *create_page_loader_entry_module failed
- Execution of PagesProject::client_module_context failed
- Execution of *ModuleAssetContext::new failed
- Execution of get_client_module_options_context failed
- Execution of *get_jsx_transform_options failed
- Execution of get_client_resolve_options_context failed
- Execution of get_transpiled_packages failed
- Execution of <DiskFileSystem as FileSystem>::read failed
- Unable to watch /home/ale/Desktop/HouseCheck/housecheck-clipforge-ad/clipforge/node_modules/next/dist
- OS file watch limit reached. about ["/home/ale/Desktop/HouseCheck/housecheck-clipforge-ad/clipforge/node_modules/next/dist"]
    at <unknown> (TurbopackInternalError: Failed to write page endpoint /_app) {
  location: undefined
}
Error [TurbopackInternalError]: Failed to write app endpoint /api/project/route

Caused by:
- Unable to watch /home/ale/Desktop/HouseCheck/housecheck-clipforge-ad/clipforge/node_modules/next/dist
- OS file watch limit reached. about ["/home/ale/Desktop/HouseCheck/housecheck-clipforge-ad/clipforge/node_modules/next/dist"]

Debug info:
- Execution of get_written_endpoint_with_issues_operation failed
- Execution of endpoint_write_to_disk failed
- Execution of <AppEndpoint as Endpoint>::output failed
- Failed to write app endpoint /api/project/route
- Execution of *all_asset_paths failed
- Execution of *AppEndpointOutput::output_assets failed
- Execution of AppEndpoint::output failed
- Execution of AppEndpoint::app_route_entry failed
- Execution of *get_app_route_entry failed
- Execution of AppProject::route_module_context failed
- Execution of AppProject::ecmascript_client_reference_transition failed
- Execution of *NextEcmascriptClientReferenceTransition::new failed
- Execution of AppProject::client_transition failed
- Execution of *FullContextTransition::new failed
- Execution of AppProject::client_module_context failed
- Execution of *ModuleAssetContext::new failed
- Execution of get_client_module_options_context failed
- Execution of *get_jsx_transform_options failed
- Execution of get_client_resolve_options_context failed
- Execution of get_transpiled_packages failed
- Execution of <DiskFileSystem as FileSystem>::read failed
- Unable to watch /home/ale/Desktop/HouseCheck/housecheck-clipforge-ad/clipforge/node_modules/next/dist
- OS file watch limit reached. about ["/home/ale/Desktop/HouseCheck/housecheck-clipforge-ad/clipforge/node_modules/next/dist"]
    at <unknown> (TurbopackInternalError: Failed to write app endpoint /api/project/route) {
  location: undefined
}
⨯ Error [TurbopackInternalError]: Failed to write page endpoint /_app

Caused by:
- Unable to watch /home/ale/Desktop/HouseCheck/housecheck-clipforge-ad/clipforge/node_modules/next/dist
- OS file watch limit reached. about ["/home/ale/Desktop/HouseCheck/housecheck-clipforge-ad/clipforge/node_modules/next/dist"]

Debug info:
- Execution of get_written_endpoint_with_issues_operation failed
- Execution of endpoint_write_to_disk failed
- Execution of <PageEndpoint as Endpoint>::output failed
- Failed to write page endpoint /_app
- Execution of *all_asset_paths failed
- Execution of *PageEndpointOutput::output_assets failed
- Execution of PageEndpoint::output failed
- Execution of *ChunkGroupResult::all_assets failed
- Execution of PageEndpoint::client_chunk_group failed
- Execution of PageEndpoint::client_evaluatable_assets failed
- Execution of PageEndpoint::client_module failed
- Execution of *create_page_loader_entry_module failed
- Execution of PagesProject::client_module_context failed
- Execution of *ModuleAssetContext::new failed
- Execution of get_client_module_options_context failed
- Execution of *get_jsx_transform_options failed
- Execution of get_client_resolve_options_context failed
- Execution of get_transpiled_packages failed
- Execution of <DiskFileSystem as FileSystem>::read failed
- Unable to watch /home/ale/Desktop/HouseCheck/housecheck-clipforge-ad/clipforge/node_modules/next/dist
- OS file watch limit reached. about ["/home/ale/Desktop/HouseCheck/housecheck-clipforge-ad/clipforge/node_modules/next/dist"]
    at <unknown> (TurbopackInternalError: Failed to write page endpoint /_app) {
  location: undefined
}
Error [TurbopackInternalError]: Failed to write page endpoint /_app

Caused by:
- Unable to watch /home/ale/Desktop/HouseCheck/housecheck-clipforge-ad/clipforge/node_modules/next/dist
- OS file watch limit reached. about ["/home/ale/Desktop/HouseCheck/housecheck-clipforge-ad/clipforge/node_modules/next/dist"]

Debug info:
- Execution of get_written_endpoint_with_issues_operation failed
- Execution of endpoint_write_to_disk failed
- Execution of <PageEndpoint as Endpoint>::output failed
- Failed to write page endpoint /_app
- Execution of *all_asset_paths failed
- Execution of *PageEndpointOutput::output_assets failed
- Execution of PageEndpoint::output failed
- Execution of *ChunkGroupResult::all_assets failed
- Execution of PageEndpoint::client_chunk_group failed
- Execution of PageEndpoint::client_evaluatable_assets failed
- Execution of PageEndpoint::client_module failed
- Execution of *create_page_loader_entry_module failed
- Execution of PagesProject::client_module_context failed
- Execution of *ModuleAssetContext::new failed
- Execution of get_client_module_options_context failed
- Execution of *get_jsx_transform_options failed
- Execution of get_client_resolve_options_context failed
- Execution of get_transpiled_packages failed
- Execution of <DiskFileSystem as FileSystem>::read failed
- Unable to watch /home/ale/Desktop/HouseCheck/housecheck-clipforge-ad/clipforge/node_modules/next/dist
- OS file watch limit reached. about ["/home/ale/Desktop/HouseCheck/housecheck-clipforge-ad/clipforge/node_modules/next/dist"]
    at <unknown> (TurbopackInternalError: Failed to write page endpoint /_app) {
  location: undefined
}

-----
[1m[31mFATAL[39m[0m: An unexpected Turbopack error occurred. A panic log has been written to /tmp/next-panic-e06653766a15e572b57a76bb1b5015de.log.

To help make Turbopack better, report this error by clicking here: https://bugs.nextjs.org/search?category=turbopack-error-report&title=Turbopack%20Error%3A%20Failed%20to%20write%20app%20endpoint%20%2Fapi%2Fproject%2Froute&body=Turbopack%20version%3A%20%60600cd2fe%60%0ANext.js%20version%3A%20%600.0.0%60%0A%0AError%20message%3A%0A%60%60%60%0AFailed%20to%20write%20app%20endpoint%20%2Fapi%2Fproject%2Froute%0A%0ACaused%20by%3A%0A-%20Unable%20to%20watch%20%2Fhome%2Fale%2FDesktop%2FHouseCheck%2Fhousecheck-clipforge-ad%2Fclipforge%2Fnode_modules%2Fnext%2Fdist%0A-%20OS%20file%20watch%20limit%20reached.%20about%20%5B%22%2Fhome%2Fale%2FDesktop%2FHouseCheck%2Fhousecheck-clipforge-ad%2Fclipforge%2Fnode_modules%2Fnext%2Fdist%22%5D%0A%0ADebug%20info%3A%0A-%20Execution%20of%20get_written_endpoint_with_issues_operation%20failed%0A-%20Execution%20of%20endpoint_write_to_disk%20failed%0A-%20Execution%20of%20%3CAppEndpoint%20as%20Endpoint%3E%3A%3Aoutput%20failed%0A-%20Failed%20to%20write%20app%20endpoint%20%2Fapi%2Fproject%2Froute%0A-%20Execution%20of%20%2Aall_asset_paths%20failed%0A-%20Execution%20of%20%2AAppEndpointOutput%3A%3Aoutput_assets%20failed%0A-%20Execution%20of%20AppEndpoint%3A%3Aoutput%20failed%0A-%20Execution%20of%20AppEndpoint%3A%3Aapp_route_entry%20failed%0A-%20Execution%20of%20%2Aget_app_route_entry%20failed%0A-%20Execution%20of%20AppProject%3A%3Aroute_module_context%20failed%0A-%20Execution%20of%20AppProject%3A%3Aecmascript_client_reference_transition%20failed%0A-%20Execution%20of%20%2ANextEcmascriptClientReferenceTransition%3A%3Anew%20failed%0A-%20Execution%20of%20AppProject%3A%3Aclient_transition%20failed%0A-%20Execution%20of%20%2AFullContextTransition%3A%3Anew%20failed%0A-%20Execution%20of%20AppProject%3A%3Aclient_module_context%20failed%0A-%20Execution%20of%20%2AModuleAssetContext%3A%3Anew%20failed%0A-%20Execution%20of%20get_client_module_options_context%20failed%0A-%20Execution%20of%20%2Aget_jsx_transform_options%20failed%0A-%20Execution%20of%20get_client_resolve_options_context%20failed%0A-%20Execution%20of%20get_transpiled_packages%20failed%0A-%20Execution%20of%20%3CDiskFileSystem%20as%20FileSystem%3E%3A%3Aread%20failed%0A-%20Unable%20to%20watch%20%2Fhome%2Fale%2FDesktop%2FHouseCheck%2Fhousecheck-clipforge-ad%2Fclipforge%2Fnode_modules%2Fnext%2Fdist%0A-%20OS%20file%20watch%20limit%20reached.%20about%20%5B%22%2Fhome%2Fale%2FDesktop%2FHouseCheck%2Fhousecheck-clipforge-ad%2Fclipforge%2Fnode_modules%2Fnext%2Fdist%22%5D%0A%60%60%60&labels=Turbopack,Turbopack%20Panic%20Backtrace
-----

⨯ Error [TurbopackInternalError]: Failed to write page endpoint /_app

Caused by:
- Unable to watch /home/ale/Desktop/HouseCheck/housecheck-clipforge-ad/clipforge/node_modules/next/dist
- OS file watch limit reached. about ["/home/ale/Desktop/HouseCheck/housecheck-clipforge-ad/clipforge/node_modules/next/dist"]

Debug info:
- Execution of get_written_endpoint_with_issues_operation failed
- Execution of endpoint_write_to_disk failed
- Execution of <PageEndpoint as Endpoint>::output failed
- Failed to write page endpoint /_app
- Execution of *all_asset_paths failed
- Execution of *PageEndpointOutput::output_assets failed
- Execution of PageEndpoint::output failed
- Execution of *ChunkGroupResult::all_assets failed
- Execution of PageEndpoint::client_chunk_group failed
- Execution of PageEndpoint::client_evaluatable_assets failed
- Execution of PageEndpoint::client_module failed
- Execution of *create_page_loader_entry_module failed
- Execution of PagesProject::client_module_context failed
- Execution of *ModuleAssetContext::new failed
- Execution of get_client_module_options_context failed
- Execution of *get_jsx_transform_options failed
- Execution of get_client_resolve_options_context failed
- Execution of get_transpiled_packages failed
- Execution of <DiskFileSystem as FileSystem>::read failed
- Unable to watch /home/ale/Desktop/HouseCheck/housecheck-clipforge-ad/clipforge/node_modules/next/dist
- OS file watch limit reached. about ["/home/ale/Desktop/HouseCheck/housecheck-clipforge-ad/clipforge/node_modules/next/dist"]
    at <unknown> (TurbopackInternalError: Failed to write page endpoint /_app) {
  location: undefined
}
Error [TurbopackInternalError]: Failed to write app endpoint /api/project/route

Caused by:
- Unable to watch /home/ale/Desktop/HouseCheck/housecheck-clipforge-ad/clipforge/node_modules/next/dist
- OS file watch limit reached. about ["/home/ale/Desktop/HouseCheck/housecheck-clipforge-ad/clipforge/node_modules/next/dist"]

Debug info:
- Execution of get_written_endpoint_with_issues_operation failed
- Execution of endpoint_write_to_disk failed
- Execution of <AppEndpoint as Endpoint>::output failed
- Failed to write app endpoint /api/project/route
- Execution of *all_asset_paths failed
- Execution of *AppEndpointOutput::output_assets failed
- Execution of AppEndpoint::output failed
- Execution of AppEndpoint::app_route_entry failed
- Execution of *get_app_route_entry failed
- Execution of AppProject::route_module_context failed
- Execution of AppProject::ecmascript_client_reference_transition failed
- Execution of *NextEcmascriptClientReferenceTransition::new failed
- Execution of AppProject::client_transition failed
- Execution of *FullContextTransition::new failed
- Execution of AppProject::client_module_context failed
- Execution of *ModuleAssetContext::new failed
- Execution of get_client_module_options_context failed
- Execution of *get_jsx_transform_options failed
- Execution of get_client_resolve_options_context failed
- Execution of get_transpiled_packages failed
- Execution of <DiskFileSystem as FileSystem>::read failed
- Unable to watch /home/ale/Desktop/HouseCheck/housecheck-clipforge-ad/clipforge/node_modules/next/dist
- OS file watch limit reached. about ["/home/ale/Desktop/HouseCheck/housecheck-clipforge-ad/clipforge/node_modules/next/dist"]
    at <unknown> (TurbopackInternalError: Failed to write app endpoint /api/project/route) {
  location: undefined
}
⨯ Error [TurbopackInternalError]: Failed to write page endpoint /_app

Caused by:
- Unable to watch /home/ale/Desktop/HouseCheck/housecheck-clipforge-ad/clipforge/node_modules/next/dist
- OS file watch limit reached. about ["/home/ale/Desktop/HouseCheck/housecheck-clipforge-ad/clipforge/node_modules/next/dist"]

Debug info:
- Execution of get_written_endpoint_with_issues_operation failed
- Execution of endpoint_write_to_disk failed
- Execution of <PageEndpoint as Endpoint>::output failed
- Failed to write page endpoint /_app
- Execution of *all_asset_paths failed
- Execution of *PageEndpointOutput::output_assets failed
- Execution of PageEndpoint::output failed
- Execution of *ChunkGroupResult::all_assets failed
- Execution of PageEndpoint::client_chunk_group failed
- Execution of PageEndpoint::client_evaluatable_assets failed
- Execution of PageEndpoint::client_module failed
- Execution of *create_page_loader_entry_module failed
- Execution of PagesProject::client_module_context failed
- Execution of *ModuleAssetContext::new failed
- Execution of get_client_module_options_context failed
- Execution of *get_jsx_transform_options failed
- Execution of get_client_resolve_options_context failed
- Execution of get_transpiled_packages failed
- Execution of <DiskFileSystem as FileSystem>::read failed
- Unable to watch /home/ale/Desktop/HouseCheck/housecheck-clipforge-ad/clipforge/node_modules/next/dist
- OS file watch limit reached. about ["/home/ale/Desktop/HouseCheck/housecheck-clipforge-ad/clipforge/node_modules/next/dist"]
    at <unknown> (TurbopackInternalError: Failed to write page endpoint /_app) {
  location: undefined
}
Error [TurbopackInternalError]: Failed to write page endpoint /_app

Caused by:
- Unable to watch /home/ale/Desktop/HouseCheck/housecheck-clipforge-ad/clipforge/node_modules/next/dist
- OS file watch limit reached. about ["/home/ale/Desktop/HouseCheck/housecheck-clipforge-ad/clipforge/node_modules/next/dist"]

Debug info:
- Execution of get_written_endpoint_with_issues_operation failed
- Execution of endpoint_write_to_disk failed
- Execution of <PageEndpoint as Endpoint>::output failed
- Failed to write page endpoint /_app
- Execution of *all_asset_paths failed
- Execution of *PageEndpointOutput::output_assets failed
- Execution of PageEndpoint::output failed
- Execution of *ChunkGroupResult::all_assets failed
- Execution of PageEndpoint::client_chunk_group failed
- Execution of PageEndpoint::client_evaluatable_assets failed
- Execution of PageEndpoint::client_module failed
- Execution of *create_page_loader_entry_module failed
- Execution of PagesProject::client_module_context failed
- Execution of *ModuleAssetContext::new failed
- Execution of get_client_module_options_context failed
- Execution of *get_jsx_transform_options failed
- Execution of get_client_resolve_options_context failed
- Execution of get_transpiled_packages failed
- Execution of <DiskFileSystem as FileSystem>::read failed
- Unable to watch /home/ale/Desktop/HouseCheck/housecheck-clipforge-ad/clipforge/node_modules/next/dist
- OS file watch limit reached. about ["/home/ale/Desktop/HouseCheck/housecheck-clipforge-ad/clipforge/node_modules/next/dist"]
    at <unknown> (TurbopackInternalError: Failed to write page endpoint /_app) {
  location: undefined
}

-----
[1m[31mFATAL[39m[0m: An unexpected Turbopack error occurred. A panic log has been written to /tmp/next-panic-e06653766a15e572b57a76bb1b5015de.log.

To help make Turbopack better, report this error by clicking here: https://bugs.nextjs.org/search?category=turbopack-error-report&title=Turbopack%20Error%3A%20Failed%20to%20write%20app%20endpoint%20%2Fapi%2Fproject%2Froute&body=Turbopack%20version%3A%20%60600cd2fe%60%0ANext.js%20version%3A%20%600.0.0%60%0A%0AError%20message%3A%0A%60%60%60%0AFailed%20to%20write%20app%20endpoint%20%2Fapi%2Fproject%2Froute%0A%0ACaused%20by%3A%0A-%20Unable%20to%20watch%20%2Fhome%2Fale%2FDesktop%2FHouseCheck%2Fhousecheck-clipforge-ad%2Fclipforge%2Fnode_modules%2Fnext%2Fdist%0A-%20OS%20file%20watch%20limit%20reached.%20about%20%5B%22%2Fhome%2Fale%2FDesktop%2FHouseCheck%2Fhousecheck-clipforge-ad%2Fclipforge%2Fnode_modules%2Fnext%2Fdist%22%5D%0A%0ADebug%20info%3A%0A-%20Execution%20of%20get_written_endpoint_with_issues_operation%20failed%0A-%20Execution%20of%20endpoint_write_to_disk%20failed%0A-%20Execution%20of%20%3CAppEndpoint%20as%20Endpoint%3E%3A%3Aoutput%20failed%0A-%20Failed%20to%20write%20app%20endpoint%20%2Fapi%2Fproject%2Froute%0A-%20Execution%20of%20%2Aall_asset_paths%20failed%0A-%20Execution%20of%20%2AAppEndpointOutput%3A%3Aoutput_assets%20failed%0A-%20Execution%20of%20AppEndpoint%3A%3Aoutput%20failed%0A-%20Execution%20of%20AppEndpoint%3A%3Aapp_route_entry%20failed%0A-%20Execution%20of%20%2Aget_app_route_entry%20failed%0A-%20Execution%20of%20AppProject%3A%3Aroute_module_context%20failed%0A-%20Execution%20of%20AppProject%3A%3Aecmascript_client_reference_transition%20failed%0A-%20Execution%20of%20%2ANextEcmascriptClientReferenceTransition%3A%3Anew%20failed%0A-%20Execution%20of%20AppProject%3A%3Aclient_transition%20failed%0A-%20Execution%20of%20%2AFullContextTransition%3A%3Anew%20failed%0A-%20Execution%20of%20AppProject%3A%3Aclient_module_context%20failed%0A-%20Execution%20of%20%2AModuleAssetContext%3A%3Anew%20failed%0A-%20Execution%20of%20get_client_module_options_context%20failed%0A-%20Execution%20of%20%2Aget_jsx_transform_options%20failed%0A-%20Execution%20of%20get_client_resolve_options_context%20failed%0A-%20Execution%20of%20get_transpiled_packages%20failed%0A-%20Execution%20of%20%3CDiskFileSystem%20as%20FileSystem%3E%3A%3Aread%20failed%0A-%20Unable%20to%20watch%20%2Fhome%2Fale%2FDesktop%2FHouseCheck%2Fhousecheck-clipforge-ad%2Fclipforge%2Fnode_modules%2Fnext%2Fdist%0A-%20OS%20file%20watch%20limit%20reached.%20about%20%5B%22%2Fhome%2Fale%2FDesktop%2FHouseCheck%2Fhousecheck-clipforge-ad%2Fclipforge%2Fnode_modules%2Fnext%2Fdist%22%5D%0A%60%60%60&labels=Turbopack,Turbopack%20Panic%20Backtrace
-----

⨯ Error [TurbopackInternalError]: Failed to write page endpoint /_app

Caused by:
- Unable to watch /home/ale/Desktop/HouseCheck/housecheck-clipforge-ad/clipforge/node_modules/next/dist
- OS file watch limit reached. about ["/home/ale/Desktop/HouseCheck/housecheck-clipforge-ad/clipforge/node_modules/next/dist"]

Debug info:
- Execution of get_written_endpoint_with_issues_operation failed
- Execution of endpoint_write_to_disk failed
- Execution of <PageEndpoint as Endpoint>::output failed
- Failed to write page endpoint /_app
- Execution of *all_asset_paths failed
- Execution of *PageEndpointOutput::output_assets failed
- Execution of PageEndpoint::output failed
- Execution of *ChunkGroupResult::all_assets failed
- Execution of PageEndpoint::client_chunk_group failed
- Execution of PageEndpoint::client_evaluatable_assets failed
- Execution of PageEndpoint::client_module failed
- Execution of *create_page_loader_entry_module failed
- Execution of PagesProject::client_module_context failed
- Execution of *ModuleAssetContext::new failed
- Execution of get_client_module_options_context failed
- Execution of *get_jsx_transform_options failed
- Execution of get_client_resolve_options_context failed
- Execution of get_transpiled_packages failed
- Execution of <DiskFileSystem as FileSystem>::read failed
- Unable to watch /home/ale/Desktop/HouseCheck/housecheck-clipforge-ad/clipforge/node_modules/next/dist
- OS file watch limit reached. about ["/home/ale/Desktop/HouseCheck/housecheck-clipforge-ad/clipforge/node_modules/next/dist"]
    at <unknown> (TurbopackInternalError: Failed to write page endpoint /_app) {
  location: undefined
}
Error [TurbopackInternalError]: Failed to write app endpoint /api/project/route

Caused by:
- Unable to watch /home/ale/Desktop/HouseCheck/housecheck-clipforge-ad/clipforge/node_modules/next/dist
- OS file watch limit reached. about ["/home/ale/Desktop/HouseCheck/housecheck-clipforge-ad/clipforge/node_modules/next/dist"]

Debug info:
- Execution of get_written_endpoint_with_issues_operation failed
- Execution of endpoint_write_to_disk failed
- Execution of <AppEndpoint as Endpoint>::output failed
- Failed to write app endpoint /api/project/route
- Execution of *all_asset_paths failed
- Execution of *AppEndpointOutput::output_assets failed
- Execution of AppEndpoint::output failed
- Execution of AppEndpoint::app_route_entry failed
- Execution of *get_app_route_entry failed
- Execution of AppProject::route_module_context failed
- Execution of AppProject::ecmascript_client_reference_transition failed
- Execution of *NextEcmascriptClientReferenceTransition::new failed
- Execution of AppProject::client_transition failed
- Execution of *FullContextTransition::new failed
- Execution of AppProject::client_module_context failed
- Execution of *ModuleAssetContext::new failed
- Execution of get_client_module_options_context failed
- Execution of *get_jsx_transform_options failed
- Execution of get_client_resolve_options_context failed
- Execution of get_transpiled_packages failed
- Execution of <DiskFileSystem as FileSystem>::read failed
- Unable to watch /home/ale/Desktop/HouseCheck/housecheck-clipforge-ad/clipforge/node_modules/next/dist
- OS file watch limit reached. about ["/home/ale/Desktop/HouseCheck/housecheck-clipforge-ad/clipforge/node_modules/next/dist"]
    at <unknown> (TurbopackInternalError: Failed to write app endpoint /api/project/route) {
  location: undefined
}
⨯ Error [TurbopackInternalError]: Failed to write page endpoint /_app

Caused by:
- Unable to watch /home/ale/Desktop/HouseCheck/housecheck-clipforge-ad/clipforge/node_modules/next/dist
- OS file watch limit reached. about ["/home/ale/Desktop/HouseCheck/housecheck-clipforge-ad/clipforge/node_modules/next/dist"]

Debug info:
- Execution of get_written_endpoint_with_issues_operation failed
- Execution of endpoint_write_to_disk failed
- Execution of <PageEndpoint as Endpoint>::output failed
- Failed to write page endpoint /_app
- Execution of *all_asset_paths failed
- Execution of *PageEndpointOutput::output_assets failed
- Execution of PageEndpoint::output failed
- Execution of *ChunkGroupResult::all_assets failed
- Execution of PageEndpoint::client_chunk_group failed
- Execution of PageEndpoint::client_evaluatable_assets failed
- Execution of PageEndpoint::client_module failed
- Execution of *create_page_loader_entry_module failed
- Execution of PagesProject::client_module_context failed
- Execution of *ModuleAssetContext::new failed
- Execution of get_client_module_options_context failed
- Execution of *get_jsx_transform_options failed
- Execution of get_client_resolve_options_context failed
- Execution of get_transpiled_packages failed
- Execution of <DiskFileSystem as FileSystem>::read failed
- Unable to watch /home/ale/Desktop/HouseCheck/housecheck-clipforge-ad/clipforge/node_modules/next/dist
- OS file watch limit reached. about ["/home/ale/Desktop/HouseCheck/housecheck-clipforge-ad/clipforge/node_modules/next/dist"]
    at <unknown> (TurbopackInternalError: Failed to write page endpoint /_app) {
  location: undefined
}
Error [TurbopackInternalError]: Failed to write page endpoint /_app

Caused by:
- Unable to watch /home/ale/Desktop/HouseCheck/housecheck-clipforge-ad/clipforge/node_modules/next/dist
- OS file watch limit reached. about ["/home/ale/Desktop/HouseCheck/housecheck-clipforge-ad/clipforge/node_modules/next/dist"]

Debug info:
- Execution of get_written_endpoint_with_issues_operation failed
- Execution of endpoint_write_to_disk failed
- Execution of <PageEndpoint as Endpoint>::output failed
- Failed to write page endpoint /_app
- Execution of *all_asset_paths failed
- Execution of *PageEndpointOutput::output_assets failed
- Execution of PageEndpoint::output failed
- Execution of *ChunkGroupResult::all_assets failed
- Execution of PageEndpoint::client_chunk_group failed
- Execution of PageEndpoint::client_evaluatable_assets failed
- Execution of PageEndpoint::client_module failed
- Execution of *create_page_loader_entry_module failed
- Execution of PagesProject::client_module_context failed
- Execution of *ModuleAssetContext::new failed
- Execution of get_client_module_options_context failed
- Execution of *get_jsx_transform_options failed
- Execution of get_client_resolve_options_context failed
- Execution of get_transpiled_packages failed
- Execution of <DiskFileSystem as FileSystem>::read failed
- Unable to watch /home/ale/Desktop/HouseCheck/housecheck-clipforge-ad/clipforge/node_modules/next/dist
- OS file watch limit reached. about ["/home/ale/Desktop/HouseCheck/housecheck-clipforge-ad/clipforge/node_modules/next/dist"]
    at <unknown> (TurbopackInternalError: Failed to write page endpoint /_app) {
  location: undefined
}

-----
[1m[31mFATAL[39m[0m: An unexpected Turbopack error occurred. A panic log has been written to /tmp/next-panic-e06653766a15e572b57a76bb1b5015de.log.

To help make Turbopack better, report this error by clicking here: https://bugs.nextjs.org/search?category=turbopack-error-report&title=Turbopack%20Error%3A%20Failed%20to%20write%20app%20endpoint%20%2Fapi%2Fproject%2Froute&body=Turbopack%20version%3A%20%60600cd2fe%60%0ANext.js%20version%3A%20%600.0.0%60%0A%0AError%20message%3A%0A%60%60%60%0AFailed%20to%20write%20app%20endpoint%20%2Fapi%2Fproject%2Froute%0A%0ACaused%20by%3A%0A-%20Unable%20to%20watch%20%2Fhome%2Fale%2FDesktop%2FHouseCheck%2Fhousecheck-clipforge-ad%2Fclipforge%2Fnode_modules%2Fnext%2Fdist%0A-%20OS%20file%20watch%20limit%20reached.%20about%20%5B%22%2Fhome%2Fale%2FDesktop%2FHouseCheck%2Fhousecheck-clipforge-ad%2Fclipforge%2Fnode_modules%2Fnext%2Fdist%22%5D%0A%0ADebug%20info%3A%0A-%20Execution%20of%20get_written_endpoint_with_issues_operation%20failed%0A-%20Execution%20of%20endpoint_write_to_disk%20failed%0A-%20Execution%20of%20%3CAppEndpoint%20as%20Endpoint%3E%3A%3Aoutput%20failed%0A-%20Failed%20to%20write%20app%20endpoint%20%2Fapi%2Fproject%2Froute%0A-%20Execution%20of%20%2Aall_asset_paths%20failed%0A-%20Execution%20of%20%2AAppEndpointOutput%3A%3Aoutput_assets%20failed%0A-%20Execution%20of%20AppEndpoint%3A%3Aoutput%20failed%0A-%20Execution%20of%20AppEndpoint%3A%3Aapp_route_entry%20failed%0A-%20Execution%20of%20%2Aget_app_route_entry%20failed%0A-%20Execution%20of%20AppProject%3A%3Aroute_module_context%20failed%0A-%20Execution%20of%20AppProject%3A%3Aecmascript_client_reference_transition%20failed%0A-%20Execution%20of%20%2ANextEcmascriptClientReferenceTransition%3A%3Anew%20failed%0A-%20Execution%20of%20AppProject%3A%3Aclient_transition%20failed%0A-%20Execution%20of%20%2AFullContextTransition%3A%3Anew%20failed%0A-%20Execution%20of%20AppProject%3A%3Aclient_module_context%20failed%0A-%20Execution%20of%20%2AModuleAssetContext%3A%3Anew%20failed%0A-%20Execution%20of%20get_client_module_options_context%20failed%0A-%20Execution%20of%20%2Aget_jsx_transform_options%20failed%0A-%20Execution%20of%20get_client_resolve_options_context%20failed%0A-%20Execution%20of%20get_transpiled_packages%20failed%0A-%20Execution%20of%20%3CDiskFileSystem%20as%20FileSystem%3E%3A%3Aread%20failed%0A-%20Unable%20to%20watch%20%2Fhome%2Fale%2FDesktop%2FHouseCheck%2Fhousecheck-clipforge-ad%2Fclipforge%2Fnode_modules%2Fnext%2Fdist%0A-%20OS%20file%20watch%20limit%20reached.%20about%20%5B%22%2Fhome%2Fale%2FDesktop%2FHouseCheck%2Fhousecheck-clipforge-ad%2Fclipforge%2Fnode_modules%2Fnext%2Fdist%22%5D%0A%60%60%60&labels=Turbopack,Turbopack%20Panic%20Backtrace
-----

⨯ Error [TurbopackInternalError]: Failed to write page endpoint /_app

Caused by:
- Unable to watch /home/ale/Desktop/HouseCheck/housecheck-clipforge-ad/clipforge/node_modules/next/dist
- OS file watch limit reached. about ["/home/ale/Desktop/HouseCheck/housecheck-clipforge-ad/clipforge/node_modules/next/dist"]

Debug info:
- Execution of get_written_endpoint_with_issues_operation failed
- Execution of endpoint_write_to_disk failed
- Execution of <PageEndpoint as Endpoint>::output failed
- Failed to write page endpoint /_app
- Execution of *all_asset_paths failed
- Execution of *PageEndpointOutput::output_assets failed
- Execution of PageEndpoint::output failed
- Execution of *ChunkGroupResult::all_assets failed
- Execution of PageEndpoint::client_chunk_group failed
- Execution of PageEndpoint::client_evaluatable_assets failed
- Execution of PageEndpoint::client_module failed
- Execution of *create_page_loader_entry_module failed
- Execution of PagesProject::client_module_context failed
- Execution of *ModuleAssetContext::new failed
- Execution of get_client_module_options_context failed
- Execution of *get_jsx_transform_options failed
- Execution of get_client_resolve_options_context failed
- Execution of get_transpiled_packages failed
- Execution of <DiskFileSystem as FileSystem>::read failed
- Unable to watch /home/ale/Desktop/HouseCheck/housecheck-clipforge-ad/clipforge/node_modules/next/dist
- OS file watch limit reached. about ["/home/ale/Desktop/HouseCheck/housecheck-clipforge-ad/clipforge/node_modules/next/dist"]
    at <unknown> (TurbopackInternalError: Failed to write page endpoint /_app) {
  location: undefined
}
Error [TurbopackInternalError]: Failed to write app endpoint /api/project/route

Caused by:
- Unable to watch /home/ale/Desktop/HouseCheck/housecheck-clipforge-ad/clipforge/node_modules/next/dist
- OS file watch limit reached. about ["/home/ale/Desktop/HouseCheck/housecheck-clipforge-ad/clipforge/node_modules/next/dist"]

Debug info:
- Execution of get_written_endpoint_with_issues_operation failed
- Execution of endpoint_write_to_disk failed
- Execution of <AppEndpoint as Endpoint>::output failed
- Failed to write app endpoint /api/project/route
- Execution of *all_asset_paths failed
- Execution of *AppEndpointOutput::output_assets failed
- Execution of AppEndpoint::output failed
- Execution of AppEndpoint::app_route_entry failed
- Execution of *get_app_route_entry failed
- Execution of AppProject::route_module_context failed
- Execution of AppProject::ecmascript_client_reference_transition failed
- Execution of *NextEcmascriptClientReferenceTransition::new failed
- Execution of AppProject::client_transition failed
- Execution of *FullContextTransition::new failed
- Execution of AppProject::client_module_context failed
- Execution of *ModuleAssetContext::new failed
- Execution of get_client_module_options_context failed
- Execution of *get_jsx_transform_options failed
- Execution of get_client_resolve_options_context failed
- Execution of get_transpiled_packages failed
- Execution of <DiskFileSystem as FileSystem>::read failed
- Unable to watch /home/ale/Desktop/HouseCheck/housecheck-clipforge-ad/clipforge/node_modules/next/dist
- OS file watch limit reached. about ["/home/ale/Desktop/HouseCheck/housecheck-clipforge-ad/clipforge/node_modules/next/dist"]
    at <unknown> (TurbopackInternalError: Failed to write app endpoint /api/project/route) {
  location: undefined
}
⨯ Error [TurbopackInternalError]: Failed to write page endpoint /_app

Caused by:
- Unable to watch /home/ale/Desktop/HouseCheck/housecheck-clipforge-ad/clipforge/node_modules/next/dist
- OS file watch limit reached. about ["/home/ale/Desktop/HouseCheck/housecheck-clipforge-ad/clipforge/node_modules/next/dist"]

Debug info:
- Execution of get_written_endpoint_with_issues_operation failed
- Execution of endpoint_write_to_disk failed
- Execution of <PageEndpoint as Endpoint>::output failed
- Failed to write page endpoint /_app
- Execution of *all_asset_paths failed
- Execution of *PageEndpointOutput::output_assets failed
- Execution of PageEndpoint::output failed
- Execution of *ChunkGroupResult::all_assets failed
- Execution of PageEndpoint::client_chunk_group failed
- Execution of PageEndpoint::client_evaluatable_assets failed
- Execution of PageEndpoint::client_module failed
- Execution of *create_page_loader_entry_module failed
- Execution of PagesProject::client_module_context failed
- Execution of *ModuleAssetContext::new failed
- Execution of get_client_module_options_context failed
- Execution of *get_jsx_transform_options failed
- Execution of get_client_resolve_options_context failed
- Execution of get_transpiled_packages failed
- Execution of <DiskFileSystem as FileSystem>::read failed
- Unable to watch /home/ale/Desktop/HouseCheck/housecheck-clipforge-ad/clipforge/node_modules/next/dist
- OS file watch limit reached. about ["/home/ale/Desktop/HouseCheck/housecheck-clipforge-ad/clipforge/node_modules/next/dist"]
    at <unknown> (TurbopackInternalError: Failed to write page endpoint /_app) {
  location: undefined
}
Error [TurbopackInternalError]: Failed to write page endpoint /_app

Caused by:
- Unable to watch /home/ale/Desktop/HouseCheck/housecheck-clipforge-ad/clipforge/node_modules/next/dist
- OS file watch limit reached. about ["/home/ale/Desktop/HouseCheck/housecheck-clipforge-ad/clipforge/node_modules/next/dist"]

Debug info:
- Execution of get_written_endpoint_with_issues_operation failed
- Execution of endpoint_write_to_disk failed
- Execution of <PageEndpoint as Endpoint>::output failed
- Failed to write page endpoint /_app
- Execution of *all_asset_paths failed
- Execution of *PageEndpointOutput::output_assets failed
- Execution of PageEndpoint::output failed
- Execution of *ChunkGroupResult::all_assets failed
- Execution of PageEndpoint::client_chunk_group failed
- Execution of PageEndpoint::client_evaluatable_assets failed
- Execution of PageEndpoint::client_module failed
- Execution of *create_page_loader_entry_module failed
- Execution of PagesProject::client_module_context failed
- Execution of *ModuleAssetContext::new failed
- Execution of get_client_module_options_context failed
- Execution of *get_jsx_transform_options failed
- Execution of get_client_resolve_options_context failed
- Execution of get_transpiled_packages failed
- Execution of <DiskFileSystem as FileSystem>::read failed
- Unable to watch /home/ale/Desktop/HouseCheck/housecheck-clipforge-ad/clipforge/node_modules/next/dist
- OS file watch limit reached. about ["/home/ale/Desktop/HouseCheck/housecheck-clipforge-ad/clipforge/node_modules/next/dist"]
    at <unknown> (TurbopackInternalError: Failed to write page endpoint /_app) {
  location: undefined
}

-----
[1m[31mFATAL[39m[0m: An unexpected Turbopack error occurred. A panic log has been written to /tmp/next-panic-e06653766a15e572b57a76bb1b5015de.log.

To help make Turbopack better, report this error by clicking here: https://bugs.nextjs.org/search?category=turbopack-error-report&title=Turbopack%20Error%3A%20Failed%20to%20write%20app%20endpoint%20%2Fapi%2Fproject%2Froute&body=Turbopack%20version%3A%20%60600cd2fe%60%0ANext.js%20version%3A%20%600.0.0%60%0A%0AError%20message%3A%0A%60%60%60%0AFailed%20to%20write%20app%20endpoint%20%2Fapi%2Fproject%2Froute%0A%0ACaused%20by%3A%0A-%20Unable%20to%20watch%20%2Fhome%2Fale%2FDesktop%2FHouseCheck%2Fhousecheck-clipforge-ad%2Fclipforge%2Fnode_modules%2Fnext%2Fdist%0A-%20OS%20file%20watch%20limit%20reached.%20about%20%5B%22%2Fhome%2Fale%2FDesktop%2FHouseCheck%2Fhousecheck-clipforge-ad%2Fclipforge%2Fnode_modules%2Fnext%2Fdist%22%5D%0A%0ADebug%20info%3A%0A-%20Execution%20of%20get_written_endpoint_with_issues_operation%20failed%0A-%20Execution%20of%20endpoint_write_to_disk%20failed%0A-%20Execution%20of%20%3CAppEndpoint%20as%20Endpoint%3E%3A%3Aoutput%20failed%0A-%20Failed%20to%20write%20app%20endpoint%20%2Fapi%2Fproject%2Froute%0A-%20Execution%20of%20%2Aall_asset_paths%20failed%0A-%20Execution%20of%20%2AAppEndpointOutput%3A%3Aoutput_assets%20failed%0A-%20Execution%20of%20AppEndpoint%3A%3Aoutput%20failed%0A-%20Execution%20of%20AppEndpoint%3A%3Aapp_route_entry%20failed%0A-%20Execution%20of%20%2Aget_app_route_entry%20failed%0A-%20Execution%20of%20AppProject%3A%3Aroute_module_context%20failed%0A-%20Execution%20of%20AppProject%3A%3Aecmascript_client_reference_transition%20failed%0A-%20Execution%20of%20%2ANextEcmascriptClientReferenceTransition%3A%3Anew%20failed%0A-%20Execution%20of%20AppProject%3A%3Aclient_transition%20failed%0A-%20Execution%20of%20%2AFullContextTransition%3A%3Anew%20failed%0A-%20Execution%20of%20AppProject%3A%3Aclient_module_context%20failed%0A-%20Execution%20of%20%2AModuleAssetContext%3A%3Anew%20failed%0A-%20Execution%20of%20get_client_module_options_context%20failed%0A-%20Execution%20of%20%2Aget_jsx_transform_options%20failed%0A-%20Execution%20of%20get_client_resolve_options_context%20failed%0A-%20Execution%20of%20get_transpiled_packages%20failed%0A-%20Execution%20of%20%3CDiskFileSystem%20as%20FileSystem%3E%3A%3Aread%20failed%0A-%20Unable%20to%20watch%20%2Fhome%2Fale%2FDesktop%2FHouseCheck%2Fhousecheck-clipforge-ad%2Fclipforge%2Fnode_modules%2Fnext%2Fdist%0A-%20OS%20file%20watch%20limit%20reached.%20about%20%5B%22%2Fhome%2Fale%2FDesktop%2FHouseCheck%2Fhousecheck-clipforge-ad%2Fclipforge%2Fnode_modules%2Fnext%2Fdist%22%5D%0A%60%60%60&labels=Turbopack,Turbopack%20Panic%20Backtrace
-----

⨯ Error [TurbopackInternalError]: Failed to write page endpoint /_app

Caused by:
- Unable to watch /home/ale/Desktop/HouseCheck/housecheck-clipforge-ad/clipforge/node_modules/next/dist
- OS file watch limit reached. about ["/home/ale/Desktop/HouseCheck/housecheck-clipforge-ad/clipforge/node_modules/next/dist"]

Debug info:
- Execution of get_written_endpoint_with_issues_operation failed
- Execution of endpoint_write_to_disk failed
- Execution of <PageEndpoint as Endpoint>::output failed
- Failed to write page endpoint /_app
- Execution of *all_asset_paths failed
- Execution of *PageEndpointOutput::output_assets failed
- Execution of PageEndpoint::output failed
- Execution of *ChunkGroupResult::all_assets failed
- Execution of PageEndpoint::client_chunk_group failed
- Execution of PageEndpoint::client_evaluatable_assets failed
- Execution of PageEndpoint::client_module failed
- Execution of *create_page_loader_entry_module failed
- Execution of PagesProject::client_module_context failed
- Execution of *ModuleAssetContext::new failed
- Execution of get_client_module_options_context failed
- Execution of *get_jsx_transform_options failed
- Execution of get_client_resolve_options_context failed
- Execution of get_transpiled_packages failed
- Execution of <DiskFileSystem as FileSystem>::read failed
- Unable to watch /home/ale/Desktop/HouseCheck/housecheck-clipforge-ad/clipforge/node_modules/next/dist
- OS file watch limit reached. about ["/home/ale/Desktop/HouseCheck/housecheck-clipforge-ad/clipforge/node_modules/next/dist"]
    at <unknown> (TurbopackInternalError: Failed to write page endpoint /_app) {
  location: undefined
}
Error [TurbopackInternalError]: Failed to write app endpoint /api/project/route

Caused by:
- Unable to watch /home/ale/Desktop/HouseCheck/housecheck-clipforge-ad/clipforge/node_modules/next/dist
- OS file watch limit reached. about ["/home/ale/Desktop/HouseCheck/housecheck-clipforge-ad/clipforge/node_modules/next/dist"]

Debug info:
- Execution of get_written_endpoint_with_issues_operation failed
- Execution of endpoint_write_to_disk failed
- Execution of <AppEndpoint as Endpoint>::output failed
- Failed to write app endpoint /api/project/route
- Execution of *all_asset_paths failed
- Execution of *AppEndpointOutput::output_assets failed
- Execution of AppEndpoint::output failed
- Execution of AppEndpoint::app_route_entry failed
- Execution of *get_app_route_entry failed
- Execution of AppProject::route_module_context failed
- Execution of AppProject::ecmascript_client_reference_transition failed
- Execution of *NextEcmascriptClientReferenceTransition::new failed
- Execution of AppProject::client_transition failed
- Execution of *FullContextTransition::new failed
- Execution of AppProject::client_module_context failed
- Execution of *ModuleAssetContext::new failed
- Execution of get_client_module_options_context failed
- Execution of *get_jsx_transform_options failed
- Execution of get_client_resolve_options_context failed
- Execution of get_transpiled_packages failed
- Execution of <DiskFileSystem as FileSystem>::read failed
- Unable to watch /home/ale/Desktop/HouseCheck/housecheck-clipforge-ad/clipforge/node_modules/next/dist
- OS file watch limit reached. about ["/home/ale/Desktop/HouseCheck/housecheck-clipforge-ad/clipforge/node_modules/next/dist"]
    at <unknown> (TurbopackInternalError: Failed to write app endpoint /api/project/route) {
  location: undefined
}
⨯ Error [TurbopackInternalError]: Failed to write page endpoint /_app

Caused by:
- Unable to watch /home/ale/Desktop/HouseCheck/housecheck-clipforge-ad/clipforge/node_modules/next/dist
- OS file watch limit reached. about ["/home/ale/Desktop/HouseCheck/housecheck-clipforge-ad/clipforge/node_modules/next/dist"]

Debug info:
- Execution of get_written_endpoint_with_issues_operation failed
- Execution of endpoint_write_to_disk failed
- Execution of <PageEndpoint as Endpoint>::output failed
- Failed to write page endpoint /_app
- Execution of *all_asset_paths failed
- Execution of *PageEndpointOutput::output_assets failed
- Execution of PageEndpoint::output failed
- Execution of *ChunkGroupResult::all_assets failed
- Execution of PageEndpoint::client_chunk_group failed
- Execution of PageEndpoint::client_evaluatable_assets failed
- Execution of PageEndpoint::client_module failed
- Execution of *create_page_loader_entry_module failed
- Execution of PagesProject::client_module_context failed
- Execution of *ModuleAssetContext::new failed
- Execution of get_client_module_options_context failed
- Execution of *get_jsx_transform_options failed
- Execution of get_client_resolve_options_context failed
- Execution of get_transpiled_packages failed
- Execution of <DiskFileSystem as FileSystem>::read failed
- Unable to watch /home/ale/Desktop/HouseCheck/housecheck-clipforge-ad/clipforge/node_modules/next/dist
- OS file watch limit reached. about ["/home/ale/Desktop/HouseCheck/housecheck-clipforge-ad/clipforge/node_modules/next/dist"]
    at <unknown> (TurbopackInternalError: Failed to write page endpoint /_app) {
  location: undefined
}
Error [TurbopackInternalError]: Failed to write page endpoint /_app

Caused by:
- Unable to watch /home/ale/Desktop/HouseCheck/housecheck-clipforge-ad/clipforge/node_modules/next/dist
- OS file watch limit reached. about ["/home/ale/Desktop/HouseCheck/housecheck-clipforge-ad/clipforge/node_modules/next/dist"]

Debug info:
- Execution of get_written_endpoint_with_issues_operation failed
- Execution of endpoint_write_to_disk failed
- Execution of <PageEndpoint as Endpoint>::output failed
- Failed to write page endpoint /_app
- Execution of *all_asset_paths failed
- Execution of *PageEndpointOutput::output_assets failed
- Execution of PageEndpoint::output failed
- Execution of *ChunkGroupResult::all_assets failed
- Execution of PageEndpoint::client_chunk_group failed
- Execution of PageEndpoint::client_evaluatable_assets failed
- Execution of PageEndpoint::client_module failed
- Execution of *create_page_loader_entry_module failed
- Execution of PagesProject::client_module_context failed
- Execution of *ModuleAssetContext::new failed
- Execution of get_client_module_options_context failed
- Execution of *get_jsx_transform_options failed
- Execution of get_client_resolve_options_context failed
- Execution of get_transpiled_packages failed
- Execution of <DiskFileSystem as FileSystem>::read failed
- Unable to watch /home/ale/Desktop/HouseCheck/housecheck-clipforge-ad/clipforge/node_modules/next/dist
- OS file watch limit reached. about ["/home/ale/Desktop/HouseCheck/housecheck-clipforge-ad/clipforge/node_modules/next/dist"]
    at <unknown> (TurbopackInternalError: Failed to write page endpoint /_app) {
  location: undefined
}

-----
[1m[31mFATAL[39m[0m: An unexpected Turbopack error occurred. A panic log has been written to /tmp/next-panic-e06653766a15e572b57a76bb1b5015de.log.

To help make Turbopack better, report this error by clicking here: https://bugs.nextjs.org/search?category=turbopack-error-report&title=Turbopack%20Error%3A%20Failed%20to%20write%20app%20endpoint%20%2Fapi%2Fproject%2Froute&body=Turbopack%20version%3A%20%60600cd2fe%60%0ANext.js%20version%3A%20%600.0.0%60%0A%0AError%20message%3A%0A%60%60%60%0AFailed%20to%20write%20app%20endpoint%20%2Fapi%2Fproject%2Froute%0A%0ACaused%20by%3A%0A-%20Unable%20to%20watch%20%2Fhome%2Fale%2FDesktop%2FHouseCheck%2Fhousecheck-clipforge-ad%2Fclipforge%2Fnode_modules%2Fnext%2Fdist%0A-%20OS%20file%20watch%20limit%20reached.%20about%20%5B%22%2Fhome%2Fale%2FDesktop%2FHouseCheck%2Fhousecheck-clipforge-ad%2Fclipforge%2Fnode_modules%2Fnext%2Fdist%22%5D%0A%0ADebug%20info%3A%0A-%20Execution%20of%20get_written_endpoint_with_issues_operation%20failed%0A-%20Execution%20of%20endpoint_write_to_disk%20failed%0A-%20Execution%20of%20%3CAppEndpoint%20as%20Endpoint%3E%3A%3Aoutput%20failed%0A-%20Failed%20to%20write%20app%20endpoint%20%2Fapi%2Fproject%2Froute%0A-%20Execution%20of%20%2Aall_asset_paths%20failed%0A-%20Execution%20of%20%2AAppEndpointOutput%3A%3Aoutput_assets%20failed%0A-%20Execution%20of%20AppEndpoint%3A%3Aoutput%20failed%0A-%20Execution%20of%20AppEndpoint%3A%3Aapp_route_entry%20failed%0A-%20Execution%20of%20%2Aget_app_route_entry%20failed%0A-%20Execution%20of%20AppProject%3A%3Aroute_module_context%20failed%0A-%20Execution%20of%20AppProject%3A%3Aecmascript_client_reference_transition%20failed%0A-%20Execution%20of%20%2ANextEcmascriptClientReferenceTransition%3A%3Anew%20failed%0A-%20Execution%20of%20AppProject%3A%3Aclient_transition%20failed%0A-%20Execution%20of%20%2AFullContextTransition%3A%3Anew%20failed%0A-%20Execution%20of%20AppProject%3A%3Aclient_module_context%20failed%0A-%20Execution%20of%20%2AModuleAssetContext%3A%3Anew%20failed%0A-%20Execution%20of%20get_client_module_options_context%20failed%0A-%20Execution%20of%20%2Aget_jsx_transform_options%20failed%0A-%20Execution%20of%20get_client_resolve_options_context%20failed%0A-%20Execution%20of%20get_transpiled_packages%20failed%0A-%20Execution%20of%20%3CDiskFileSystem%20as%20FileSystem%3E%3A%3Aread%20failed%0A-%20Unable%20to%20watch%20%2Fhome%2Fale%2FDesktop%2FHouseCheck%2Fhousecheck-clipforge-ad%2Fclipforge%2Fnode_modules%2Fnext%2Fdist%0A-%20OS%20file%20watch%20limit%20reached.%20about%20%5B%22%2Fhome%2Fale%2FDesktop%2FHouseCheck%2Fhousecheck-clipforge-ad%2Fclipforge%2Fnode_modules%2Fnext%2Fdist%22%5D%0A%60%60%60&labels=Turbopack,Turbopack%20Panic%20Backtrace
-----

⨯ Error [TurbopackInternalError]: Failed to write page endpoint /_app

Caused by:
- Unable to watch /home/ale/Desktop/HouseCheck/housecheck-clipforge-ad/clipforge/node_modules/next/dist
- OS file watch limit reached. about ["/home/ale/Desktop/HouseCheck/housecheck-clipforge-ad/clipforge/node_modules/next/dist"]

Debug info:
- Execution of get_written_endpoint_with_issues_operation failed
- Execution of endpoint_write_to_disk failed
- Execution of <PageEndpoint as Endpoint>::output failed
- Failed to write page endpoint /_app
- Execution of *all_asset_paths failed
- Execution of *PageEndpointOutput::output_assets failed
- Execution of PageEndpoint::output failed
- Execution of *ChunkGroupResult::all_assets failed
- Execution of PageEndpoint::client_chunk_group failed
- Execution of PageEndpoint::client_evaluatable_assets failed
- Execution of PageEndpoint::client_module failed
- Execution of *create_page_loader_entry_module failed
- Execution of PagesProject::client_module_context failed
- Execution of *ModuleAssetContext::new failed
- Execution of get_client_module_options_context failed
- Execution of *get_jsx_transform_options failed
- Execution of get_client_resolve_options_context failed
- Execution of get_transpiled_packages failed
- Execution of <DiskFileSystem as FileSystem>::read failed
- Unable to watch /home/ale/Desktop/HouseCheck/housecheck-clipforge-ad/clipforge/node_modules/next/dist
- OS file watch limit reached. about ["/home/ale/Desktop/HouseCheck/housecheck-clipforge-ad/clipforge/node_modules/next/dist"]
    at <unknown> (TurbopackInternalError: Failed to write page endpoint /_app) {
  location: undefined
}
Error [TurbopackInternalError]: Failed to write app endpoint /api/project/route

Caused by:
- Unable to watch /home/ale/Desktop/HouseCheck/housecheck-clipforge-ad/clipforge/node_modules/next/dist
- OS file watch limit reached. about ["/home/ale/Desktop/HouseCheck/housecheck-clipforge-ad/clipforge/node_modules/next/dist"]

Debug info:
- Execution of get_written_endpoint_with_issues_operation failed
- Execution of endpoint_write_to_disk failed
- Execution of <AppEndpoint as Endpoint>::output failed
- Failed to write app endpoint /api/project/route
- Execution of *all_asset_paths failed
- Execution of *AppEndpointOutput::output_assets failed
- Execution of AppEndpoint::output failed
- Execution of AppEndpoint::app_route_entry failed
- Execution of *get_app_route_entry failed
- Execution of AppProject::route_module_context failed
- Execution of AppProject::ecmascript_client_reference_transition failed
- Execution of *NextEcmascriptClientReferenceTransition::new failed
- Execution of AppProject::client_transition failed
- Execution of *FullContextTransition::new failed
- Execution of AppProject::client_module_context failed
- Execution of *ModuleAssetContext::new failed
- Execution of get_client_module_options_context failed
- Execution of *get_jsx_transform_options failed
- Execution of get_client_resolve_options_context failed
- Execution of get_transpiled_packages failed
- Execution of <DiskFileSystem as FileSystem>::read failed
- Unable to watch /home/ale/Desktop/HouseCheck/housecheck-clipforge-ad/clipforge/node_modules/next/dist
- OS file watch limit reached. about ["/home/ale/Desktop/HouseCheck/housecheck-clipforge-ad/clipforge/node_modules/next/dist"]
    at <unknown> (TurbopackInternalError: Failed to write app endpoint /api/project/route) {
  location: undefined
}
⨯ Error [TurbopackInternalError]: Failed to write page endpoint /_app

Caused by:
- Unable to watch /home/ale/Desktop/HouseCheck/housecheck-clipforge-ad/clipforge/node_modules/next/dist
- OS file watch limit reached. about ["/home/ale/Desktop/HouseCheck/housecheck-clipforge-ad/clipforge/node_modules/next/dist"]

Debug info:
- Execution of get_written_endpoint_with_issues_operation failed
- Execution of endpoint_write_to_disk failed
- Execution of <PageEndpoint as Endpoint>::output failed
- Failed to write page endpoint /_app
- Execution of *all_asset_paths failed
- Execution of *PageEndpointOutput::output_assets failed
- Execution of PageEndpoint::output failed
- Execution of *ChunkGroupResult::all_assets failed
- Execution of PageEndpoint::client_chunk_group failed
- Execution of PageEndpoint::client_evaluatable_assets failed
- Execution of PageEndpoint::client_module failed
- Execution of *create_page_loader_entry_module failed
- Execution of PagesProject::client_module_context failed
- Execution of *ModuleAssetContext::new failed
- Execution of get_client_module_options_context failed
- Execution of *get_jsx_transform_options failed
- Execution of get_client_resolve_options_context failed
- Execution of get_transpiled_packages failed
- Execution of <DiskFileSystem as FileSystem>::read failed
- Unable to watch /home/ale/Desktop/HouseCheck/housecheck-clipforge-ad/clipforge/node_modules/next/dist
- OS file watch limit reached. about ["/home/ale/Desktop/HouseCheck/housecheck-clipforge-ad/clipforge/node_modules/next/dist"]
    at <unknown> (TurbopackInternalError: Failed to write page endpoint /_app) {
  location: undefined
}
Error [TurbopackInternalError]: Failed to write page endpoint /_app

Caused by:
- Unable to watch /home/ale/Desktop/HouseCheck/housecheck-clipforge-ad/clipforge/node_modules/next/dist
- OS file watch limit reached. about ["/home/ale/Desktop/HouseCheck/housecheck-clipforge-ad/clipforge/node_modules/next/dist"]

Debug info:
- Execution of get_written_endpoint_with_issues_operation failed
- Execution of endpoint_write_to_disk failed
- Execution of <PageEndpoint as Endpoint>::output failed
- Failed to write page endpoint /_app
- Execution of *all_asset_paths failed
- Execution of *PageEndpointOutput::output_assets failed
- Execution of PageEndpoint::output failed
- Execution of *ChunkGroupResult::all_assets failed
- Execution of PageEndpoint::client_chunk_group failed
- Execution of PageEndpoint::client_evaluatable_assets failed
- Execution of PageEndpoint::client_module failed
- Execution of *create_page_loader_entry_module failed
- Execution of PagesProject::client_module_context failed
- Execution of *ModuleAssetContext::new failed
- Execution of get_client_module_options_context failed
- Execution of *get_jsx_transform_options failed
- Execution of get_client_resolve_options_context failed
- Execution of get_transpiled_packages failed
- Execution of <DiskFileSystem as FileSystem>::read failed
- Unable to watch /home/ale/Desktop/HouseCheck/housecheck-clipforge-ad/clipforge/node_modules/next/dist
- OS file watch limit reached. about ["/home/ale/Desktop/HouseCheck/housecheck-clipforge-ad/clipforge/node_modules/next/dist"]
    at <unknown> (TurbopackInternalError: Failed to write page endpoint /_app) {
  location: undefined
}

-----
[1m[31mFATAL[39m[0m: An unexpected Turbopack error occurred. A panic log has been written to /tmp/next-panic-e06653766a15e572b57a76bb1b5015de.log.

To help make Turbopack better, report this error by clicking here: https://bugs.nextjs.org/search?category=turbopack-error-report&title=Turbopack%20Error%3A%20Failed%20to%20write%20app%20endpoint%20%2Fapi%2Fproject%2Froute&body=Turbopack%20version%3A%20%60600cd2fe%60%0ANext.js%20version%3A%20%600.0.0%60%0A%0AError%20message%3A%0A%60%60%60%0AFailed%20to%20write%20app%20endpoint%20%2Fapi%2Fproject%2Froute%0A%0ACaused%20by%3A%0A-%20Unable%20to%20watch%20%2Fhome%2Fale%2FDesktop%2FHouseCheck%2Fhousecheck-clipforge-ad%2Fclipforge%2Fnode_modules%2Fnext%2Fdist%0A-%20OS%20file%20watch%20limit%20reached.%20about%20%5B%22%2Fhome%2Fale%2FDesktop%2FHouseCheck%2Fhousecheck-clipforge-ad%2Fclipforge%2Fnode_modules%2Fnext%2Fdist%22%5D%0A%0ADebug%20info%3A%0A-%20Execution%20of%20get_written_endpoint_with_issues_operation%20failed%0A-%20Execution%20of%20endpoint_write_to_disk%20failed%0A-%20Execution%20of%20%3CAppEndpoint%20as%20Endpoint%3E%3A%3Aoutput%20failed%0A-%20Failed%20to%20write%20app%20endpoint%20%2Fapi%2Fproject%2Froute%0A-%20Execution%20of%20%2Aall_asset_paths%20failed%0A-%20Execution%20of%20%2AAppEndpointOutput%3A%3Aoutput_assets%20failed%0A-%20Execution%20of%20AppEndpoint%3A%3Aoutput%20failed%0A-%20Execution%20of%20AppEndpoint%3A%3Aapp_route_entry%20failed%0A-%20Execution%20of%20%2Aget_app_route_entry%20failed%0A-%20Execution%20of%20AppProject%3A%3Aroute_module_context%20failed%0A-%20Execution%20of%20AppProject%3A%3Aecmascript_client_reference_transition%20failed%0A-%20Execution%20of%20%2ANextEcmascriptClientReferenceTransition%3A%3Anew%20failed%0A-%20Execution%20of%20AppProject%3A%3Aclient_transition%20failed%0A-%20Execution%20of%20%2AFullContextTransition%3A%3Anew%20failed%0A-%20Execution%20of%20AppProject%3A%3Aclient_module_context%20failed%0A-%20Execution%20of%20%2AModuleAssetContext%3A%3Anew%20failed%0A-%20Execution%20of%20get_client_module_options_context%20failed%0A-%20Execution%20of%20%2Aget_jsx_transform_options%20failed%0A-%20Execution%20of%20get_client_resolve_options_context%20failed%0A-%20Execution%20of%20get_transpiled_packages%20failed%0A-%20Execution%20of%20%3CDiskFileSystem%20as%20FileSystem%3E%3A%3Aread%20failed%0A-%20Unable%20to%20watch%20%2Fhome%2Fale%2FDesktop%2FHouseCheck%2Fhousecheck-clipforge-ad%2Fclipforge%2Fnode_modules%2Fnext%2Fdist%0A-%20OS%20file%20watch%20limit%20reached.%20about%20%5B%22%2Fhome%2Fale%2FDesktop%2FHouseCheck%2Fhousecheck-clipforge-ad%2Fclipforge%2Fnode_modules%2Fnext%2Fdist%22%5D%0A%60%60%60&labels=Turbopack,Turbopack%20Panic%20Backtrace
-----

⨯ Error [TurbopackInternalError]: Failed to write page endpoint /_app

Caused by:
- Unable to watch /home/ale/Desktop/HouseCheck/housecheck-clipforge-ad/clipforge/node_modules/next/dist
- OS file watch limit reached. about ["/home/ale/Desktop/HouseCheck/housecheck-clipforge-ad/clipforge/node_modules/next/dist"]

Debug info:
- Execution of get_written_endpoint_with_issues_operation failed
- Execution of endpoint_write_to_disk failed
- Execution of <PageEndpoint as Endpoint>::output failed
- Failed to write page endpoint /_app
- Execution of *all_asset_paths failed
- Execution of *PageEndpointOutput::output_assets failed
- Execution of PageEndpoint::output failed
- Execution of *ChunkGroupResult::all_assets failed
- Execution of PageEndpoint::client_chunk_group failed
- Execution of PageEndpoint::client_evaluatable_assets failed
- Execution of PageEndpoint::client_module failed
- Execution of *create_page_loader_entry_module failed
- Execution of PagesProject::client_module_context failed
- Execution of *ModuleAssetContext::new failed
- Execution of get_client_module_options_context failed
- Execution of *get_jsx_transform_options failed
- Execution of get_client_resolve_options_context failed
- Execution of get_transpiled_packages failed
- Execution of <DiskFileSystem as FileSystem>::read failed
- Unable to watch /home/ale/Desktop/HouseCheck/housecheck-clipforge-ad/clipforge/node_modules/next/dist
- OS file watch limit reached. about ["/home/ale/Desktop/HouseCheck/housecheck-clipforge-ad/clipforge/node_modules/next/dist"]
    at <unknown> (TurbopackInternalError: Failed to write page endpoint /_app) {
  location: undefined
}
Error [TurbopackInternalError]: Failed to write app endpoint /api/project/route

Caused by:
- Unable to watch /home/ale/Desktop/HouseCheck/housecheck-clipforge-ad/clipforge/node_modules/next/dist
- OS file watch limit reached. about ["/home/ale/Desktop/HouseCheck/housecheck-clipforge-ad/clipforge/node_modules/next/dist"]

Debug info:
- Execution of get_written_endpoint_with_issues_operation failed
- Execution of endpoint_write_to_disk failed
- Execution of <AppEndpoint as Endpoint>::output failed
- Failed to write app endpoint /api/project/route
- Execution of *all_asset_paths failed
- Execution of *AppEndpointOutput::output_assets failed
- Execution of AppEndpoint::output failed
- Execution of AppEndpoint::app_route_entry failed
- Execution of *get_app_route_entry failed
- Execution of AppProject::route_module_context failed
- Execution of AppProject::ecmascript_client_reference_transition failed
- Execution of *NextEcmascriptClientReferenceTransition::new failed
- Execution of AppProject::client_transition failed
- Execution of *FullContextTransition::new failed
- Execution of AppProject::client_module_context failed
- Execution of *ModuleAssetContext::new failed
- Execution of get_client_module_options_context failed
- Execution of *get_jsx_transform_options failed
- Execution of get_client_resolve_options_context failed
- Execution of get_transpiled_packages failed
- Execution of <DiskFileSystem as FileSystem>::read failed
- Unable to watch /home/ale/Desktop/HouseCheck/housecheck-clipforge-ad/clipforge/node_modules/next/dist
- OS file watch limit reached. about ["/home/ale/Desktop/HouseCheck/housecheck-clipforge-ad/clipforge/node_modules/next/dist"]
    at <unknown> (TurbopackInternalError: Failed to write app endpoint /api/project/route) {
  location: undefined
}
⨯ Error [TurbopackInternalError]: Failed to write page endpoint /_app

Caused by:
- Unable to watch /home/ale/Desktop/HouseCheck/housecheck-clipforge-ad/clipforge/node_modules/next/dist
- OS file watch limit reached. about ["/home/ale/Desktop/HouseCheck/housecheck-clipforge-ad/clipforge/node_modules/next/dist"]

Debug info:
- Execution of get_written_endpoint_with_issues_operation failed
- Execution of endpoint_write_to_disk failed
- Execution of <PageEndpoint as Endpoint>::output failed
- Failed to write page endpoint /_app
- Execution of *all_asset_paths failed
- Execution of *PageEndpointOutput::output_assets failed
- Execution of PageEndpoint::output failed
- Execution of *ChunkGroupResult::all_assets failed
- Execution of PageEndpoint::client_chunk_group failed
- Execution of PageEndpoint::client_evaluatable_assets failed
- Execution of PageEndpoint::client_module failed
- Execution of *create_page_loader_entry_module failed
- Execution of PagesProject::client_module_context failed
- Execution of *ModuleAssetContext::new failed
- Execution of get_client_module_options_context failed
- Execution of *get_jsx_transform_options failed
- Execution of get_client_resolve_options_context failed
- Execution of get_transpiled_packages failed
- Execution of <DiskFileSystem as FileSystem>::read failed
- Unable to watch /home/ale/Desktop/HouseCheck/housecheck-clipforge-ad/clipforge/node_modules/next/dist
- OS file watch limit reached. about ["/home/ale/Desktop/HouseCheck/housecheck-clipforge-ad/clipforge/node_modules/next/dist"]
    at <unknown> (TurbopackInternalError: Failed to write page endpoint /_app) {
  location: undefined
}
Error [TurbopackInternalError]: Failed to write page endpoint /_app

Caused by:
- Unable to watch /home/ale/Desktop/HouseCheck/housecheck-clipforge-ad/clipforge/node_modules/next/dist
- OS file watch limit reached. about ["/home/ale/Desktop/HouseCheck/housecheck-clipforge-ad/clipforge/node_modules/next/dist"]

Debug info:
- Execution of get_written_endpoint_with_issues_operation failed
- Execution of endpoint_write_to_disk failed
- Execution of <PageEndpoint as Endpoint>::output failed
- Failed to write page endpoint /_app
- Execution of *all_asset_paths failed
- Execution of *PageEndpointOutput::output_assets failed
- Execution of PageEndpoint::output failed
- Execution of *ChunkGroupResult::all_assets failed
- Execution of PageEndpoint::client_chunk_group failed
- Execution of PageEndpoint::client_evaluatable_assets failed
- Execution of PageEndpoint::client_module failed
- Execution of *create_page_loader_entry_module failed
- Execution of PagesProject::client_module_context failed
- Execution of *ModuleAssetContext::new failed
- Execution of get_client_module_options_context failed
- Execution of *get_jsx_transform_options failed
- Execution of get_client_resolve_options_context failed
- Execution of get_transpiled_packages failed
- Execution of <DiskFileSystem as FileSystem>::read failed
- Unable to watch /home/ale/Desktop/HouseCheck/housecheck-clipforge-ad/clipforge/node_modules/next/dist
- OS file watch limit reached. about ["/home/ale/Desktop/HouseCheck/housecheck-clipforge-ad/clipforge/node_modules/next/dist"]
    at <unknown> (TurbopackInternalError: Failed to write page endpoint /_app) {
  location: undefined
}

-----
[1m[31mFATAL[39m[0m: An unexpected Turbopack error occurred. A panic log has been written to /tmp/next-panic-e06653766a15e572b57a76bb1b5015de.log.

To help make Turbopack better, report this error by clicking here: https://bugs.nextjs.org/search?category=turbopack-error-report&title=Turbopack%20Error%3A%20Failed%20to%20write%20app%20endpoint%20%2Fapi%2Fproject%2Froute&body=Turbopack%20version%3A%20%60600cd2fe%60%0ANext.js%20version%3A%20%600.0.0%60%0A%0AError%20message%3A%0A%60%60%60%0AFailed%20to%20write%20app%20endpoint%20%2Fapi%2Fproject%2Froute%0A%0ACaused%20by%3A%0A-%20Unable%20to%20watch%20%2Fhome%2Fale%2FDesktop%2FHouseCheck%2Fhousecheck-clipforge-ad%2Fclipforge%2Fnode_modules%2Fnext%2Fdist%0A-%20OS%20file%20watch%20limit%20reached.%20about%20%5B%22%2Fhome%2Fale%2FDesktop%2FHouseCheck%2Fhousecheck-clipforge-ad%2Fclipforge%2Fnode_modules%2Fnext%2Fdist%22%5D%0A%0ADebug%20info%3A%0A-%20Execution%20of%20get_written_endpoint_with_issues_operation%20failed%0A-%20Execution%20of%20endpoint_write_to_disk%20failed%0A-%20Execution%20of%20%3CAppEndpoint%20as%20Endpoint%3E%3A%3Aoutput%20failed%0A-%20Failed%20to%20write%20app%20endpoint%20%2Fapi%2Fproject%2Froute%0A-%20Execution%20of%20%2Aall_asset_paths%20failed%0A-%20Execution%20of%20%2AAppEndpointOutput%3A%3Aoutput_assets%20failed%0A-%20Execution%20of%20AppEndpoint%3A%3Aoutput%20failed%0A-%20Execution%20of%20AppEndpoint%3A%3Aapp_route_entry%20failed%0A-%20Execution%20of%20%2Aget_app_route_entry%20failed%0A-%20Execution%20of%20AppProject%3A%3Aroute_module_context%20failed%0A-%20Execution%20of%20AppProject%3A%3Aecmascript_client_reference_transition%20failed%0A-%20Execution%20of%20%2ANextEcmascriptClientReferenceTransition%3A%3Anew%20failed%0A-%20Execution%20of%20AppProject%3A%3Aclient_transition%20failed%0A-%20Execution%20of%20%2AFullContextTransition%3A%3Anew%20failed%0A-%20Execution%20of%20AppProject%3A%3Aclient_module_context%20failed%0A-%20Execution%20of%20%2AModuleAssetContext%3A%3Anew%20failed%0A-%20Execution%20of%20get_client_module_options_context%20failed%0A-%20Execution%20of%20%2Aget_jsx_transform_options%20failed%0A-%20Execution%20of%20get_client_resolve_options_context%20failed%0A-%20Execution%20of%20get_transpiled_packages%20failed%0A-%20Execution%20of%20%3CDiskFileSystem%20as%20FileSystem%3E%3A%3Aread%20failed%0A-%20Unable%20to%20watch%20%2Fhome%2Fale%2FDesktop%2FHouseCheck%2Fhousecheck-clipforge-ad%2Fclipforge%2Fnode_modules%2Fnext%2Fdist%0A-%20OS%20file%20watch%20limit%20reached.%20about%20%5B%22%2Fhome%2Fale%2FDesktop%2FHouseCheck%2Fhousecheck-clipforge-ad%2Fclipforge%2Fnode_modules%2Fnext%2Fdist%22%5D%0A%60%60%60&labels=Turbopack,Turbopack%20Panic%20Backtrace
-----

⨯ Error [TurbopackInternalError]: Failed to write page endpoint /_app

Caused by:
- Unable to watch /home/ale/Desktop/HouseCheck/housecheck-clipforge-ad/clipforge/node_modules/next/dist
- OS file watch limit reached. about ["/home/ale/Desktop/HouseCheck/housecheck-clipforge-ad/clipforge/node_modules/next/dist"]

Debug info:
- Execution of get_written_endpoint_with_issues_operation failed
- Execution of endpoint_write_to_disk failed
- Execution of <PageEndpoint as Endpoint>::output failed
- Failed to write page endpoint /_app
- Execution of *all_asset_paths failed
- Execution of *PageEndpointOutput::output_assets failed
- Execution of PageEndpoint::output failed
- Execution of *ChunkGroupResult::all_assets failed
- Execution of PageEndpoint::client_chunk_group failed
- Execution of PageEndpoint::client_evaluatable_assets failed
- Execution of PageEndpoint::client_module failed
- Execution of *create_page_loader_entry_module failed
- Execution of PagesProject::client_module_context failed
- Execution of *ModuleAssetContext::new failed
- Execution of get_client_module_options_context failed
- Execution of *get_jsx_transform_options failed
- Execution of get_client_resolve_options_context failed
- Execution of get_transpiled_packages failed
- Execution of <DiskFileSystem as FileSystem>::read failed
- Unable to watch /home/ale/Desktop/HouseCheck/housecheck-clipforge-ad/clipforge/node_modules/next/dist
- OS file watch limit reached. about ["/home/ale/Desktop/HouseCheck/housecheck-clipforge-ad/clipforge/node_modules/next/dist"]
    at <unknown> (TurbopackInternalError: Failed to write page endpoint /_app) {
  location: undefined
}
Error [TurbopackInternalError]: Failed to write app endpoint /api/project/route

Caused by:
- Unable to watch /home/ale/Desktop/HouseCheck/housecheck-clipforge-ad/clipforge/node_modules/next/dist
- OS file watch limit reached. about ["/home/ale/Desktop/HouseCheck/housecheck-clipforge-ad/clipforge/node_modules/next/dist"]

Debug info:
- Execution of get_written_endpoint_with_issues_operation failed
- Execution of endpoint_write_to_disk failed
- Execution of <AppEndpoint as Endpoint>::output failed
- Failed to write app endpoint /api/project/route
- Execution of *all_asset_paths failed
- Execution of *AppEndpointOutput::output_assets failed
- Execution of AppEndpoint::output failed
- Execution of AppEndpoint::app_route_entry failed
- Execution of *get_app_route_entry failed
- Execution of AppProject::route_module_context failed
- Execution of AppProject::ecmascript_client_reference_transition failed
- Execution of *NextEcmascriptClientReferenceTransition::new failed
- Execution of AppProject::client_transition failed
- Execution of *FullContextTransition::new failed
- Execution of AppProject::client_module_context failed
- Execution of *ModuleAssetContext::new failed
- Execution of get_client_module_options_context failed
- Execution of *get_jsx_transform_options failed
- Execution of get_client_resolve_options_context failed
- Execution of get_transpiled_packages failed
- Execution of <DiskFileSystem as FileSystem>::read failed
- Unable to watch /home/ale/Desktop/HouseCheck/housecheck-clipforge-ad/clipforge/node_modules/next/dist
- OS file watch limit reached. about ["/home/ale/Desktop/HouseCheck/housecheck-clipforge-ad/clipforge/node_modules/next/dist"]
    at <unknown> (TurbopackInternalError: Failed to write app endpoint /api/project/route) {
  location: undefined
}
⨯ Error [TurbopackInternalError]: Failed to write page endpoint /_app

Caused by:
- Unable to watch /home/ale/Desktop/HouseCheck/housecheck-clipforge-ad/clipforge/node_modules/next/dist
- OS file watch limit reached. about ["/home/ale/Desktop/HouseCheck/housecheck-clipforge-ad/clipforge/node_modules/next/dist"]

Debug info:
- Execution of get_written_endpoint_with_issues_operation failed
- Execution of endpoint_write_to_disk failed
- Execution of <PageEndpoint as Endpoint>::output failed
- Failed to write page endpoint /_app
- Execution of *all_asset_paths failed
- Execution of *PageEndpointOutput::output_assets failed
- Execution of PageEndpoint::output failed
- Execution of *ChunkGroupResult::all_assets failed
- Execution of PageEndpoint::client_chunk_group failed
- Execution of PageEndpoint::client_evaluatable_assets failed
- Execution of PageEndpoint::client_module failed
- Execution of *create_page_loader_entry_module failed
- Execution of PagesProject::client_module_context failed
- Execution of *ModuleAssetContext::new failed
- Execution of get_client_module_options_context failed
- Execution of *get_jsx_transform_options failed
- Execution of get_client_resolve_options_context failed
- Execution of get_transpiled_packages failed
- Execution of <DiskFileSystem as FileSystem>::read failed
- Unable to watch /home/ale/Desktop/HouseCheck/housecheck-clipforge-ad/clipforge/node_modules/next/dist
- OS file watch limit reached. about ["/home/ale/Desktop/HouseCheck/housecheck-clipforge-ad/clipforge/node_modules/next/dist"]
    at <unknown> (TurbopackInternalError: Failed to write page endpoint /_app) {
  location: undefined
}
Error [TurbopackInternalError]: Failed to write page endpoint /_app

Caused by:
- Unable to watch /home/ale/Desktop/HouseCheck/housecheck-clipforge-ad/clipforge/node_modules/next/dist
- OS file watch limit reached. about ["/home/ale/Desktop/HouseCheck/housecheck-clipforge-ad/clipforge/node_modules/next/dist"]

Debug info:
- Execution of get_written_endpoint_with_issues_operation failed
- Execution of endpoint_write_to_disk failed
- Execution of <PageEndpoint as Endpoint>::output failed
- Failed to write page endpoint /_app
- Execution of *all_asset_paths failed
- Execution of *PageEndpointOutput::output_assets failed
- Execution of PageEndpoint::output failed
- Execution of *ChunkGroupResult::all_assets failed
- Execution of PageEndpoint::client_chunk_group failed
- Execution of PageEndpoint::client_evaluatable_assets failed
- Execution of PageEndpoint::client_module failed
- Execution of *create_page_loader_entry_module failed
- Execution of PagesProject::client_module_context failed
- Execution of *ModuleAssetContext::new failed
- Execution of get_client_module_options_context failed
- Execution of *get_jsx_transform_options failed
- Execution of get_client_resolve_options_context failed
- Execution of get_transpiled_packages failed
- Execution of <DiskFileSystem as FileSystem>::read failed
- Unable to watch /home/ale/Desktop/HouseCheck/housecheck-clipforge-ad/clipforge/node_modules/next/dist
- OS file watch limit reached. about ["/home/ale/Desktop/HouseCheck/housecheck-clipforge-ad/clipforge/node_modules/next/dist"]
    at <unknown> (TurbopackInternalError: Failed to write page endpoint /_app) {
  location: undefined
}

-----
[1m[31mFATAL[39m[0m: An unexpected Turbopack error occurred. A panic log has been written to /tmp/next-panic-e06653766a15e572b57a76bb1b5015de.log.

To help make Turbopack better, report this error by clicking here: https://bugs.nextjs.org/search?category=turbopack-error-report&title=Turbopack%20Error%3A%20Failed%20to%20write%20app%20endpoint%20%2Fapi%2Fproject%2Froute&body=Turbopack%20version%3A%20%60600cd2fe%60%0ANext.js%20version%3A%20%600.0.0%60%0A%0AError%20message%3A%0A%60%60%60%0AFailed%20to%20write%20app%20endpoint%20%2Fapi%2Fproject%2Froute%0A%0ACaused%20by%3A%0A-%20Unable%20to%20watch%20%2Fhome%2Fale%2FDesktop%2FHouseCheck%2Fhousecheck-clipforge-ad%2Fclipforge%2Fnode_modules%2Fnext%2Fdist%0A-%20OS%20file%20watch%20limit%20reached.%20about%20%5B%22%2Fhome%2Fale%2FDesktop%2FHouseCheck%2Fhousecheck-clipforge-ad%2Fclipforge%2Fnode_modules%2Fnext%2Fdist%22%5D%0A%0ADebug%20info%3A%0A-%20Execution%20of%20get_written_endpoint_with_issues_operation%20failed%0A-%20Execution%20of%20endpoint_write_to_disk%20failed%0A-%20Execution%20of%20%3CAppEndpoint%20as%20Endpoint%3E%3A%3Aoutput%20failed%0A-%20Failed%20to%20write%20app%20endpoint%20%2Fapi%2Fproject%2Froute%0A-%20Execution%20of%20%2Aall_asset_paths%20failed%0A-%20Execution%20of%20%2AAppEndpointOutput%3A%3Aoutput_assets%20failed%0A-%20Execution%20of%20AppEndpoint%3A%3Aoutput%20failed%0A-%20Execution%20of%20AppEndpoint%3A%3Aapp_route_entry%20failed%0A-%20Execution%20of%20%2Aget_app_route_entry%20failed%0A-%20Execution%20of%20AppProject%3A%3Aroute_module_context%20failed%0A-%20Execution%20of%20AppProject%3A%3Aecmascript_client_reference_transition%20failed%0A-%20Execution%20of%20%2ANextEcmascriptClientReferenceTransition%3A%3Anew%20failed%0A-%20Execution%20of%20AppProject%3A%3Aclient_transition%20failed%0A-%20Execution%20of%20%2AFullContextTransition%3A%3Anew%20failed%0A-%20Execution%20of%20AppProject%3A%3Aclient_module_context%20failed%0A-%20Execution%20of%20%2AModuleAssetContext%3A%3Anew%20failed%0A-%20Execution%20of%20get_client_module_options_context%20failed%0A-%20Execution%20of%20%2Aget_jsx_transform_options%20failed%0A-%20Execution%20of%20get_client_resolve_options_context%20failed%0A-%20Execution%20of%20get_transpiled_packages%20failed%0A-%20Execution%20of%20%3CDiskFileSystem%20as%20FileSystem%3E%3A%3Aread%20failed%0A-%20Unable%20to%20watch%20%2Fhome%2Fale%2FDesktop%2FHouseCheck%2Fhousecheck-clipforge-ad%2Fclipforge%2Fnode_modules%2Fnext%2Fdist%0A-%20OS%20file%20watch%20limit%20reached.%20about%20%5B%22%2Fhome%2Fale%2FDesktop%2FHouseCheck%2Fhousecheck-clipforge-ad%2Fclipforge%2Fnode_modules%2Fnext%2Fdist%22%5D%0A%60%60%60&labels=Turbopack,Turbopack%20Panic%20Backtrace
-----

⨯ Error [TurbopackInternalError]: Failed to write page endpoint /_app

Caused by:
- Unable to watch /home/ale/Desktop/HouseCheck/housecheck-clipforge-ad/clipforge/node_modules/next/dist
- OS file watch limit reached. about ["/home/ale/Desktop/HouseCheck/housecheck-clipforge-ad/clipforge/node_modules/next/dist"]

Debug info:
- Execution of get_written_endpoint_with_issues_operation failed
- Execution of endpoint_write_to_disk failed
- Execution of <PageEndpoint as Endpoint>::output failed
- Failed to write page endpoint /_app
- Execution of *all_asset_paths failed
- Execution of *PageEndpointOutput::output_assets failed
- Execution of PageEndpoint::output failed
- Execution of *ChunkGroupResult::all_assets failed
- Execution of PageEndpoint::client_chunk_group failed
- Execution of PageEndpoint::client_evaluatable_assets failed
- Execution of PageEndpoint::client_module failed
- Execution of *create_page_loader_entry_module failed
- Execution of PagesProject::client_module_context failed
- Execution of *ModuleAssetContext::new failed
- Execution of get_client_module_options_context failed
- Execution of *get_jsx_transform_options failed
- Execution of get_client_resolve_options_context failed
- Execution of get_transpiled_packages failed
- Execution of <DiskFileSystem as FileSystem>::read failed
- Unable to watch /home/ale/Desktop/HouseCheck/housecheck-clipforge-ad/clipforge/node_modules/next/dist
- OS file watch limit reached. about ["/home/ale/Desktop/HouseCheck/housecheck-clipforge-ad/clipforge/node_modules/next/dist"]
    at <unknown> (TurbopackInternalError: Failed to write page endpoint /_app) {
  location: undefined
}
Error [TurbopackInternalError]: Failed to write app endpoint /api/project/route

Caused by:
- Unable to watch /home/ale/Desktop/HouseCheck/housecheck-clipforge-ad/clipforge/node_modules/next/dist
- OS file watch limit reached. about ["/home/ale/Desktop/HouseCheck/housecheck-clipforge-ad/clipforge/node_modules/next/dist"]

Debug info:
- Execution of get_written_endpoint_with_issues_operation failed
- Execution of endpoint_write_to_disk failed
- Execution of <AppEndpoint as Endpoint>::output failed
- Failed to write app endpoint /api/project/route
- Execution of *all_asset_paths failed
- Execution of *AppEndpointOutput::output_assets failed
- Execution of AppEndpoint::output failed
- Execution of AppEndpoint::app_route_entry failed
- Execution of *get_app_route_entry failed
- Execution of AppProject::route_module_context failed
- Execution of AppProject::ecmascript_client_reference_transition failed
- Execution of *NextEcmascriptClientReferenceTransition::new failed
- Execution of AppProject::client_transition failed
- Execution of *FullContextTransition::new failed
- Execution of AppProject::client_module_context failed
- Execution of *ModuleAssetContext::new failed
- Execution of get_client_module_options_context failed
- Execution of *get_jsx_transform_options failed
- Execution of get_client_resolve_options_context failed
- Execution of get_transpiled_packages failed
- Execution of <DiskFileSystem as FileSystem>::read failed
- Unable to watch /home/ale/Desktop/HouseCheck/housecheck-clipforge-ad/clipforge/node_modules/next/dist
- OS file watch limit reached. about ["/home/ale/Desktop/HouseCheck/housecheck-clipforge-ad/clipforge/node_modules/next/dist"]
    at <unknown> (TurbopackInternalError: Failed to write app endpoint /api/project/route) {
  location: undefined
}
⨯ Error [TurbopackInternalError]: Failed to write page endpoint /_app

Caused by:
- Unable to watch /home/ale/Desktop/HouseCheck/housecheck-clipforge-ad/clipforge/node_modules/next/dist
- OS file watch limit reached. about ["/home/ale/Desktop/HouseCheck/housecheck-clipforge-ad/clipforge/node_modules/next/dist"]

Debug info:
- Execution of get_written_endpoint_with_issues_operation failed
- Execution of endpoint_write_to_disk failed
- Execution of <PageEndpoint as Endpoint>::output failed
- Failed to write page endpoint /_app
- Execution of *all_asset_paths failed
- Execution of *PageEndpointOutput::output_assets failed
- Execution of PageEndpoint::output failed
- Execution of *ChunkGroupResult::all_assets failed
- Execution of PageEndpoint::client_chunk_group failed
- Execution of PageEndpoint::client_evaluatable_assets failed
- Execution of PageEndpoint::client_module failed
- Execution of *create_page_loader_entry_module failed
- Execution of PagesProject::client_module_context failed
- Execution of *ModuleAssetContext::new failed
- Execution of get_client_module_options_context failed
- Execution of *get_jsx_transform_options failed
- Execution of get_client_resolve_options_context failed
- Execution of get_transpiled_packages failed
- Execution of <DiskFileSystem as FileSystem>::read failed
- Unable to watch /home/ale/Desktop/HouseCheck/housecheck-clipforge-ad/clipforge/node_modules/next/dist
- OS file watch limit reached. about ["/home/ale/Desktop/HouseCheck/housecheck-clipforge-ad/clipforge/node_modules/next/dist"]
    at <unknown> (TurbopackInternalError: Failed to write page endpoint /_app) {
  location: undefined
}
Error [TurbopackInternalError]: Failed to write page endpoint /_app

Caused by:
- Unable to watch /home/ale/Desktop/HouseCheck/housecheck-clipforge-ad/clipforge/node_modules/next/dist
- OS file watch limit reached. about ["/home/ale/Desktop/HouseCheck/housecheck-clipforge-ad/clipforge/node_modules/next/dist"]

Debug info:
- Execution of get_written_endpoint_with_issues_operation failed
- Execution of endpoint_write_to_disk failed
- Execution of <PageEndpoint as Endpoint>::output failed
- Failed to write page endpoint /_app
- Execution of *all_asset_paths failed
- Execution of *PageEndpointOutput::output_assets failed
- Execution of PageEndpoint::output failed
- Execution of *ChunkGroupResult::all_assets failed
- Execution of PageEndpoint::client_chunk_group failed
- Execution of PageEndpoint::client_evaluatable_assets failed
- Execution of PageEndpoint::client_module failed
- Execution of *create_page_loader_entry_module failed
- Execution of PagesProject::client_module_context failed
- Execution of *ModuleAssetContext::new failed
- Execution of get_client_module_options_context failed
- Execution of *get_jsx_transform_options failed
- Execution of get_client_resolve_options_context failed
- Execution of get_transpiled_packages failed
- Execution of <DiskFileSystem as FileSystem>::read failed
- Unable to watch /home/ale/Desktop/HouseCheck/housecheck-clipforge-ad/clipforge/node_modules/next/dist
- OS file watch limit reached. about ["/home/ale/Desktop/HouseCheck/housecheck-clipforge-ad/clipforge/node_modules/next/dist"]
    at <unknown> (TurbopackInternalError: Failed to write page endpoint /_app) {
  location: undefined
}

-----
[1m[31mFATAL[39m[0m: An unexpected Turbopack error occurred. A panic log has been written to /tmp/next-panic-e06653766a15e572b57a76bb1b5015de.log.

To help make Turbopack better, report this error by clicking here: https://bugs.nextjs.org/search?category=turbopack-error-report&title=Turbopack%20Error%3A%20Failed%20to%20write%20app%20endpoint%20%2Fapi%2Fproject%2Froute&body=Turbopack%20version%3A%20%60600cd2fe%60%0ANext.js%20version%3A%20%600.0.0%60%0A%0AError%20message%3A%0A%60%60%60%0AFailed%20to%20write%20app%20endpoint%20%2Fapi%2Fproject%2Froute%0A%0ACaused%20by%3A%0A-%20Unable%20to%20watch%20%2Fhome%2Fale%2FDesktop%2FHouseCheck%2Fhousecheck-clipforge-ad%2Fclipforge%2Fnode_modules%2Fnext%2Fdist%0A-%20OS%20file%20watch%20limit%20reached.%20about%20%5B%22%2Fhome%2Fale%2FDesktop%2FHouseCheck%2Fhousecheck-clipforge-ad%2Fclipforge%2Fnode_modules%2Fnext%2Fdist%22%5D%0A%0ADebug%20info%3A%0A-%20Execution%20of%20get_written_endpoint_with_issues_operation%20failed%0A-%20Execution%20of%20endpoint_write_to_disk%20failed%0A-%20Execution%20of%20%3CAppEndpoint%20as%20Endpoint%3E%3A%3Aoutput%20failed%0A-%20Failed%20to%20write%20app%20endpoint%20%2Fapi%2Fproject%2Froute%0A-%20Execution%20of%20%2Aall_asset_paths%20failed%0A-%20Execution%20of%20%2AAppEndpointOutput%3A%3Aoutput_assets%20failed%0A-%20Execution%20of%20AppEndpoint%3A%3Aoutput%20failed%0A-%20Execution%20of%20AppEndpoint%3A%3Aapp_route_entry%20failed%0A-%20Execution%20of%20%2Aget_app_route_entry%20failed%0A-%20Execution%20of%20AppProject%3A%3Aroute_module_context%20failed%0A-%20Execution%20of%20AppProject%3A%3Aecmascript_client_reference_transition%20failed%0A-%20Execution%20of%20%2ANextEcmascriptClientReferenceTransition%3A%3Anew%20failed%0A-%20Execution%20of%20AppProject%3A%3Aclient_transition%20failed%0A-%20Execution%20of%20%2AFullContextTransition%3A%3Anew%20failed%0A-%20Execution%20of%20AppProject%3A%3Aclient_module_context%20failed%0A-%20Execution%20of%20%2AModuleAssetContext%3A%3Anew%20failed%0A-%20Execution%20of%20get_client_module_options_context%20failed%0A-%20Execution%20of%20%2Aget_jsx_transform_options%20failed%0A-%20Execution%20of%20get_client_resolve_options_context%20failed%0A-%20Execution%20of%20get_transpiled_packages%20failed%0A-%20Execution%20of%20%3CDiskFileSystem%20as%20FileSystem%3E%3A%3Aread%20failed%0A-%20Unable%20to%20watch%20%2Fhome%2Fale%2FDesktop%2FHouseCheck%2Fhousecheck-clipforge-ad%2Fclipforge%2Fnode_modules%2Fnext%2Fdist%0A-%20OS%20file%20watch%20limit%20reached.%20about%20%5B%22%2Fhome%2Fale%2FDesktop%2FHouseCheck%2Fhousecheck-clipforge-ad%2Fclipforge%2Fnode_modules%2Fnext%2Fdist%22%5D%0A%60%60%60&labels=Turbopack,Turbopack%20Panic%20Backtrace
-----

⨯ Error [TurbopackInternalError]: Failed to write page endpoint /_app

Caused by:
- Unable to watch /home/ale/Desktop/HouseCheck/housecheck-clipforge-ad/clipforge/node_modules/next/dist
- OS file watch limit reached. about ["/home/ale/Desktop/HouseCheck/housecheck-clipforge-ad/clipforge/node_modules/next/dist"]

Debug info:
- Execution of get_written_endpoint_with_issues_operation failed
- Execution of endpoint_write_to_disk failed
- Execution of <PageEndpoint as Endpoint>::output failed
- Failed to write page endpoint /_app
- Execution of *all_asset_paths failed
- Execution of *PageEndpointOutput::output_assets failed
- Execution of PageEndpoint::output failed
- Execution of *ChunkGroupResult::all_assets failed
- Execution of PageEndpoint::client_chunk_group failed
- Execution of PageEndpoint::client_evaluatable_assets failed
- Execution of PageEndpoint::client_module failed
- Execution of *create_page_loader_entry_module failed
- Execution of PagesProject::client_module_context failed
- Execution of *ModuleAssetContext::new failed
- Execution of get_client_module_options_context failed
- Execution of *get_jsx_transform_options failed
- Execution of get_client_resolve_options_context failed
- Execution of get_transpiled_packages failed
- Execution of <DiskFileSystem as FileSystem>::read failed
- Unable to watch /home/ale/Desktop/HouseCheck/housecheck-clipforge-ad/clipforge/node_modules/next/dist
- OS file watch limit reached. about ["/home/ale/Desktop/HouseCheck/housecheck-clipforge-ad/clipforge/node_modules/next/dist"]
    at <unknown> (TurbopackInternalError: Failed to write page endpoint /_app) {
  location: undefined
}
Error [TurbopackInternalError]: Failed to write app endpoint /api/project/route

Caused by:
- Unable to watch /home/ale/Desktop/HouseCheck/housecheck-clipforge-ad/clipforge/node_modules/next/dist
- OS file watch limit reached. about ["/home/ale/Desktop/HouseCheck/housecheck-clipforge-ad/clipforge/node_modules/next/dist"]

Debug info:
- Execution of get_written_endpoint_with_issues_operation failed
- Execution of endpoint_write_to_disk failed
- Execution of <AppEndpoint as Endpoint>::output failed
- Failed to write app endpoint /api/project/route
- Execution of *all_asset_paths failed
- Execution of *AppEndpointOutput::output_assets failed
- Execution of AppEndpoint::output failed
- Execution of AppEndpoint::app_route_entry failed
- Execution of *get_app_route_entry failed
- Execution of AppProject::route_module_context failed
- Execution of AppProject::ecmascript_client_reference_transition failed
- Execution of *NextEcmascriptClientReferenceTransition::new failed
- Execution of AppProject::client_transition failed
- Execution of *FullContextTransition::new failed
- Execution of AppProject::client_module_context failed
- Execution of *ModuleAssetContext::new failed
- Execution of get_client_module_options_context failed
- Execution of *get_jsx_transform_options failed
- Execution of get_client_resolve_options_context failed
- Execution of get_transpiled_packages failed
- Execution of <DiskFileSystem as FileSystem>::read failed
- Unable to watch /home/ale/Desktop/HouseCheck/housecheck-clipforge-ad/clipforge/node_modules/next/dist
- OS file watch limit reached. about ["/home/ale/Desktop/HouseCheck/housecheck-clipforge-ad/clipforge/node_modules/next/dist"]
    at <unknown> (TurbopackInternalError: Failed to write app endpoint /api/project/route) {
  location: undefined
}
⨯ Error [TurbopackInternalError]: Failed to write page endpoint /_app

Caused by:
- Unable to watch /home/ale/Desktop/HouseCheck/housecheck-clipforge-ad/clipforge/node_modules/next/dist
- OS file watch limit reached. about ["/home/ale/Desktop/HouseCheck/housecheck-clipforge-ad/clipforge/node_modules/next/dist"]

Debug info:
- Execution of get_written_endpoint_with_issues_operation failed
- Execution of endpoint_write_to_disk failed
- Execution of <PageEndpoint as Endpoint>::output failed
- Failed to write page endpoint /_app
- Execution of *all_asset_paths failed
- Execution of *PageEndpointOutput::output_assets failed
- Execution of PageEndpoint::output failed
- Execution of *ChunkGroupResult::all_assets failed
- Execution of PageEndpoint::client_chunk_group failed
- Execution of PageEndpoint::client_evaluatable_assets failed
- Execution of PageEndpoint::client_module failed
- Execution of *create_page_loader_entry_module failed
- Execution of PagesProject::client_module_context failed
- Execution of *ModuleAssetContext::new failed
- Execution of get_client_module_options_context failed
- Execution of *get_jsx_transform_options failed
- Execution of get_client_resolve_options_context failed
- Execution of get_transpiled_packages failed
- Execution of <DiskFileSystem as FileSystem>::read failed
- Unable to watch /home/ale/Desktop/HouseCheck/housecheck-clipforge-ad/clipforge/node_modules/next/dist
- OS file watch limit reached. about ["/home/ale/Desktop/HouseCheck/housecheck-clipforge-ad/clipforge/node_modules/next/dist"]
    at <unknown> (TurbopackInternalError: Failed to write page endpoint /_app) {
  location: undefined
}
Error [TurbopackInternalError]: Failed to write page endpoint /_app

Caused by:
- Unable to watch /home/ale/Desktop/HouseCheck/housecheck-clipforge-ad/clipforge/node_modules/next/dist
- OS file watch limit reached. about ["/home/ale/Desktop/HouseCheck/housecheck-clipforge-ad/clipforge/node_modules/next/dist"]

Debug info:
- Execution of get_written_endpoint_with_issues_operation failed
- Execution of endpoint_write_to_disk failed
- Execution of <PageEndpoint as Endpoint>::output failed
- Failed to write page endpoint /_app
- Execution of *all_asset_paths failed
- Execution of *PageEndpointOutput::output_assets failed
- Execution of PageEndpoint::output failed
- Execution of *ChunkGroupResult::all_assets failed
- Execution of PageEndpoint::client_chunk_group failed
- Execution of PageEndpoint::client_evaluatable_assets failed
- Execution of PageEndpoint::client_module failed
- Execution of *create_page_loader_entry_module failed
- Execution of PagesProject::client_module_context failed
- Execution of *ModuleAssetContext::new failed
- Execution of get_client_module_options_context failed
- Execution of *get_jsx_transform_options failed
- Execution of get_client_resolve_options_context failed
- Execution of get_transpiled_packages failed
- Execution of <DiskFileSystem as FileSystem>::read failed
- Unable to watch /home/ale/Desktop/HouseCheck/housecheck-clipforge-ad/clipforge/node_modules/next/dist
- OS file watch limit reached. about ["/home/ale/Desktop/HouseCheck/housecheck-clipforge-ad/clipforge/node_modules/next/dist"]
    at <unknown> (TurbopackInternalError: Failed to write page endpoint /_app) {
  location: undefined
}

-----
[1m[31mFATAL[39m[0m: An unexpected Turbopack error occurred. A panic log has been written to /tmp/next-panic-e06653766a15e572b57a76bb1b5015de.log.

To help make Turbopack better, report this error by clicking here: https://bugs.nextjs.org/search?category=turbopack-error-report&title=Turbopack%20Error%3A%20Failed%20to%20write%20app%20endpoint%20%2Fapi%2Fproject%2Froute&body=Turbopack%20version%3A%20%60600cd2fe%60%0ANext.js%20version%3A%20%600.0.0%60%0A%0AError%20message%3A%0A%60%60%60%0AFailed%20to%20write%20app%20endpoint%20%2Fapi%2Fproject%2Froute%0A%0ACaused%20by%3A%0A-%20Unable%20to%20watch%20%2Fhome%2Fale%2FDesktop%2FHouseCheck%2Fhousecheck-clipforge-ad%2Fclipforge%2Fnode_modules%2Fnext%2Fdist%0A-%20OS%20file%20watch%20limit%20reached.%20about%20%5B%22%2Fhome%2Fale%2FDesktop%2FHouseCheck%2Fhousecheck-clipforge-ad%2Fclipforge%2Fnode_modules%2Fnext%2Fdist%22%5D%0A%0ADebug%20info%3A%0A-%20Execution%20of%20get_written_endpoint_with_issues_operation%20failed%0A-%20Execution%20of%20endpoint_write_to_disk%20failed%0A-%20Execution%20of%20%3CAppEndpoint%20as%20Endpoint%3E%3A%3Aoutput%20failed%0A-%20Failed%20to%20write%20app%20endpoint%20%2Fapi%2Fproject%2Froute%0A-%20Execution%20of%20%2Aall_asset_paths%20failed%0A-%20Execution%20of%20%2AAppEndpointOutput%3A%3Aoutput_assets%20failed%0A-%20Execution%20of%20AppEndpoint%3A%3Aoutput%20failed%0A-%20Execution%20of%20AppEndpoint%3A%3Aapp_route_entry%20failed%0A-%20Execution%20of%20%2Aget_app_route_entry%20failed%0A-%20Execution%20of%20AppProject%3A%3Aroute_module_context%20failed%0A-%20Execution%20of%20AppProject%3A%3Aecmascript_client_reference_transition%20failed%0A-%20Execution%20of%20%2ANextEcmascriptClientReferenceTransition%3A%3Anew%20failed%0A-%20Execution%20of%20AppProject%3A%3Aclient_transition%20failed%0A-%20Execution%20of%20%2AFullContextTransition%3A%3Anew%20failed%0A-%20Execution%20of%20AppProject%3A%3Aclient_module_context%20failed%0A-%20Execution%20of%20%2AModuleAssetContext%3A%3Anew%20failed%0A-%20Execution%20of%20get_client_module_options_context%20failed%0A-%20Execution%20of%20%2Aget_jsx_transform_options%20failed%0A-%20Execution%20of%20get_client_resolve_options_context%20failed%0A-%20Execution%20of%20get_transpiled_packages%20failed%0A-%20Execution%20of%20%3CDiskFileSystem%20as%20FileSystem%3E%3A%3Aread%20failed%0A-%20Unable%20to%20watch%20%2Fhome%2Fale%2FDesktop%2FHouseCheck%2Fhousecheck-clipforge-ad%2Fclipforge%2Fnode_modules%2Fnext%2Fdist%0A-%20OS%20file%20watch%20limit%20reached.%20about%20%5B%22%2Fhome%2Fale%2FDesktop%2FHouseCheck%2Fhousecheck-clipforge-ad%2Fclipforge%2Fnode_modules%2Fnext%2Fdist%22%5D%0A%60%60%60&labels=Turbopack,Turbopack%20Panic%20Backtrace
-----

⨯ Error [TurbopackInternalError]: Failed to write page endpoint /_app

Caused by:
- Unable to watch /home/ale/Desktop/HouseCheck/housecheck-clipforge-ad/clipforge/node_modules/next/dist
- OS file watch limit reached. about ["/home/ale/Desktop/HouseCheck/housecheck-clipforge-ad/clipforge/node_modules/next/dist"]

Debug info:
- Execution of get_written_endpoint_with_issues_operation failed
- Execution of endpoint_write_to_disk failed
- Execution of <PageEndpoint as Endpoint>::output failed
- Failed to write page endpoint /_app
- Execution of *all_asset_paths failed
- Execution of *PageEndpointOutput::output_assets failed
- Execution of PageEndpoint::output failed
- Execution of *ChunkGroupResult::all_assets failed
- Execution of PageEndpoint::client_chunk_group failed
- Execution of PageEndpoint::client_evaluatable_assets failed
- Execution of PageEndpoint::client_module failed
- Execution of *create_page_loader_entry_module failed
- Execution of PagesProject::client_module_context failed
- Execution of *ModuleAssetContext::new failed
- Execution of get_client_module_options_context failed
- Execution of *get_jsx_transform_options failed
- Execution of get_client_resolve_options_context failed
- Execution of get_transpiled_packages failed
- Execution of <DiskFileSystem as FileSystem>::read failed
- Unable to watch /home/ale/Desktop/HouseCheck/housecheck-clipforge-ad/clipforge/node_modules/next/dist
- OS file watch limit reached. about ["/home/ale/Desktop/HouseCheck/housecheck-clipforge-ad/clipforge/node_modules/next/dist"]
    at <unknown> (TurbopackInternalError: Failed to write page endpoint /_app) {
  location: undefined
}
Error [TurbopackInternalError]: Failed to write app endpoint /api/project/route

Caused by:
- Unable to watch /home/ale/Desktop/HouseCheck/housecheck-clipforge-ad/clipforge/node_modules/next/dist
- OS file watch limit reached. about ["/home/ale/Desktop/HouseCheck/housecheck-clipforge-ad/clipforge/node_modules/next/dist"]

Debug info:
- Execution of get_written_endpoint_with_issues_operation failed
- Execution of endpoint_write_to_disk failed
- Execution of <AppEndpoint as Endpoint>::output failed
- Failed to write app endpoint /api/project/route
- Execution of *all_asset_paths failed
- Execution of *AppEndpointOutput::output_assets failed
- Execution of AppEndpoint::output failed
- Execution of AppEndpoint::app_route_entry failed
- Execution of *get_app_route_entry failed
- Execution of AppProject::route_module_context failed
- Execution of AppProject::ecmascript_client_reference_transition failed
- Execution of *NextEcmascriptClientReferenceTransition::new failed
- Execution of AppProject::client_transition failed
- Execution of *FullContextTransition::new failed
- Execution of AppProject::client_module_context failed
- Execution of *ModuleAssetContext::new failed
- Execution of get_client_module_options_context failed
- Execution of *get_jsx_transform_options failed
- Execution of get_client_resolve_options_context failed
- Execution of get_transpiled_packages failed
- Execution of <DiskFileSystem as FileSystem>::read failed
- Unable to watch /home/ale/Desktop/HouseCheck/housecheck-clipforge-ad/clipforge/node_modules/next/dist
- OS file watch limit reached. about ["/home/ale/Desktop/HouseCheck/housecheck-clipforge-ad/clipforge/node_modules/next/dist"]
    at <unknown> (TurbopackInternalError: Failed to write app endpoint /api/project/route) {
  location: undefined
}
⨯ Error [TurbopackInternalError]: Failed to write page endpoint /_app

Caused by:
- Unable to watch /home/ale/Desktop/HouseCheck/housecheck-clipforge-ad/clipforge/node_modules/next/dist
- OS file watch limit reached. about ["/home/ale/Desktop/HouseCheck/housecheck-clipforge-ad/clipforge/node_modules/next/dist"]

Debug info:
- Execution of get_written_endpoint_with_issues_operation failed
- Execution of endpoint_write_to_disk failed
- Execution of <PageEndpoint as Endpoint>::output failed
- Failed to write page endpoint /_app
- Execution of *all_asset_paths failed
- Execution of *PageEndpointOutput::output_assets failed
- Execution of PageEndpoint::output failed
- Execution of *ChunkGroupResult::all_assets failed
- Execution of PageEndpoint::client_chunk_group failed
- Execution of PageEndpoint::client_evaluatable_assets failed
- Execution of PageEndpoint::client_module failed
- Execution of *create_page_loader_entry_module failed
- Execution of PagesProject::client_module_context failed
- Execution of *ModuleAssetContext::new failed
- Execution of get_client_module_options_context failed
- Execution of *get_jsx_transform_options failed
- Execution of get_client_resolve_options_context failed
- Execution of get_transpiled_packages failed
- Execution of <DiskFileSystem as FileSystem>::read failed
- Unable to watch /home/ale/Desktop/HouseCheck/housecheck-clipforge-ad/clipforge/node_modules/next/dist
- OS file watch limit reached. about ["/home/ale/Desktop/HouseCheck/housecheck-clipforge-ad/clipforge/node_modules/next/dist"]
    at <unknown> (TurbopackInternalError: Failed to write page endpoint /_app) {
  location: undefined
}
Error [TurbopackInternalError]: Failed to write page endpoint /_app

Caused by:
- Unable to watch /home/ale/Desktop/HouseCheck/housecheck-clipforge-ad/clipforge/node_modules/next/dist
- OS file watch limit reached. about ["/home/ale/Desktop/HouseCheck/housecheck-clipforge-ad/clipforge/node_modules/next/dist"]

Debug info:
- Execution of get_written_endpoint_with_issues_operation failed
- Execution of endpoint_write_to_disk failed
- Execution of <PageEndpoint as Endpoint>::output failed
- Failed to write page endpoint /_app
- Execution of *all_asset_paths failed
- Execution of *PageEndpointOutput::output_assets failed
- Execution of PageEndpoint::output failed
- Execution of *ChunkGroupResult::all_assets failed
- Execution of PageEndpoint::client_chunk_group failed
- Execution of PageEndpoint::client_evaluatable_assets failed
- Execution of PageEndpoint::client_module failed
- Execution of *create_page_loader_entry_module failed
- Execution of PagesProject::client_module_context failed
- Execution of *ModuleAssetContext::new failed
- Execution of get_client_module_options_context failed
- Execution of *get_jsx_transform_options failed
- Execution of get_client_resolve_options_context failed
- Execution of get_transpiled_packages failed
- Execution of <DiskFileSystem as FileSystem>::read failed
- Unable to watch /home/ale/Desktop/HouseCheck/housecheck-clipforge-ad/clipforge/node_modules/next/dist
- OS file watch limit reached. about ["/home/ale/Desktop/HouseCheck/housecheck-clipforge-ad/clipforge/node_modules/next/dist"]
    at <unknown> (TurbopackInternalError: Failed to write page endpoint /_app) {
  location: undefined
}

-----
[1m[31mFATAL[39m[0m: An unexpected Turbopack error occurred. A panic log has been written to /tmp/next-panic-e06653766a15e572b57a76bb1b5015de.log.

To help make Turbopack better, report this error by clicking here: https://bugs.nextjs.org/search?category=turbopack-error-report&title=Turbopack%20Error%3A%20Failed%20to%20write%20app%20endpoint%20%2Fapi%2Fproject%2Froute&body=Turbopack%20version%3A%20%60600cd2fe%60%0ANext.js%20version%3A%20%600.0.0%60%0A%0AError%20message%3A%0A%60%60%60%0AFailed%20to%20write%20app%20endpoint%20%2Fapi%2Fproject%2Froute%0A%0ACaused%20by%3A%0A-%20Unable%20to%20watch%20%2Fhome%2Fale%2FDesktop%2FHouseCheck%2Fhousecheck-clipforge-ad%2Fclipforge%2Fnode_modules%2Fnext%2Fdist%0A-%20OS%20file%20watch%20limit%20reached.%20about%20%5B%22%2Fhome%2Fale%2FDesktop%2FHouseCheck%2Fhousecheck-clipforge-ad%2Fclipforge%2Fnode_modules%2Fnext%2Fdist%22%5D%0A%0ADebug%20info%3A%0A-%20Execution%20of%20get_written_endpoint_with_issues_operation%20failed%0A-%20Execution%20of%20endpoint_write_to_disk%20failed%0A-%20Execution%20of%20%3CAppEndpoint%20as%20Endpoint%3E%3A%3Aoutput%20failed%0A-%20Failed%20to%20write%20app%20endpoint%20%2Fapi%2Fproject%2Froute%0A-%20Execution%20of%20%2Aall_asset_paths%20failed%0A-%20Execution%20of%20%2AAppEndpointOutput%3A%3Aoutput_assets%20failed%0A-%20Execution%20of%20AppEndpoint%3A%3Aoutput%20failed%0A-%20Execution%20of%20AppEndpoint%3A%3Aapp_route_entry%20failed%0A-%20Execution%20of%20%2Aget_app_route_entry%20failed%0A-%20Execution%20of%20AppProject%3A%3Aroute_module_context%20failed%0A-%20Execution%20of%20AppProject%3A%3Aecmascript_client_reference_transition%20failed%0A-%20Execution%20of%20%2ANextEcmascriptClientReferenceTransition%3A%3Anew%20failed%0A-%20Execution%20of%20AppProject%3A%3Aclient_transition%20failed%0A-%20Execution%20of%20%2AFullContextTransition%3A%3Anew%20failed%0A-%20Execution%20of%20AppProject%3A%3Aclient_module_context%20failed%0A-%20Execution%20of%20%2AModuleAssetContext%3A%3Anew%20failed%0A-%20Execution%20of%20get_client_module_options_context%20failed%0A-%20Execution%20of%20%2Aget_jsx_transform_options%20failed%0A-%20Execution%20of%20get_client_resolve_options_context%20failed%0A-%20Execution%20of%20get_transpiled_packages%20failed%0A-%20Execution%20of%20%3CDiskFileSystem%20as%20FileSystem%3E%3A%3Aread%20failed%0A-%20Unable%20to%20watch%20%2Fhome%2Fale%2FDesktop%2FHouseCheck%2Fhousecheck-clipforge-ad%2Fclipforge%2Fnode_modules%2Fnext%2Fdist%0A-%20OS%20file%20watch%20limit%20reached.%20about%20%5B%22%2Fhome%2Fale%2FDesktop%2FHouseCheck%2Fhousecheck-clipforge-ad%2Fclipforge%2Fnode_modules%2Fnext%2Fdist%22%5D%0A%60%60%60&labels=Turbopack,Turbopack%20Panic%20Backtrace
-----

⨯ Error [TurbopackInternalError]: Failed to write page endpoint /_app

Caused by:
- Unable to watch /home/ale/Desktop/HouseCheck/housecheck-clipforge-ad/clipforge/node_modules/next/dist
- OS file watch limit reached. about ["/home/ale/Desktop/HouseCheck/housecheck-clipforge-ad/clipforge/node_modules/next/dist"]

Debug info:
- Execution of get_written_endpoint_with_issues_operation failed
- Execution of endpoint_write_to_disk failed
- Execution of <PageEndpoint as Endpoint>::output failed
- Failed to write page endpoint /_app
- Execution of *all_asset_paths failed
- Execution of *PageEndpointOutput::output_assets failed
- Execution of PageEndpoint::output failed
- Execution of *ChunkGroupResult::all_assets failed
- Execution of PageEndpoint::client_chunk_group failed
- Execution of PageEndpoint::client_evaluatable_assets failed
- Execution of PageEndpoint::client_module failed
- Execution of *create_page_loader_entry_module failed
- Execution of PagesProject::client_module_context failed
- Execution of *ModuleAssetContext::new failed
- Execution of get_client_module_options_context failed
- Execution of *get_jsx_transform_options failed
- Execution of get_client_resolve_options_context failed
- Execution of get_transpiled_packages failed
- Execution of <DiskFileSystem as FileSystem>::read failed
- Unable to watch /home/ale/Desktop/HouseCheck/housecheck-clipforge-ad/clipforge/node_modules/next/dist
- OS file watch limit reached. about ["/home/ale/Desktop/HouseCheck/housecheck-clipforge-ad/clipforge/node_modules/next/dist"]
    at <unknown> (TurbopackInternalError: Failed to write page endpoint /_app) {
  location: undefined
}
Error [TurbopackInternalError]: Failed to write app endpoint /api/project/route

Caused by:
- Unable to watch /home/ale/Desktop/HouseCheck/housecheck-clipforge-ad/clipforge/node_modules/next/dist
- OS file watch limit reached. about ["/home/ale/Desktop/HouseCheck/housecheck-clipforge-ad/clipforge/node_modules/next/dist"]

Debug info:
- Execution of get_written_endpoint_with_issues_operation failed
- Execution of endpoint_write_to_disk failed
- Execution of <AppEndpoint as Endpoint>::output failed
- Failed to write app endpoint /api/project/route
- Execution of *all_asset_paths failed
- Execution of *AppEndpointOutput::output_assets failed
- Execution of AppEndpoint::output failed
- Execution of AppEndpoint::app_route_entry failed
- Execution of *get_app_route_entry failed
- Execution of AppProject::route_module_context failed
- Execution of AppProject::ecmascript_client_reference_transition failed
- Execution of *NextEcmascriptClientReferenceTransition::new failed
- Execution of AppProject::client_transition failed
- Execution of *FullContextTransition::new failed
- Execution of AppProject::client_module_context failed
- Execution of *ModuleAssetContext::new failed
- Execution of get_client_module_options_context failed
- Execution of *get_jsx_transform_options failed
- Execution of get_client_resolve_options_context failed
- Execution of get_transpiled_packages failed
- Execution of <DiskFileSystem as FileSystem>::read failed
- Unable to watch /home/ale/Desktop/HouseCheck/housecheck-clipforge-ad/clipforge/node_modules/next/dist
- OS file watch limit reached. about ["/home/ale/Desktop/HouseCheck/housecheck-clipforge-ad/clipforge/node_modules/next/dist"]
    at <unknown> (TurbopackInternalError: Failed to write app endpoint /api/project/route) {
  location: undefined
}
⨯ Error [TurbopackInternalError]: Failed to write page endpoint /_app

Caused by:
- Unable to watch /home/ale/Desktop/HouseCheck/housecheck-clipforge-ad/clipforge/node_modules/next/dist
- OS file watch limit reached. about ["/home/ale/Desktop/HouseCheck/housecheck-clipforge-ad/clipforge/node_modules/next/dist"]

Debug info:
- Execution of get_written_endpoint_with_issues_operation failed
- Execution of endpoint_write_to_disk failed
- Execution of <PageEndpoint as Endpoint>::output failed
- Failed to write page endpoint /_app
- Execution of *all_asset_paths failed
- Execution of *PageEndpointOutput::output_assets failed
- Execution of PageEndpoint::output failed
- Execution of *ChunkGroupResult::all_assets failed
- Execution of PageEndpoint::client_chunk_group failed
- Execution of PageEndpoint::client_evaluatable_assets failed
- Execution of PageEndpoint::client_module failed
- Execution of *create_page_loader_entry_module failed
- Execution of PagesProject::client_module_context failed
- Execution of *ModuleAssetContext::new failed
- Execution of get_client_module_options_context failed
- Execution of *get_jsx_transform_options failed
- Execution of get_client_resolve_options_context failed
- Execution of get_transpiled_packages failed
- Execution of <DiskFileSystem as FileSystem>::read failed
- Unable to watch /home/ale/Desktop/HouseCheck/housecheck-clipforge-ad/clipforge/node_modules/next/dist
- OS file watch limit reached. about ["/home/ale/Desktop/HouseCheck/housecheck-clipforge-ad/clipforge/node_modules/next/dist"]
    at <unknown> (TurbopackInternalError: Failed to write page endpoint /_app) {
  location: undefined
}
Error [TurbopackInternalError]: Failed to write page endpoint /_app

Caused by:
- Unable to watch /home/ale/Desktop/HouseCheck/housecheck-clipforge-ad/clipforge/node_modules/next/dist
- OS file watch limit reached. about ["/home/ale/Desktop/HouseCheck/housecheck-clipforge-ad/clipforge/node_modules/next/dist"]

Debug info:
- Execution of get_written_endpoint_with_issues_operation failed
- Execution of endpoint_write_to_disk failed
- Execution of <PageEndpoint as Endpoint>::output failed
- Failed to write page endpoint /_app
- Execution of *all_asset_paths failed
- Execution of *PageEndpointOutput::output_assets failed
- Execution of PageEndpoint::output failed
- Execution of *ChunkGroupResult::all_assets failed
- Execution of PageEndpoint::client_chunk_group failed
- Execution of PageEndpoint::client_evaluatable_assets failed
- Execution of PageEndpoint::client_module failed
- Execution of *create_page_loader_entry_module failed
- Execution of PagesProject::client_module_context failed
- Execution of *ModuleAssetContext::new failed
- Execution of get_client_module_options_context failed
- Execution of *get_jsx_transform_options failed
- Execution of get_client_resolve_options_context failed
- Execution of get_transpiled_packages failed
- Execution of <DiskFileSystem as FileSystem>::read failed
- Unable to watch /home/ale/Desktop/HouseCheck/housecheck-clipforge-ad/clipforge/node_modules/next/dist
- OS file watch limit reached. about ["/home/ale/Desktop/HouseCheck/housecheck-clipforge-ad/clipforge/node_modules/next/dist"]
    at <unknown> (TurbopackInternalError: Failed to write page endpoint /_app) {
  location: undefined
}

-----
[1m[31mFATAL[39m[0m: An unexpected Turbopack error occurred. A panic log has been written to /tmp/next-panic-e06653766a15e572b57a76bb1b5015de.log.

To help make Turbopack better, report this error by clicking here: https://bugs.nextjs.org/search?category=turbopack-error-report&title=Turbopack%20Error%3A%20Failed%20to%20write%20app%20endpoint%20%2Fapi%2Fproject%2Froute&body=Turbopack%20version%3A%20%60600cd2fe%60%0ANext.js%20version%3A%20%600.0.0%60%0A%0AError%20message%3A%0A%60%60%60%0AFailed%20to%20write%20app%20endpoint%20%2Fapi%2Fproject%2Froute%0A%0ACaused%20by%3A%0A-%20Unable%20to%20watch%20%2Fhome%2Fale%2FDesktop%2FHouseCheck%2Fhousecheck-clipforge-ad%2Fclipforge%2Fnode_modules%2Fnext%2Fdist%0A-%20OS%20file%20watch%20limit%20reached.%20about%20%5B%22%2Fhome%2Fale%2FDesktop%2FHouseCheck%2Fhousecheck-clipforge-ad%2Fclipforge%2Fnode_modules%2Fnext%2Fdist%22%5D%0A%0ADebug%20info%3A%0A-%20Execution%20of%20get_written_endpoint_with_issues_operation%20failed%0A-%20Execution%20of%20endpoint_write_to_disk%20failed%0A-%20Execution%20of%20%3CAppEndpoint%20as%20Endpoint%3E%3A%3Aoutput%20failed%0A-%20Failed%20to%20write%20app%20endpoint%20%2Fapi%2Fproject%2Froute%0A-%20Execution%20of%20%2Aall_asset_paths%20failed%0A-%20Execution%20of%20%2AAppEndpointOutput%3A%3Aoutput_assets%20failed%0A-%20Execution%20of%20AppEndpoint%3A%3Aoutput%20failed%0A-%20Execution%20of%20AppEndpoint%3A%3Aapp_route_entry%20failed%0A-%20Execution%20of%20%2Aget_app_route_entry%20failed%0A-%20Execution%20of%20AppProject%3A%3Aroute_module_context%20failed%0A-%20Execution%20of%20AppProject%3A%3Aecmascript_client_reference_transition%20failed%0A-%20Execution%20of%20%2ANextEcmascriptClientReferenceTransition%3A%3Anew%20failed%0A-%20Execution%20of%20AppProject%3A%3Aclient_transition%20failed%0A-%20Execution%20of%20%2AFullContextTransition%3A%3Anew%20failed%0A-%20Execution%20of%20AppProject%3A%3Aclient_module_context%20failed%0A-%20Execution%20of%20%2AModuleAssetContext%3A%3Anew%20failed%0A-%20Execution%20of%20get_client_module_options_context%20failed%0A-%20Execution%20of%20%2Aget_jsx_transform_options%20failed%0A-%20Execution%20of%20get_client_resolve_options_context%20failed%0A-%20Execution%20of%20get_transpiled_packages%20failed%0A-%20Execution%20of%20%3CDiskFileSystem%20as%20FileSystem%3E%3A%3Aread%20failed%0A-%20Unable%20to%20watch%20%2Fhome%2Fale%2FDesktop%2FHouseCheck%2Fhousecheck-clipforge-ad%2Fclipforge%2Fnode_modules%2Fnext%2Fdist%0A-%20OS%20file%20watch%20limit%20reached.%20about%20%5B%22%2Fhome%2Fale%2FDesktop%2FHouseCheck%2Fhousecheck-clipforge-ad%2Fclipforge%2Fnode_modules%2Fnext%2Fdist%22%5D%0A%60%60%60&labels=Turbopack,Turbopack%20Panic%20Backtrace
-----

⨯ Error [TurbopackInternalError]: Failed to write page endpoint /_app

Caused by:
- Unable to watch /home/ale/Desktop/HouseCheck/housecheck-clipforge-ad/clipforge/node_modules/next/dist
- OS file watch limit reached. about ["/home/ale/Desktop/HouseCheck/housecheck-clipforge-ad/clipforge/node_modules/next/dist"]

Debug info:
- Execution of get_written_endpoint_with_issues_operation failed
- Execution of endpoint_write_to_disk failed
- Execution of <PageEndpoint as Endpoint>::output failed
- Failed to write page endpoint /_app
- Execution of *all_asset_paths failed
- Execution of *PageEndpointOutput::output_assets failed
- Execution of PageEndpoint::output failed
- Execution of *ChunkGroupResult::all_assets failed
- Execution of PageEndpoint::client_chunk_group failed
- Execution of PageEndpoint::client_evaluatable_assets failed
- Execution of PageEndpoint::client_module failed
- Execution of *create_page_loader_entry_module failed
- Execution of PagesProject::client_module_context failed
- Execution of *ModuleAssetContext::new failed
- Execution of get_client_module_options_context failed
- Execution of *get_jsx_transform_options failed
- Execution of get_client_resolve_options_context failed
- Execution of get_transpiled_packages failed
- Execution of <DiskFileSystem as FileSystem>::read failed
- Unable to watch /home/ale/Desktop/HouseCheck/housecheck-clipforge-ad/clipforge/node_modules/next/dist
- OS file watch limit reached. about ["/home/ale/Desktop/HouseCheck/housecheck-clipforge-ad/clipforge/node_modules/next/dist"]
    at <unknown> (TurbopackInternalError: Failed to write page endpoint /_app) {
  location: undefined
}
Error [TurbopackInternalError]: Failed to write app endpoint /api/project/route

Caused by:
- Unable to watch /home/ale/Desktop/HouseCheck/housecheck-clipforge-ad/clipforge/node_modules/next/dist
- OS file watch limit reached. about ["/home/ale/Desktop/HouseCheck/housecheck-clipforge-ad/clipforge/node_modules/next/dist"]

Debug info:
- Execution of get_written_endpoint_with_issues_operation failed
- Execution of endpoint_write_to_disk failed
- Execution of <AppEndpoint as Endpoint>::output failed
- Failed to write app endpoint /api/project/route
- Execution of *all_asset_paths failed
- Execution of *AppEndpointOutput::output_assets failed
- Execution of AppEndpoint::output failed
- Execution of AppEndpoint::app_route_entry failed
- Execution of *get_app_route_entry failed
- Execution of AppProject::route_module_context failed
- Execution of AppProject::ecmascript_client_reference_transition failed
- Execution of *NextEcmascriptClientReferenceTransition::new failed
- Execution of AppProject::client_transition failed
- Execution of *FullContextTransition::new failed
- Execution of AppProject::client_module_context failed
- Execution of *ModuleAssetContext::new failed
- Execution of get_client_module_options_context failed
- Execution of *get_jsx_transform_options failed
- Execution of get_client_resolve_options_context failed
- Execution of get_transpiled_packages failed
- Execution of <DiskFileSystem as FileSystem>::read failed
- Unable to watch /home/ale/Desktop/HouseCheck/housecheck-clipforge-ad/clipforge/node_modules/next/dist
- OS file watch limit reached. about ["/home/ale/Desktop/HouseCheck/housecheck-clipforge-ad/clipforge/node_modules/next/dist"]
    at <unknown> (TurbopackInternalError: Failed to write app endpoint /api/project/route) {
  location: undefined
}
⨯ Error [TurbopackInternalError]: Failed to write page endpoint /_app

Caused by:
- Unable to watch /home/ale/Desktop/HouseCheck/housecheck-clipforge-ad/clipforge/node_modules/next/dist
- OS file watch limit reached. about ["/home/ale/Desktop/HouseCheck/housecheck-clipforge-ad/clipforge/node_modules/next/dist"]

Debug info:
- Execution of get_written_endpoint_with_issues_operation failed
- Execution of endpoint_write_to_disk failed
- Execution of <PageEndpoint as Endpoint>::output failed
- Failed to write page endpoint /_app
- Execution of *all_asset_paths failed
- Execution of *PageEndpointOutput::output_assets failed
- Execution of PageEndpoint::output failed
- Execution of *ChunkGroupResult::all_assets failed
- Execution of PageEndpoint::client_chunk_group failed
- Execution of PageEndpoint::client_evaluatable_assets failed
- Execution of PageEndpoint::client_module failed
- Execution of *create_page_loader_entry_module failed
- Execution of PagesProject::client_module_context failed
- Execution of *ModuleAssetContext::new failed
- Execution of get_client_module_options_context failed
- Execution of *get_jsx_transform_options failed
- Execution of get_client_resolve_options_context failed
- Execution of get_transpiled_packages failed
- Execution of <DiskFileSystem as FileSystem>::read failed
- Unable to watch /home/ale/Desktop/HouseCheck/housecheck-clipforge-ad/clipforge/node_modules/next/dist
- OS file watch limit reached. about ["/home/ale/Desktop/HouseCheck/housecheck-clipforge-ad/clipforge/node_modules/next/dist"]
    at <unknown> (TurbopackInternalError: Failed to write page endpoint /_app) {
  location: undefined
}
Error [TurbopackInternalError]: Failed to write page endpoint /_app

Caused by:
- Unable to watch /home/ale/Desktop/HouseCheck/housecheck-clipforge-ad/clipforge/node_modules/next/dist
- OS file watch limit reached. about ["/home/ale/Desktop/HouseCheck/housecheck-clipforge-ad/clipforge/node_modules/next/dist"]

Debug info:
- Execution of get_written_endpoint_with_issues_operation failed
- Execution of endpoint_write_to_disk failed
- Execution of <PageEndpoint as Endpoint>::output failed
- Failed to write page endpoint /_app
- Execution of *all_asset_paths failed
- Execution of *PageEndpointOutput::output_assets failed
- Execution of PageEndpoint::output failed
- Execution of *ChunkGroupResult::all_assets failed
- Execution of PageEndpoint::client_chunk_group failed
- Execution of PageEndpoint::client_evaluatable_assets failed
- Execution of PageEndpoint::client_module failed
- Execution of *create_page_loader_entry_module failed
- Execution of PagesProject::client_module_context failed
- Execution of *ModuleAssetContext::new failed
- Execution of get_client_module_options_context failed
- Execution of *get_jsx_transform_options failed
- Execution of get_client_resolve_options_context failed
- Execution of get_transpiled_packages failed
- Execution of <DiskFileSystem as FileSystem>::read failed
- Unable to watch /home/ale/Desktop/HouseCheck/housecheck-clipforge-ad/clipforge/node_modules/next/dist
- OS file watch limit reached. about ["/home/ale/Desktop/HouseCheck/housecheck-clipforge-ad/clipforge/node_modules/next/dist"]
    at <unknown> (TurbopackInternalError: Failed to write page endpoint /_app) {
  location: undefined
}

-----
[1m[31mFATAL[39m[0m: An unexpected Turbopack error occurred. A panic log has been written to /tmp/next-panic-e06653766a15e572b57a76bb1b5015de.log.

To help make Turbopack better, report this error by clicking here: https://bugs.nextjs.org/search?category=turbopack-error-report&title=Turbopack%20Error%3A%20Failed%20to%20write%20app%20endpoint%20%2Fapi%2Fproject%2Froute&body=Turbopack%20version%3A%20%60600cd2fe%60%0ANext.js%20version%3A%20%600.0.0%60%0A%0AError%20message%3A%0A%60%60%60%0AFailed%20to%20write%20app%20endpoint%20%2Fapi%2Fproject%2Froute%0A%0ACaused%20by%3A%0A-%20Unable%20to%20watch%20%2Fhome%2Fale%2FDesktop%2FHouseCheck%2Fhousecheck-clipforge-ad%2Fclipforge%2Fnode_modules%2Fnext%2Fdist%0A-%20OS%20file%20watch%20limit%20reached.%20about%20%5B%22%2Fhome%2Fale%2FDesktop%2FHouseCheck%2Fhousecheck-clipforge-ad%2Fclipforge%2Fnode_modules%2Fnext%2Fdist%22%5D%0A%0ADebug%20info%3A%0A-%20Execution%20of%20get_written_endpoint_with_issues_operation%20failed%0A-%20Execution%20of%20endpoint_write_to_disk%20failed%0A-%20Execution%20of%20%3CAppEndpoint%20as%20Endpoint%3E%3A%3Aoutput%20failed%0A-%20Failed%20to%20write%20app%20endpoint%20%2Fapi%2Fproject%2Froute%0A-%20Execution%20of%20%2Aall_asset_paths%20failed%0A-%20Execution%20of%20%2AAppEndpointOutput%3A%3Aoutput_assets%20failed%0A-%20Execution%20of%20AppEndpoint%3A%3Aoutput%20failed%0A-%20Execution%20of%20AppEndpoint%3A%3Aapp_route_entry%20failed%0A-%20Execution%20of%20%2Aget_app_route_entry%20failed%0A-%20Execution%20of%20AppProject%3A%3Aroute_module_context%20failed%0A-%20Execution%20of%20AppProject%3A%3Aecmascript_client_reference_transition%20failed%0A-%20Execution%20of%20%2ANextEcmascriptClientReferenceTransition%3A%3Anew%20failed%0A-%20Execution%20of%20AppProject%3A%3Aclient_transition%20failed%0A-%20Execution%20of%20%2AFullContextTransition%3A%3Anew%20failed%0A-%20Execution%20of%20AppProject%3A%3Aclient_module_context%20failed%0A-%20Execution%20of%20%2AModuleAssetContext%3A%3Anew%20failed%0A-%20Execution%20of%20get_client_module_options_context%20failed%0A-%20Execution%20of%20%2Aget_jsx_transform_options%20failed%0A-%20Execution%20of%20get_client_resolve_options_context%20failed%0A-%20Execution%20of%20get_transpiled_packages%20failed%0A-%20Execution%20of%20%3CDiskFileSystem%20as%20FileSystem%3E%3A%3Aread%20failed%0A-%20Unable%20to%20watch%20%2Fhome%2Fale%2FDesktop%2FHouseCheck%2Fhousecheck-clipforge-ad%2Fclipforge%2Fnode_modules%2Fnext%2Fdist%0A-%20OS%20file%20watch%20limit%20reached.%20about%20%5B%22%2Fhome%2Fale%2FDesktop%2FHouseCheck%2Fhousecheck-clipforge-ad%2Fclipforge%2Fnode_modules%2Fnext%2Fdist%22%5D%0A%60%60%60&labels=Turbopack,Turbopack%20Panic%20Backtrace
-----

⨯ Error [TurbopackInternalError]: Failed to write page endpoint /_app

Caused by:
- Unable to watch /home/ale/Desktop/HouseCheck/housecheck-clipforge-ad/clipforge/node_modules/next/dist
- OS file watch limit reached. about ["/home/ale/Desktop/HouseCheck/housecheck-clipforge-ad/clipforge/node_modules/next/dist"]

Debug info:
- Execution of get_written_endpoint_with_issues_operation failed
- Execution of endpoint_write_to_disk failed
- Execution of <PageEndpoint as Endpoint>::output failed
- Failed to write page endpoint /_app
- Execution of *all_asset_paths failed
- Execution of *PageEndpointOutput::output_assets failed
- Execution of PageEndpoint::output failed
- Execution of *ChunkGroupResult::all_assets failed
- Execution of PageEndpoint::client_chunk_group failed
- Execution of PageEndpoint::client_evaluatable_assets failed
- Execution of PageEndpoint::client_module failed
- Execution of *create_page_loader_entry_module failed
- Execution of PagesProject::client_module_context failed
- Execution of *ModuleAssetContext::new failed
- Execution of get_client_module_options_context failed
- Execution of *get_jsx_transform_options failed
- Execution of get_client_resolve_options_context failed
- Execution of get_transpiled_packages failed
- Execution of <DiskFileSystem as FileSystem>::read failed
- Unable to watch /home/ale/Desktop/HouseCheck/housecheck-clipforge-ad/clipforge/node_modules/next/dist
- OS file watch limit reached. about ["/home/ale/Desktop/HouseCheck/housecheck-clipforge-ad/clipforge/node_modules/next/dist"]
    at <unknown> (TurbopackInternalError: Failed to write page endpoint /_app) {
  location: undefined
}
Error [TurbopackInternalError]: Failed to write app endpoint /api/project/route

Caused by:
- Unable to watch /home/ale/Desktop/HouseCheck/housecheck-clipforge-ad/clipforge/node_modules/next/dist
- OS file watch limit reached. about ["/home/ale/Desktop/HouseCheck/housecheck-clipforge-ad/clipforge/node_modules/next/dist"]

Debug info:
- Execution of get_written_endpoint_with_issues_operation failed
- Execution of endpoint_write_to_disk failed
- Execution of <AppEndpoint as Endpoint>::output failed
- Failed to write app endpoint /api/project/route
- Execution of *all_asset_paths failed
- Execution of *AppEndpointOutput::output_assets failed
- Execution of AppEndpoint::output failed
- Execution of AppEndpoint::app_route_entry failed
- Execution of *get_app_route_entry failed
- Execution of AppProject::route_module_context failed
- Execution of AppProject::ecmascript_client_reference_transition failed
- Execution of *NextEcmascriptClientReferenceTransition::new failed
- Execution of AppProject::client_transition failed
- Execution of *FullContextTransition::new failed
- Execution of AppProject::client_module_context failed
- Execution of *ModuleAssetContext::new failed
- Execution of get_client_module_options_context failed
- Execution of *get_jsx_transform_options failed
- Execution of get_client_resolve_options_context failed
- Execution of get_transpiled_packages failed
- Execution of <DiskFileSystem as FileSystem>::read failed
- Unable to watch /home/ale/Desktop/HouseCheck/housecheck-clipforge-ad/clipforge/node_modules/next/dist
- OS file watch limit reached. about ["/home/ale/Desktop/HouseCheck/housecheck-clipforge-ad/clipforge/node_modules/next/dist"]
    at <unknown> (TurbopackInternalError: Failed to write app endpoint /api/project/route) {
  location: undefined
}
⨯ Error [TurbopackInternalError]: Failed to write page endpoint /_app

Caused by:
- Unable to watch /home/ale/Desktop/HouseCheck/housecheck-clipforge-ad/clipforge/node_modules/next/dist
- OS file watch limit reached. about ["/home/ale/Desktop/HouseCheck/housecheck-clipforge-ad/clipforge/node_modules/next/dist"]

Debug info:
- Execution of get_written_endpoint_with_issues_operation failed
- Execution of endpoint_write_to_disk failed
- Execution of <PageEndpoint as Endpoint>::output failed
- Failed to write page endpoint /_app
- Execution of *all_asset_paths failed
- Execution of *PageEndpointOutput::output_assets failed
- Execution of PageEndpoint::output failed
- Execution of *ChunkGroupResult::all_assets failed
- Execution of PageEndpoint::client_chunk_group failed
- Execution of PageEndpoint::client_evaluatable_assets failed
- Execution of PageEndpoint::client_module failed
- Execution of *create_page_loader_entry_module failed
- Execution of PagesProject::client_module_context failed
- Execution of *ModuleAssetContext::new failed
- Execution of get_client_module_options_context failed
- Execution of *get_jsx_transform_options failed
- Execution of get_client_resolve_options_context failed
- Execution of get_transpiled_packages failed
- Execution of <DiskFileSystem as FileSystem>::read failed
- Unable to watch /home/ale/Desktop/HouseCheck/housecheck-clipforge-ad/clipforge/node_modules/next/dist
- OS file watch limit reached. about ["/home/ale/Desktop/HouseCheck/housecheck-clipforge-ad/clipforge/node_modules/next/dist"]
    at <unknown> (TurbopackInternalError: Failed to write page endpoint /_app) {
  location: undefined
}
Error [TurbopackInternalError]: Failed to write page endpoint /_app

Caused by:
- Unable to watch /home/ale/Desktop/HouseCheck/housecheck-clipforge-ad/clipforge/node_modules/next/dist
- OS file watch limit reached. about ["/home/ale/Desktop/HouseCheck/housecheck-clipforge-ad/clipforge/node_modules/next/dist"]

Debug info:
- Execution of get_written_endpoint_with_issues_operation failed
- Execution of endpoint_write_to_disk failed
- Execution of <PageEndpoint as Endpoint>::output failed
- Failed to write page endpoint /_app
- Execution of *all_asset_paths failed
- Execution of *PageEndpointOutput::output_assets failed
- Execution of PageEndpoint::output failed
- Execution of *ChunkGroupResult::all_assets failed
- Execution of PageEndpoint::client_chunk_group failed
- Execution of PageEndpoint::client_evaluatable_assets failed
- Execution of PageEndpoint::client_module failed
- Execution of *create_page_loader_entry_module failed
- Execution of PagesProject::client_module_context failed
- Execution of *ModuleAssetContext::new failed
- Execution of get_client_module_options_context failed
- Execution of *get_jsx_transform_options failed
- Execution of get_client_resolve_options_context failed
- Execution of get_transpiled_packages failed
- Execution of <DiskFileSystem as FileSystem>::read failed
- Unable to watch /home/ale/Desktop/HouseCheck/housecheck-clipforge-ad/clipforge/node_modules/next/dist
- OS file watch limit reached. about ["/home/ale/Desktop/HouseCheck/housecheck-clipforge-ad/clipforge/node_modules/next/dist"]
    at <unknown> (TurbopackInternalError: Failed to write page endpoint /_app) {
  location: undefined
}

-----
[1m[31mFATAL[39m[0m: An unexpected Turbopack error occurred. A panic log has been written to /tmp/next-panic-e06653766a15e572b57a76bb1b5015de.log.

To help make Turbopack better, report this error by clicking here: https://bugs.nextjs.org/search?category=turbopack-error-report&title=Turbopack%20Error%3A%20Failed%20to%20write%20app%20endpoint%20%2Fapi%2Fproject%2Froute&body=Turbopack%20version%3A%20%60600cd2fe%60%0ANext.js%20version%3A%20%600.0.0%60%0A%0AError%20message%3A%0A%60%60%60%0AFailed%20to%20write%20app%20endpoint%20%2Fapi%2Fproject%2Froute%0A%0ACaused%20by%3A%0A-%20Unable%20to%20watch%20%2Fhome%2Fale%2FDesktop%2FHouseCheck%2Fhousecheck-clipforge-ad%2Fclipforge%2Fnode_modules%2Fnext%2Fdist%0A-%20OS%20file%20watch%20limit%20reached.%20about%20%5B%22%2Fhome%2Fale%2FDesktop%2FHouseCheck%2Fhousecheck-clipforge-ad%2Fclipforge%2Fnode_modules%2Fnext%2Fdist%22%5D%0A%0ADebug%20info%3A%0A-%20Execution%20of%20get_written_endpoint_with_issues_operation%20failed%0A-%20Execution%20of%20endpoint_write_to_disk%20failed%0A-%20Execution%20of%20%3CAppEndpoint%20as%20Endpoint%3E%3A%3Aoutput%20failed%0A-%20Failed%20to%20write%20app%20endpoint%20%2Fapi%2Fproject%2Froute%0A-%20Execution%20of%20%2Aall_asset_paths%20failed%0A-%20Execution%20of%20%2AAppEndpointOutput%3A%3Aoutput_assets%20failed%0A-%20Execution%20of%20AppEndpoint%3A%3Aoutput%20failed%0A-%20Execution%20of%20AppEndpoint%3A%3Aapp_route_entry%20failed%0A-%20Execution%20of%20%2Aget_app_route_entry%20failed%0A-%20Execution%20of%20AppProject%3A%3Aroute_module_context%20failed%0A-%20Execution%20of%20AppProject%3A%3Aecmascript_client_reference_transition%20failed%0A-%20Execution%20of%20%2ANextEcmascriptClientReferenceTransition%3A%3Anew%20failed%0A-%20Execution%20of%20AppProject%3A%3Aclient_transition%20failed%0A-%20Execution%20of%20%2AFullContextTransition%3A%3Anew%20failed%0A-%20Execution%20of%20AppProject%3A%3Aclient_module_context%20failed%0A-%20Execution%20of%20%2AModuleAssetContext%3A%3Anew%20failed%0A-%20Execution%20of%20get_client_module_options_context%20failed%0A-%20Execution%20of%20%2Aget_jsx_transform_options%20failed%0A-%20Execution%20of%20get_client_resolve_options_context%20failed%0A-%20Execution%20of%20get_transpiled_packages%20failed%0A-%20Execution%20of%20%3CDiskFileSystem%20as%20FileSystem%3E%3A%3Aread%20failed%0A-%20Unable%20to%20watch%20%2Fhome%2Fale%2FDesktop%2FHouseCheck%2Fhousecheck-clipforge-ad%2Fclipforge%2Fnode_modules%2Fnext%2Fdist%0A-%20OS%20file%20watch%20limit%20reached.%20about%20%5B%22%2Fhome%2Fale%2FDesktop%2FHouseCheck%2Fhousecheck-clipforge-ad%2Fclipforge%2Fnode_modules%2Fnext%2Fdist%22%5D%0A%60%60%60&labels=Turbopack,Turbopack%20Panic%20Backtrace
-----

⨯ Error [TurbopackInternalError]: Failed to write page endpoint /_app

Caused by:
- Unable to watch /home/ale/Desktop/HouseCheck/housecheck-clipforge-ad/clipforge/node_modules/next/dist
- OS file watch limit reached. about ["/home/ale/Desktop/HouseCheck/housecheck-clipforge-ad/clipforge/node_modules/next/dist"]

Debug info:
- Execution of get_written_endpoint_with_issues_operation failed
- Execution of endpoint_write_to_disk failed
- Execution of <PageEndpoint as Endpoint>::output failed
- Failed to write page endpoint /_app
- Execution of *all_asset_paths failed
- Execution of *PageEndpointOutput::output_assets failed
- Execution of PageEndpoint::output failed
- Execution of *ChunkGroupResult::all_assets failed
- Execution of PageEndpoint::client_chunk_group failed
- Execution of PageEndpoint::client_evaluatable_assets failed
- Execution of PageEndpoint::client_module failed
- Execution of *create_page_loader_entry_module failed
- Execution of PagesProject::client_module_context failed
- Execution of *ModuleAssetContext::new failed
- Execution of get_client_module_options_context failed
- Execution of *get_jsx_transform_options failed
- Execution of get_client_resolve_options_context failed
- Execution of get_transpiled_packages failed
- Execution of <DiskFileSystem as FileSystem>::read failed
- Unable to watch /home/ale/Desktop/HouseCheck/housecheck-clipforge-ad/clipforge/node_modules/next/dist
- OS file watch limit reached. about ["/home/ale/Desktop/HouseCheck/housecheck-clipforge-ad/clipforge/node_modules/next/dist"]
    at <unknown> (TurbopackInternalError: Failed to write page endpoint /_app) {
  location: undefined
}
Error [TurbopackInternalError]: Failed to write app endpoint /api/project/route

Caused by:
- Unable to watch /home/ale/Desktop/HouseCheck/housecheck-clipforge-ad/clipforge/node_modules/next/dist
- OS file watch limit reached. about ["/home/ale/Desktop/HouseCheck/housecheck-clipforge-ad/clipforge/node_modules/next/dist"]

Debug info:
- Execution of get_written_endpoint_with_issues_operation failed
- Execution of endpoint_write_to_disk failed
- Execution of <AppEndpoint as Endpoint>::output failed
- Failed to write app endpoint /api/project/route
- Execution of *all_asset_paths failed
- Execution of *AppEndpointOutput::output_assets failed
- Execution of AppEndpoint::output failed
- Execution of AppEndpoint::app_route_entry failed
- Execution of *get_app_route_entry failed
- Execution of AppProject::route_module_context failed
- Execution of AppProject::ecmascript_client_reference_transition failed
- Execution of *NextEcmascriptClientReferenceTransition::new failed
- Execution of AppProject::client_transition failed
- Execution of *FullContextTransition::new failed
- Execution of AppProject::client_module_context failed
- Execution of *ModuleAssetContext::new failed
- Execution of get_client_module_options_context failed
- Execution of *get_jsx_transform_options failed
- Execution of get_client_resolve_options_context failed
- Execution of get_transpiled_packages failed
- Execution of <DiskFileSystem as FileSystem>::read failed
- Unable to watch /home/ale/Desktop/HouseCheck/housecheck-clipforge-ad/clipforge/node_modules/next/dist
- OS file watch limit reached. about ["/home/ale/Desktop/HouseCheck/housecheck-clipforge-ad/clipforge/node_modules/next/dist"]
    at <unknown> (TurbopackInternalError: Failed to write app endpoint /api/project/route) {
  location: undefined
}
⨯ Error [TurbopackInternalError]: Failed to write page endpoint /_app

Caused by:
- Unable to watch /home/ale/Desktop/HouseCheck/housecheck-clipforge-ad/clipforge/node_modules/next/dist
- OS file watch limit reached. about ["/home/ale/Desktop/HouseCheck/housecheck-clipforge-ad/clipforge/node_modules/next/dist"]

Debug info:
- Execution of get_written_endpoint_with_issues_operation failed
- Execution of endpoint_write_to_disk failed
- Execution of <PageEndpoint as Endpoint>::output failed
- Failed to write page endpoint /_app
- Execution of *all_asset_paths failed
- Execution of *PageEndpointOutput::output_assets failed
- Execution of PageEndpoint::output failed
- Execution of *ChunkGroupResult::all_assets failed
- Execution of PageEndpoint::client_chunk_group failed
- Execution of PageEndpoint::client_evaluatable_assets failed
- Execution of PageEndpoint::client_module failed
- Execution of *create_page_loader_entry_module failed
- Execution of PagesProject::client_module_context failed
- Execution of *ModuleAssetContext::new failed
- Execution of get_client_module_options_context failed
- Execution of *get_jsx_transform_options failed
- Execution of get_client_resolve_options_context failed
- Execution of get_transpiled_packages failed
- Execution of <DiskFileSystem as FileSystem>::read failed
- Unable to watch /home/ale/Desktop/HouseCheck/housecheck-clipforge-ad/clipforge/node_modules/next/dist
- OS file watch limit reached. about ["/home/ale/Desktop/HouseCheck/housecheck-clipforge-ad/clipforge/node_modules/next/dist"]
    at <unknown> (TurbopackInternalError: Failed to write page endpoint /_app) {
  location: undefined
}
Error [TurbopackInternalError]: Failed to write page endpoint /_app

Caused by:
- Unable to watch /home/ale/Desktop/HouseCheck/housecheck-clipforge-ad/clipforge/node_modules/next/dist
- OS file watch limit reached. about ["/home/ale/Desktop/HouseCheck/housecheck-clipforge-ad/clipforge/node_modules/next/dist"]

Debug info:
- Execution of get_written_endpoint_with_issues_operation failed
- Execution of endpoint_write_to_disk failed
- Execution of <PageEndpoint as Endpoint>::output failed
- Failed to write page endpoint /_app
- Execution of *all_asset_paths failed
- Execution of *PageEndpointOutput::output_assets failed
- Execution of PageEndpoint::output failed
- Execution of *ChunkGroupResult::all_assets failed
- Execution of PageEndpoint::client_chunk_group failed
- Execution of PageEndpoint::client_evaluatable_assets failed
- Execution of PageEndpoint::client_module failed
- Execution of *create_page_loader_entry_module failed
- Execution of PagesProject::client_module_context failed
- Execution of *ModuleAssetContext::new failed
- Execution of get_client_module_options_context failed
- Execution of *get_jsx_transform_options failed
- Execution of get_client_resolve_options_context failed
- Execution of get_transpiled_packages failed
- Execution of <DiskFileSystem as FileSystem>::read failed
- Unable to watch /home/ale/Desktop/HouseCheck/housecheck-clipforge-ad/clipforge/node_modules/next/dist
- OS file watch limit reached. about ["/home/ale/Desktop/HouseCheck/housecheck-clipforge-ad/clipforge/node_modules/next/dist"]
    at <unknown> (TurbopackInternalError: Failed to write page endpoint /_app) {
  location: undefined
}

-----
[1m[31mFATAL[39m[0m: An unexpected Turbopack error occurred. A panic log has been written to /tmp/next-panic-e06653766a15e572b57a76bb1b5015de.log.

To help make Turbopack better, report this error by clicking here: https://bugs.nextjs.org/search?category=turbopack-error-report&title=Turbopack%20Error%3A%20Failed%20to%20write%20app%20endpoint%20%2Fapi%2Fproject%2Froute&body=Turbopack%20version%3A%20%60600cd2fe%60%0ANext.js%20version%3A%20%600.0.0%60%0A%0AError%20message%3A%0A%60%60%60%0AFailed%20to%20write%20app%20endpoint%20%2Fapi%2Fproject%2Froute%0A%0ACaused%20by%3A%0A-%20Unable%20to%20watch%20%2Fhome%2Fale%2FDesktop%2FHouseCheck%2Fhousecheck-clipforge-ad%2Fclipforge%2Fnode_modules%2Fnext%2Fdist%0A-%20OS%20file%20watch%20limit%20reached.%20about%20%5B%22%2Fhome%2Fale%2FDesktop%2FHouseCheck%2Fhousecheck-clipforge-ad%2Fclipforge%2Fnode_modules%2Fnext%2Fdist%22%5D%0A%0ADebug%20info%3A%0A-%20Execution%20of%20get_written_endpoint_with_issues_operation%20failed%0A-%20Execution%20of%20endpoint_write_to_disk%20failed%0A-%20Execution%20of%20%3CAppEndpoint%20as%20Endpoint%3E%3A%3Aoutput%20failed%0A-%20Failed%20to%20write%20app%20endpoint%20%2Fapi%2Fproject%2Froute%0A-%20Execution%20of%20%2Aall_asset_paths%20failed%0A-%20Execution%20of%20%2AAppEndpointOutput%3A%3Aoutput_assets%20failed%0A-%20Execution%20of%20AppEndpoint%3A%3Aoutput%20failed%0A-%20Execution%20of%20AppEndpoint%3A%3Aapp_route_entry%20failed%0A-%20Execution%20of%20%2Aget_app_route_entry%20failed%0A-%20Execution%20of%20AppProject%3A%3Aroute_module_context%20failed%0A-%20Execution%20of%20AppProject%3A%3Aecmascript_client_reference_transition%20failed%0A-%20Execution%20of%20%2ANextEcmascriptClientReferenceTransition%3A%3Anew%20failed%0A-%20Execution%20of%20AppProject%3A%3Aclient_transition%20failed%0A-%20Execution%20of%20%2AFullContextTransition%3A%3Anew%20failed%0A-%20Execution%20of%20AppProject%3A%3Aclient_module_context%20failed%0A-%20Execution%20of%20%2AModuleAssetContext%3A%3Anew%20failed%0A-%20Execution%20of%20get_client_module_options_context%20failed%0A-%20Execution%20of%20%2Aget_jsx_transform_options%20failed%0A-%20Execution%20of%20get_client_resolve_options_context%20failed%0A-%20Execution%20of%20get_transpiled_packages%20failed%0A-%20Execution%20of%20%3CDiskFileSystem%20as%20FileSystem%3E%3A%3Aread%20failed%0A-%20Unable%20to%20watch%20%2Fhome%2Fale%2FDesktop%2FHouseCheck%2Fhousecheck-clipforge-ad%2Fclipforge%2Fnode_modules%2Fnext%2Fdist%0A-%20OS%20file%20watch%20limit%20reached.%20about%20%5B%22%2Fhome%2Fale%2FDesktop%2FHouseCheck%2Fhousecheck-clipforge-ad%2Fclipforge%2Fnode_modules%2Fnext%2Fdist%22%5D%0A%60%60%60&labels=Turbopack,Turbopack%20Panic%20Backtrace
-----

⨯ Error [TurbopackInternalError]: Failed to write page endpoint /_app

Caused by:
- Unable to watch /home/ale/Desktop/HouseCheck/housecheck-clipforge-ad/clipforge/node_modules/next/dist
- OS file watch limit reached. about ["/home/ale/Desktop/HouseCheck/housecheck-clipforge-ad/clipforge/node_modules/next/dist"]

Debug info:
- Execution of get_written_endpoint_with_issues_operation failed
- Execution of endpoint_write_to_disk failed
- Execution of <PageEndpoint as Endpoint>::output failed
- Failed to write page endpoint /_app
- Execution of *all_asset_paths failed
- Execution of *PageEndpointOutput::output_assets failed
- Execution of PageEndpoint::output failed
- Execution of *ChunkGroupResult::all_assets failed
- Execution of PageEndpoint::client_chunk_group failed
- Execution of PageEndpoint::client_evaluatable_assets failed
- Execution of PageEndpoint::client_module failed
- Execution of *create_page_loader_entry_module failed
- Execution of PagesProject::client_module_context failed
- Execution of *ModuleAssetContext::new failed
- Execution of get_client_module_options_context failed
- Execution of *get_jsx_transform_options failed
- Execution of get_client_resolve_options_context failed
- Execution of get_transpiled_packages failed
- Execution of <DiskFileSystem as FileSystem>::read failed
- Unable to watch /home/ale/Desktop/HouseCheck/housecheck-clipforge-ad/clipforge/node_modules/next/dist
- OS file watch limit reached. about ["/home/ale/Desktop/HouseCheck/housecheck-clipforge-ad/clipforge/node_modules/next/dist"]
    at <unknown> (TurbopackInternalError: Failed to write page endpoint /_app) {
  location: undefined
}
Error [TurbopackInternalError]: Failed to write app endpoint /api/project/route

Caused by:
- Unable to watch /home/ale/Desktop/HouseCheck/housecheck-clipforge-ad/clipforge/node_modules/next/dist
- OS file watch limit reached. about ["/home/ale/Desktop/HouseCheck/housecheck-clipforge-ad/clipforge/node_modules/next/dist"]

Debug info:
- Execution of get_written_endpoint_with_issues_operation failed
- Execution of endpoint_write_to_disk failed
- Execution of <AppEndpoint as Endpoint>::output failed
- Failed to write app endpoint /api/project/route
- Execution of *all_asset_paths failed
- Execution of *AppEndpointOutput::output_assets failed
- Execution of AppEndpoint::output failed
- Execution of AppEndpoint::app_route_entry failed
- Execution of *get_app_route_entry failed
- Execution of AppProject::route_module_context failed
- Execution of AppProject::ecmascript_client_reference_transition failed
- Execution of *NextEcmascriptClientReferenceTransition::new failed
- Execution of AppProject::client_transition failed
- Execution of *FullContextTransition::new failed
- Execution of AppProject::client_module_context failed
- Execution of *ModuleAssetContext::new failed
- Execution of get_client_module_options_context failed
- Execution of *get_jsx_transform_options failed
- Execution of get_client_resolve_options_context failed
- Execution of get_transpiled_packages failed
- Execution of <DiskFileSystem as FileSystem>::read failed
- Unable to watch /home/ale/Desktop/HouseCheck/housecheck-clipforge-ad/clipforge/node_modules/next/dist
- OS file watch limit reached. about ["/home/ale/Desktop/HouseCheck/housecheck-clipforge-ad/clipforge/node_modules/next/dist"]
    at <unknown> (TurbopackInternalError: Failed to write app endpoint /api/project/route) {
  location: undefined
}
⨯ Error [TurbopackInternalError]: Failed to write page endpoint /_app

Caused by:
- Unable to watch /home/ale/Desktop/HouseCheck/housecheck-clipforge-ad/clipforge/node_modules/next/dist
- OS file watch limit reached. about ["/home/ale/Desktop/HouseCheck/housecheck-clipforge-ad/clipforge/node_modules/next/dist"]

Debug info:
- Execution of get_written_endpoint_with_issues_operation failed
- Execution of endpoint_write_to_disk failed
- Execution of <PageEndpoint as Endpoint>::output failed
- Failed to write page endpoint /_app
- Execution of *all_asset_paths failed
- Execution of *PageEndpointOutput::output_assets failed
- Execution of PageEndpoint::output failed
- Execution of *ChunkGroupResult::all_assets failed
- Execution of PageEndpoint::client_chunk_group failed
- Execution of PageEndpoint::client_evaluatable_assets failed
- Execution of PageEndpoint::client_module failed
- Execution of *create_page_loader_entry_module failed
- Execution of PagesProject::client_module_context failed
- Execution of *ModuleAssetContext::new failed
- Execution of get_client_module_options_context failed
- Execution of *get_jsx_transform_options failed
- Execution of get_client_resolve_options_context failed
- Execution of get_transpiled_packages failed
- Execution of <DiskFileSystem as FileSystem>::read failed
- Unable to watch /home/ale/Desktop/HouseCheck/housecheck-clipforge-ad/clipforge/node_modules/next/dist
- OS file watch limit reached. about ["/home/ale/Desktop/HouseCheck/housecheck-clipforge-ad/clipforge/node_modules/next/dist"]
    at <unknown> (TurbopackInternalError: Failed to write page endpoint /_app) {
  location: undefined
}
Error [TurbopackInternalError]: Failed to write page endpoint /_app

Caused by:
- Unable to watch /home/ale/Desktop/HouseCheck/housecheck-clipforge-ad/clipforge/node_modules/next/dist
- OS file watch limit reached. about ["/home/ale/Desktop/HouseCheck/housecheck-clipforge-ad/clipforge/node_modules/next/dist"]

Debug info:
- Execution of get_written_endpoint_with_issues_operation failed
- Execution of endpoint_write_to_disk failed
- Execution of <PageEndpoint as Endpoint>::output failed
- Failed to write page endpoint /_app
- Execution of *all_asset_paths failed
- Execution of *PageEndpointOutput::output_assets failed
- Execution of PageEndpoint::output failed
- Execution of *ChunkGroupResult::all_assets failed
- Execution of PageEndpoint::client_chunk_group failed
- Execution of PageEndpoint::client_evaluatable_assets failed
- Execution of PageEndpoint::client_module failed
- Execution of *create_page_loader_entry_module failed
- Execution of PagesProject::client_module_context failed
- Execution of *ModuleAssetContext::new failed
- Execution of get_client_module_options_context failed
- Execution of *get_jsx_transform_options failed
- Execution of get_client_resolve_options_context failed
- Execution of get_transpiled_packages failed
- Execution of <DiskFileSystem as FileSystem>::read failed
- Unable to watch /home/ale/Desktop/HouseCheck/housecheck-clipforge-ad/clipforge/node_modules/next/dist
- OS file watch limit reached. about ["/home/ale/Desktop/HouseCheck/housecheck-clipforge-ad/clipforge/node_modules/next/dist"]
    at <unknown> (TurbopackInternalError: Failed to write page endpoint /_app) {
  location: undefined
}

-----
[1m[31mFATAL[39m[0m: An unexpected Turbopack error occurred. A panic log has been written to /tmp/next-panic-e06653766a15e572b57a76bb1b5015de.log.

To help make Turbopack better, report this error by clicking here: https://bugs.nextjs.org/search?category=turbopack-error-report&title=Turbopack%20Error%3A%20Failed%20to%20write%20app%20endpoint%20%2Fapi%2Fproject%2Froute&body=Turbopack%20version%3A%20%60600cd2fe%60%0ANext.js%20version%3A%20%600.0.0%60%0A%0AError%20message%3A%0A%60%60%60%0AFailed%20to%20write%20app%20endpoint%20%2Fapi%2Fproject%2Froute%0A%0ACaused%20by%3A%0A-%20Unable%20to%20watch%20%2Fhome%2Fale%2FDesktop%2FHouseCheck%2Fhousecheck-clipforge-ad%2Fclipforge%2Fnode_modules%2Fnext%2Fdist%0A-%20OS%20file%20watch%20limit%20reached.%20about%20%5B%22%2Fhome%2Fale%2FDesktop%2FHouseCheck%2Fhousecheck-clipforge-ad%2Fclipforge%2Fnode_modules%2Fnext%2Fdist%22%5D%0A%0ADebug%20info%3A%0A-%20Execution%20of%20get_written_endpoint_with_issues_operation%20failed%0A-%20Execution%20of%20endpoint_write_to_disk%20failed%0A-%20Execution%20of%20%3CAppEndpoint%20as%20Endpoint%3E%3A%3Aoutput%20failed%0A-%20Failed%20to%20write%20app%20endpoint%20%2Fapi%2Fproject%2Froute%0A-%20Execution%20of%20%2Aall_asset_paths%20failed%0A-%20Execution%20of%20%2AAppEndpointOutput%3A%3Aoutput_assets%20failed%0A-%20Execution%20of%20AppEndpoint%3A%3Aoutput%20failed%0A-%20Execution%20of%20AppEndpoint%3A%3Aapp_route_entry%20failed%0A-%20Execution%20of%20%2Aget_app_route_entry%20failed%0A-%20Execution%20of%20AppProject%3A%3Aroute_module_context%20failed%0A-%20Execution%20of%20AppProject%3A%3Aecmascript_client_reference_transition%20failed%0A-%20Execution%20of%20%2ANextEcmascriptClientReferenceTransition%3A%3Anew%20failed%0A-%20Execution%20of%20AppProject%3A%3Aclient_transition%20failed%0A-%20Execution%20of%20%2AFullContextTransition%3A%3Anew%20failed%0A-%20Execution%20of%20AppProject%3A%3Aclient_module_context%20failed%0A-%20Execution%20of%20%2AModuleAssetContext%3A%3Anew%20failed%0A-%20Execution%20of%20get_client_module_options_context%20failed%0A-%20Execution%20of%20%2Aget_jsx_transform_options%20failed%0A-%20Execution%20of%20get_client_resolve_options_context%20failed%0A-%20Execution%20of%20get_transpiled_packages%20failed%0A-%20Execution%20of%20%3CDiskFileSystem%20as%20FileSystem%3E%3A%3Aread%20failed%0A-%20Unable%20to%20watch%20%2Fhome%2Fale%2FDesktop%2FHouseCheck%2Fhousecheck-clipforge-ad%2Fclipforge%2Fnode_modules%2Fnext%2Fdist%0A-%20OS%20file%20watch%20limit%20reached.%20about%20%5B%22%2Fhome%2Fale%2FDesktop%2FHouseCheck%2Fhousecheck-clipforge-ad%2Fclipforge%2Fnode_modules%2Fnext%2Fdist%22%5D%0A%60%60%60&labels=Turbopack,Turbopack%20Panic%20Backtrace
-----

⨯ Error [TurbopackInternalError]: Failed to write page endpoint /_app

Caused by:
- Unable to watch /home/ale/Desktop/HouseCheck/housecheck-clipforge-ad/clipforge/node_modules/next/dist
- OS file watch limit reached. about ["/home/ale/Desktop/HouseCheck/housecheck-clipforge-ad/clipforge/node_modules/next/dist"]

Debug info:
- Execution of get_written_endpoint_with_issues_operation failed
- Execution of endpoint_write_to_disk failed
- Execution of <PageEndpoint as Endpoint>::output failed
- Failed to write page endpoint /_app
- Execution of *all_asset_paths failed
- Execution of *PageEndpointOutput::output_assets failed
- Execution of PageEndpoint::output failed
- Execution of *ChunkGroupResult::all_assets failed
- Execution of PageEndpoint::client_chunk_group failed
- Execution of PageEndpoint::client_evaluatable_assets failed
- Execution of PageEndpoint::client_module failed
- Execution of *create_page_loader_entry_module failed
- Execution of PagesProject::client_module_context failed
- Execution of *ModuleAssetContext::new failed
- Execution of get_client_module_options_context failed
- Execution of *get_jsx_transform_options failed
- Execution of get_client_resolve_options_context failed
- Execution of get_transpiled_packages failed
- Execution of <DiskFileSystem as FileSystem>::read failed
- Unable to watch /home/ale/Desktop/HouseCheck/housecheck-clipforge-ad/clipforge/node_modules/next/dist
- OS file watch limit reached. about ["/home/ale/Desktop/HouseCheck/housecheck-clipforge-ad/clipforge/node_modules/next/dist"]
    at <unknown> (TurbopackInternalError: Failed to write page endpoint /_app) {
  location: undefined
}
Error [TurbopackInternalError]: Failed to write app endpoint /api/project/route

Caused by:
- Unable to watch /home/ale/Desktop/HouseCheck/housecheck-clipforge-ad/clipforge/node_modules/next/dist
- OS file watch limit reached. about ["/home/ale/Desktop/HouseCheck/housecheck-clipforge-ad/clipforge/node_modules/next/dist"]

Debug info:
- Execution of get_written_endpoint_with_issues_operation failed
- Execution of endpoint_write_to_disk failed
- Execution of <AppEndpoint as Endpoint>::output failed
- Failed to write app endpoint /api/project/route
- Execution of *all_asset_paths failed
- Execution of *AppEndpointOutput::output_assets failed
- Execution of AppEndpoint::output failed
- Execution of AppEndpoint::app_route_entry failed
- Execution of *get_app_route_entry failed
- Execution of AppProject::route_module_context failed
- Execution of AppProject::ecmascript_client_reference_transition failed
- Execution of *NextEcmascriptClientReferenceTransition::new failed
- Execution of AppProject::client_transition failed
- Execution of *FullContextTransition::new failed
- Execution of AppProject::client_module_context failed
- Execution of *ModuleAssetContext::new failed
- Execution of get_client_module_options_context failed
- Execution of *get_jsx_transform_options failed
- Execution of get_client_resolve_options_context failed
- Execution of get_transpiled_packages failed
- Execution of <DiskFileSystem as FileSystem>::read failed
- Unable to watch /home/ale/Desktop/HouseCheck/housecheck-clipforge-ad/clipforge/node_modules/next/dist
- OS file watch limit reached. about ["/home/ale/Desktop/HouseCheck/housecheck-clipforge-ad/clipforge/node_modules/next/dist"]
    at <unknown> (TurbopackInternalError: Failed to write app endpoint /api/project/route) {
  location: undefined
}
⨯ Error [TurbopackInternalError]: Failed to write page endpoint /_app

Caused by:
- Unable to watch /home/ale/Desktop/HouseCheck/housecheck-clipforge-ad/clipforge/node_modules/next/dist
- OS file watch limit reached. about ["/home/ale/Desktop/HouseCheck/housecheck-clipforge-ad/clipforge/node_modules/next/dist"]

Debug info:
- Execution of get_written_endpoint_with_issues_operation failed
- Execution of endpoint_write_to_disk failed
- Execution of <PageEndpoint as Endpoint>::output failed
- Failed to write page endpoint /_app
- Execution of *all_asset_paths failed
- Execution of *PageEndpointOutput::output_assets failed
- Execution of PageEndpoint::output failed
- Execution of *ChunkGroupResult::all_assets failed
- Execution of PageEndpoint::client_chunk_group failed
- Execution of PageEndpoint::client_evaluatable_assets failed
- Execution of PageEndpoint::client_module failed
- Execution of *create_page_loader_entry_module failed
- Execution of PagesProject::client_module_context failed
- Execution of *ModuleAssetContext::new failed
- Execution of get_client_module_options_context failed
- Execution of *get_jsx_transform_options failed
- Execution of get_client_resolve_options_context failed
- Execution of get_transpiled_packages failed
- Execution of <DiskFileSystem as FileSystem>::read failed
- Unable to watch /home/ale/Desktop/HouseCheck/housecheck-clipforge-ad/clipforge/node_modules/next/dist
- OS file watch limit reached. about ["/home/ale/Desktop/HouseCheck/housecheck-clipforge-ad/clipforge/node_modules/next/dist"]
    at <unknown> (TurbopackInternalError: Failed to write page endpoint /_app) {
  location: undefined
}
Error [TurbopackInternalError]: Failed to write page endpoint /_app

Caused by:
- Unable to watch /home/ale/Desktop/HouseCheck/housecheck-clipforge-ad/clipforge/node_modules/next/dist
- OS file watch limit reached. about ["/home/ale/Desktop/HouseCheck/housecheck-clipforge-ad/clipforge/node_modules/next/dist"]

Debug info:
- Execution of get_written_endpoint_with_issues_operation failed
- Execution of endpoint_write_to_disk failed
- Execution of <PageEndpoint as Endpoint>::output failed
- Failed to write page endpoint /_app
- Execution of *all_asset_paths failed
- Execution of *PageEndpointOutput::output_assets failed
- Execution of PageEndpoint::output failed
- Execution of *ChunkGroupResult::all_assets failed
- Execution of PageEndpoint::client_chunk_group failed
- Execution of PageEndpoint::client_evaluatable_assets failed
- Execution of PageEndpoint::client_module failed
- Execution of *create_page_loader_entry_module failed
- Execution of PagesProject::client_module_context failed
- Execution of *ModuleAssetContext::new failed
- Execution of get_client_module_options_context failed
- Execution of *get_jsx_transform_options failed
- Execution of get_client_resolve_options_context failed
- Execution of get_transpiled_packages failed
- Execution of <DiskFileSystem as FileSystem>::read failed
- Unable to watch /home/ale/Desktop/HouseCheck/housecheck-clipforge-ad/clipforge/node_modules/next/dist
- OS file watch limit reached. about ["/home/ale/Desktop/HouseCheck/housecheck-clipforge-ad/clipforge/node_modules/next/dist"]
    at <unknown> (TurbopackInternalError: Failed to write page endpoint /_app) {
  location: undefined
}

-----
[1m[31mFATAL[39m[0m: An unexpected Turbopack error occurred. A panic log has been written to /tmp/next-panic-e06653766a15e572b57a76bb1b5015de.log.

To help make Turbopack better, report this error by clicking here: https://bugs.nextjs.org/search?category=turbopack-error-report&title=Turbopack%20Error%3A%20Failed%20to%20write%20app%20endpoint%20%2Fapi%2Fproject%2Froute&body=Turbopack%20version%3A%20%60600cd2fe%60%0ANext.js%20version%3A%20%600.0.0%60%0A%0AError%20message%3A%0A%60%60%60%0AFailed%20to%20write%20app%20endpoint%20%2Fapi%2Fproject%2Froute%0A%0ACaused%20by%3A%0A-%20Unable%20to%20watch%20%2Fhome%2Fale%2FDesktop%2FHouseCheck%2Fhousecheck-clipforge-ad%2Fclipforge%2Fnode_modules%2Fnext%2Fdist%0A-%20OS%20file%20watch%20limit%20reached.%20about%20%5B%22%2Fhome%2Fale%2FDesktop%2FHouseCheck%2Fhousecheck-clipforge-ad%2Fclipforge%2Fnode_modules%2Fnext%2Fdist%22%5D%0A%0ADebug%20info%3A%0A-%20Execution%20of%20get_written_endpoint_with_issues_operation%20failed%0A-%20Execution%20of%20endpoint_write_to_disk%20failed%0A-%20Execution%20of%20%3CAppEndpoint%20as%20Endpoint%3E%3A%3Aoutput%20failed%0A-%20Failed%20to%20write%20app%20endpoint%20%2Fapi%2Fproject%2Froute%0A-%20Execution%20of%20%2Aall_asset_paths%20failed%0A-%20Execution%20of%20%2AAppEndpointOutput%3A%3Aoutput_assets%20failed%0A-%20Execution%20of%20AppEndpoint%3A%3Aoutput%20failed%0A-%20Execution%20of%20AppEndpoint%3A%3Aapp_route_entry%20failed%0A-%20Execution%20of%20%2Aget_app_route_entry%20failed%0A-%20Execution%20of%20AppProject%3A%3Aroute_module_context%20failed%0A-%20Execution%20of%20AppProject%3A%3Aecmascript_client_reference_transition%20failed%0A-%20Execution%20of%20%2ANextEcmascriptClientReferenceTransition%3A%3Anew%20failed%0A-%20Execution%20of%20AppProject%3A%3Aclient_transition%20failed%0A-%20Execution%20of%20%2AFullContextTransition%3A%3Anew%20failed%0A-%20Execution%20of%20AppProject%3A%3Aclient_module_context%20failed%0A-%20Execution%20of%20%2AModuleAssetContext%3A%3Anew%20failed%0A-%20Execution%20of%20get_client_module_options_context%20failed%0A-%20Execution%20of%20%2Aget_jsx_transform_options%20failed%0A-%20Execution%20of%20get_client_resolve_options_context%20failed%0A-%20Execution%20of%20get_transpiled_packages%20failed%0A-%20Execution%20of%20%3CDiskFileSystem%20as%20FileSystem%3E%3A%3Aread%20failed%0A-%20Unable%20to%20watch%20%2Fhome%2Fale%2FDesktop%2FHouseCheck%2Fhousecheck-clipforge-ad%2Fclipforge%2Fnode_modules%2Fnext%2Fdist%0A-%20OS%20file%20watch%20limit%20reached.%20about%20%5B%22%2Fhome%2Fale%2FDesktop%2FHouseCheck%2Fhousecheck-clipforge-ad%2Fclipforge%2Fnode_modules%2Fnext%2Fdist%22%5D%0A%60%60%60&labels=Turbopack,Turbopack%20Panic%20Backtrace
-----

⨯ Error [TurbopackInternalError]: Failed to write page endpoint /_app

Caused by:
- Unable to watch /home/ale/Desktop/HouseCheck/housecheck-clipforge-ad/clipforge/node_modules/next/dist
- OS file watch limit reached. about ["/home/ale/Desktop/HouseCheck/housecheck-clipforge-ad/clipforge/node_modules/next/dist"]

Debug info:
- Execution of get_written_endpoint_with_issues_operation failed
- Execution of endpoint_write_to_disk failed
- Execution of <PageEndpoint as Endpoint>::output failed
- Failed to write page endpoint /_app
- Execution of *all_asset_paths failed
- Execution of *PageEndpointOutput::output_assets failed
- Execution of PageEndpoint::output failed
- Execution of *ChunkGroupResult::all_assets failed
- Execution of PageEndpoint::client_chunk_group failed
- Execution of PageEndpoint::client_evaluatable_assets failed
- Execution of PageEndpoint::client_module failed
- Execution of *create_page_loader_entry_module failed
- Execution of PagesProject::client_module_context failed
- Execution of *ModuleAssetContext::new failed
- Execution of get_client_module_options_context failed
- Execution of *get_jsx_transform_options failed
- Execution of get_client_resolve_options_context failed
- Execution of get_transpiled_packages failed
- Execution of <DiskFileSystem as FileSystem>::read failed
- Unable to watch /home/ale/Desktop/HouseCheck/housecheck-clipforge-ad/clipforge/node_modules/next/dist
- OS file watch limit reached. about ["/home/ale/Desktop/HouseCheck/housecheck-clipforge-ad/clipforge/node_modules/next/dist"]
    at <unknown> (TurbopackInternalError: Failed to write page endpoint /_app) {
  location: undefined
}
Error [TurbopackInternalError]: Failed to write app endpoint /api/project/route

Caused by:
- Unable to watch /home/ale/Desktop/HouseCheck/housecheck-clipforge-ad/clipforge/node_modules/next/dist
- OS file watch limit reached. about ["/home/ale/Desktop/HouseCheck/housecheck-clipforge-ad/clipforge/node_modules/next/dist"]

Debug info:
- Execution of get_written_endpoint_with_issues_operation failed
- Execution of endpoint_write_to_disk failed
- Execution of <AppEndpoint as Endpoint>::output failed
- Failed to write app endpoint /api/project/route
- Execution of *all_asset_paths failed
- Execution of *AppEndpointOutput::output_assets failed
- Execution of AppEndpoint::output failed
- Execution of AppEndpoint::app_route_entry failed
- Execution of *get_app_route_entry failed
- Execution of AppProject::route_module_context failed
- Execution of AppProject::ecmascript_client_reference_transition failed
- Execution of *NextEcmascriptClientReferenceTransition::new failed
- Execution of AppProject::client_transition failed
- Execution of *FullContextTransition::new failed
- Execution of AppProject::client_module_context failed
- Execution of *ModuleAssetContext::new failed
- Execution of get_client_module_options_context failed
- Execution of *get_jsx_transform_options failed
- Execution of get_client_resolve_options_context failed
- Execution of get_transpiled_packages failed
- Execution of <DiskFileSystem as FileSystem>::read failed
- Unable to watch /home/ale/Desktop/HouseCheck/housecheck-clipforge-ad/clipforge/node_modules/next/dist
- OS file watch limit reached. about ["/home/ale/Desktop/HouseCheck/housecheck-clipforge-ad/clipforge/node_modules/next/dist"]
    at <unknown> (TurbopackInternalError: Failed to write app endpoint /api/project/route) {
  location: undefined
}
⨯ Error [TurbopackInternalError]: Failed to write page endpoint /_app

Caused by:
- Unable to watch /home/ale/Desktop/HouseCheck/housecheck-clipforge-ad/clipforge/node_modules/next/dist
- OS file watch limit reached. about ["/home/ale/Desktop/HouseCheck/housecheck-clipforge-ad/clipforge/node_modules/next/dist"]

Debug info:
- Execution of get_written_endpoint_with_issues_operation failed
- Execution of endpoint_write_to_disk failed
- Execution of <PageEndpoint as Endpoint>::output failed
- Failed to write page endpoint /_app
- Execution of *all_asset_paths failed
- Execution of *PageEndpointOutput::output_assets failed
- Execution of PageEndpoint::output failed
- Execution of *ChunkGroupResult::all_assets failed
- Execution of PageEndpoint::client_chunk_group failed
- Execution of PageEndpoint::client_evaluatable_assets failed
- Execution of PageEndpoint::client_module failed
- Execution of *create_page_loader_entry_module failed
- Execution of PagesProject::client_module_context failed
- Execution of *ModuleAssetContext::new failed
- Execution of get_client_module_options_context failed
- Execution of *get_jsx_transform_options failed
- Execution of get_client_resolve_options_context failed
- Execution of get_transpiled_packages failed
- Execution of <DiskFileSystem as FileSystem>::read failed
- Unable to watch /home/ale/Desktop/HouseCheck/housecheck-clipforge-ad/clipforge/node_modules/next/dist
- OS file watch limit reached. about ["/home/ale/Desktop/HouseCheck/housecheck-clipforge-ad/clipforge/node_modules/next/dist"]
    at <unknown> (TurbopackInternalError: Failed to write page endpoint /_app) {
  location: undefined
}
Error [TurbopackInternalError]: Failed to write page endpoint /_app

Caused by:
- Unable to watch /home/ale/Desktop/HouseCheck/housecheck-clipforge-ad/clipforge/node_modules/next/dist
- OS file watch limit reached. about ["/home/ale/Desktop/HouseCheck/housecheck-clipforge-ad/clipforge/node_modules/next/dist"]

Debug info:
- Execution of get_written_endpoint_with_issues_operation failed
- Execution of endpoint_write_to_disk failed
- Execution of <PageEndpoint as Endpoint>::output failed
- Failed to write page endpoint /_app
- Execution of *all_asset_paths failed
- Execution of *PageEndpointOutput::output_assets failed
- Execution of PageEndpoint::output failed
- Execution of *ChunkGroupResult::all_assets failed
- Execution of PageEndpoint::client_chunk_group failed
- Execution of PageEndpoint::client_evaluatable_assets failed
- Execution of PageEndpoint::client_module failed
- Execution of *create_page_loader_entry_module failed
- Execution of PagesProject::client_module_context failed
- Execution of *ModuleAssetContext::new failed
- Execution of get_client_module_options_context failed
- Execution of *get_jsx_transform_options failed
- Execution of get_client_resolve_options_context failed
- Execution of get_transpiled_packages failed
- Execution of <DiskFileSystem as FileSystem>::read failed
- Unable to watch /home/ale/Desktop/HouseCheck/housecheck-clipforge-ad/clipforge/node_modules/next/dist
- OS file watch limit reached. about ["/home/ale/Desktop/HouseCheck/housecheck-clipforge-ad/clipforge/node_modules/next/dist"]
    at <unknown> (TurbopackInternalError: Failed to write page endpoint /_app) {
  location: undefined
}

-----
[1m[31mFATAL[39m[0m: An unexpected Turbopack error occurred. A panic log has been written to /tmp/next-panic-e06653766a15e572b57a76bb1b5015de.log.

To help make Turbopack better, report this error by clicking here: https://bugs.nextjs.org/search?category=turbopack-error-report&title=Turbopack%20Error%3A%20Failed%20to%20write%20app%20endpoint%20%2Fapi%2Fproject%2Froute&body=Turbopack%20version%3A%20%60600cd2fe%60%0ANext.js%20version%3A%20%600.0.0%60%0A%0AError%20message%3A%0A%60%60%60%0AFailed%20to%20write%20app%20endpoint%20%2Fapi%2Fproject%2Froute%0A%0ACaused%20by%3A%0A-%20Unable%20to%20watch%20%2Fhome%2Fale%2FDesktop%2FHouseCheck%2Fhousecheck-clipforge-ad%2Fclipforge%2Fnode_modules%2Fnext%2Fdist%0A-%20OS%20file%20watch%20limit%20reached.%20about%20%5B%22%2Fhome%2Fale%2FDesktop%2FHouseCheck%2Fhousecheck-clipforge-ad%2Fclipforge%2Fnode_modules%2Fnext%2Fdist%22%5D%0A%0ADebug%20info%3A%0A-%20Execution%20of%20get_written_endpoint_with_issues_operation%20failed%0A-%20Execution%20of%20endpoint_write_to_disk%20failed%0A-%20Execution%20of%20%3CAppEndpoint%20as%20Endpoint%3E%3A%3Aoutput%20failed%0A-%20Failed%20to%20write%20app%20endpoint%20%2Fapi%2Fproject%2Froute%0A-%20Execution%20of%20%2Aall_asset_paths%20failed%0A-%20Execution%20of%20%2AAppEndpointOutput%3A%3Aoutput_assets%20failed%0A-%20Execution%20of%20AppEndpoint%3A%3Aoutput%20failed%0A-%20Execution%20of%20AppEndpoint%3A%3Aapp_route_entry%20failed%0A-%20Execution%20of%20%2Aget_app_route_entry%20failed%0A-%20Execution%20of%20AppProject%3A%3Aroute_module_context%20failed%0A-%20Execution%20of%20AppProject%3A%3Aecmascript_client_reference_transition%20failed%0A-%20Execution%20of%20%2ANextEcmascriptClientReferenceTransition%3A%3Anew%20failed%0A-%20Execution%20of%20AppProject%3A%3Aclient_transition%20failed%0A-%20Execution%20of%20%2AFullContextTransition%3A%3Anew%20failed%0A-%20Execution%20of%20AppProject%3A%3Aclient_module_context%20failed%0A-%20Execution%20of%20%2AModuleAssetContext%3A%3Anew%20failed%0A-%20Execution%20of%20get_client_module_options_context%20failed%0A-%20Execution%20of%20%2Aget_jsx_transform_options%20failed%0A-%20Execution%20of%20get_client_resolve_options_context%20failed%0A-%20Execution%20of%20get_transpiled_packages%20failed%0A-%20Execution%20of%20%3CDiskFileSystem%20as%20FileSystem%3E%3A%3Aread%20failed%0A-%20Unable%20to%20watch%20%2Fhome%2Fale%2FDesktop%2FHouseCheck%2Fhousecheck-clipforge-ad%2Fclipforge%2Fnode_modules%2Fnext%2Fdist%0A-%20OS%20file%20watch%20limit%20reached.%20about%20%5B%22%2Fhome%2Fale%2FDesktop%2FHouseCheck%2Fhousecheck-clipforge-ad%2Fclipforge%2Fnode_modules%2Fnext%2Fdist%22%5D%0A%60%60%60&labels=Turbopack,Turbopack%20Panic%20Backtrace
-----

⨯ Error [TurbopackInternalError]: Failed to write page endpoint /_app

Caused by:
- Unable to watch /home/ale/Desktop/HouseCheck/housecheck-clipforge-ad/clipforge/node_modules/next/dist
- OS file watch limit reached. about ["/home/ale/Desktop/HouseCheck/housecheck-clipforge-ad/clipforge/node_modules/next/dist"]

Debug info:
- Execution of get_written_endpoint_with_issues_operation failed
- Execution of endpoint_write_to_disk failed
- Execution of <PageEndpoint as Endpoint>::output failed
- Failed to write page endpoint /_app
- Execution of *all_asset_paths failed
- Execution of *PageEndpointOutput::output_assets failed
- Execution of PageEndpoint::output failed
- Execution of *ChunkGroupResult::all_assets failed
- Execution of PageEndpoint::client_chunk_group failed
- Execution of PageEndpoint::client_evaluatable_assets failed
- Execution of PageEndpoint::client_module failed
- Execution of *create_page_loader_entry_module failed
- Execution of PagesProject::client_module_context failed
- Execution of *ModuleAssetContext::new failed
- Execution of get_client_module_options_context failed
- Execution of *get_jsx_transform_options failed
- Execution of get_client_resolve_options_context failed
- Execution of get_transpiled_packages failed
- Execution of <DiskFileSystem as FileSystem>::read failed
- Unable to watch /home/ale/Desktop/HouseCheck/housecheck-clipforge-ad/clipforge/node_modules/next/dist
- OS file watch limit reached. about ["/home/ale/Desktop/HouseCheck/housecheck-clipforge-ad/clipforge/node_modules/next/dist"]
    at <unknown> (TurbopackInternalError: Failed to write page endpoint /_app) {
  location: undefined
}
Error [TurbopackInternalError]: Failed to write app endpoint /api/project/route

Caused by:
- Unable to watch /home/ale/Desktop/HouseCheck/housecheck-clipforge-ad/clipforge/node_modules/next/dist
- OS file watch limit reached. about ["/home/ale/Desktop/HouseCheck/housecheck-clipforge-ad/clipforge/node_modules/next/dist"]

Debug info:
- Execution of get_written_endpoint_with_issues_operation failed
- Execution of endpoint_write_to_disk failed
- Execution of <AppEndpoint as Endpoint>::output failed
- Failed to write app endpoint /api/project/route
- Execution of *all_asset_paths failed
- Execution of *AppEndpointOutput::output_assets failed
- Execution of AppEndpoint::output failed
- Execution of AppEndpoint::app_route_entry failed
- Execution of *get_app_route_entry failed
- Execution of AppProject::route_module_context failed
- Execution of AppProject::ecmascript_client_reference_transition failed
- Execution of *NextEcmascriptClientReferenceTransition::new failed
- Execution of AppProject::client_transition failed
- Execution of *FullContextTransition::new failed
- Execution of AppProject::client_module_context failed
- Execution of *ModuleAssetContext::new failed
- Execution of get_client_module_options_context failed
- Execution of *get_jsx_transform_options failed
- Execution of get_client_resolve_options_context failed
- Execution of get_transpiled_packages failed
- Execution of <DiskFileSystem as FileSystem>::read failed
- Unable to watch /home/ale/Desktop/HouseCheck/housecheck-clipforge-ad/clipforge/node_modules/next/dist
- OS file watch limit reached. about ["/home/ale/Desktop/HouseCheck/housecheck-clipforge-ad/clipforge/node_modules/next/dist"]
    at <unknown> (TurbopackInternalError: Failed to write app endpoint /api/project/route) {
  location: undefined
}
⨯ Error [TurbopackInternalError]: Failed to write page endpoint /_app

Caused by:
- Unable to watch /home/ale/Desktop/HouseCheck/housecheck-clipforge-ad/clipforge/node_modules/next/dist
- OS file watch limit reached. about ["/home/ale/Desktop/HouseCheck/housecheck-clipforge-ad/clipforge/node_modules/next/dist"]

Debug info:
- Execution of get_written_endpoint_with_issues_operation failed
- Execution of endpoint_write_to_disk failed
- Execution of <PageEndpoint as Endpoint>::output failed
- Failed to write page endpoint /_app
- Execution of *all_asset_paths failed
- Execution of *PageEndpointOutput::output_assets failed
- Execution of PageEndpoint::output failed
- Execution of *ChunkGroupResult::all_assets failed
- Execution of PageEndpoint::client_chunk_group failed
- Execution of PageEndpoint::client_evaluatable_assets failed
- Execution of PageEndpoint::client_module failed
- Execution of *create_page_loader_entry_module failed
- Execution of PagesProject::client_module_context failed
- Execution of *ModuleAssetContext::new failed
- Execution of get_client_module_options_context failed
- Execution of *get_jsx_transform_options failed
- Execution of get_client_resolve_options_context failed
- Execution of get_transpiled_packages failed
- Execution of <DiskFileSystem as FileSystem>::read failed
- Unable to watch /home/ale/Desktop/HouseCheck/housecheck-clipforge-ad/clipforge/node_modules/next/dist
- OS file watch limit reached. about ["/home/ale/Desktop/HouseCheck/housecheck-clipforge-ad/clipforge/node_modules/next/dist"]
    at <unknown> (TurbopackInternalError: Failed to write page endpoint /_app) {
  location: undefined
}
Error [TurbopackInternalError]: Failed to write page endpoint /_app

Caused by:
- Unable to watch /home/ale/Desktop/HouseCheck/housecheck-clipforge-ad/clipforge/node_modules/next/dist
- OS file watch limit reached. about ["/home/ale/Desktop/HouseCheck/housecheck-clipforge-ad/clipforge/node_modules/next/dist"]

Debug info:
- Execution of get_written_endpoint_with_issues_operation failed
- Execution of endpoint_write_to_disk failed
- Execution of <PageEndpoint as Endpoint>::output failed
- Failed to write page endpoint /_app
- Execution of *all_asset_paths failed
- Execution of *PageEndpointOutput::output_assets failed
- Execution of PageEndpoint::output failed
- Execution of *ChunkGroupResult::all_assets failed
- Execution of PageEndpoint::client_chunk_group failed
- Execution of PageEndpoint::client_evaluatable_assets failed
- Execution of PageEndpoint::client_module failed
- Execution of *create_page_loader_entry_module failed
- Execution of PagesProject::client_module_context failed
- Execution of *ModuleAssetContext::new failed
- Execution of get_client_module_options_context failed
- Execution of *get_jsx_transform_options failed
- Execution of get_client_resolve_options_context failed
- Execution of get_transpiled_packages failed
- Execution of <DiskFileSystem as FileSystem>::read failed
- Unable to watch /home/ale/Desktop/HouseCheck/housecheck-clipforge-ad/clipforge/node_modules/next/dist
- OS file watch limit reached. about ["/home/ale/Desktop/HouseCheck/housecheck-clipforge-ad/clipforge/node_modules/next/dist"]
    at <unknown> (TurbopackInternalError: Failed to write page endpoint /_app) {
  location: undefined
}

-----
[1m[31mFATAL[39m[0m: An unexpected Turbopack error occurred. A panic log has been written to /tmp/next-panic-e06653766a15e572b57a76bb1b5015de.log.

To help make Turbopack better, report this error by clicking here: https://bugs.nextjs.org/search?category=turbopack-error-report&title=Turbopack%20Error%3A%20Failed%20to%20write%20app%20endpoint%20%2Fapi%2Fproject%2Froute&body=Turbopack%20version%3A%20%60600cd2fe%60%0ANext.js%20version%3A%20%600.0.0%60%0A%0AError%20message%3A%0A%60%60%60%0AFailed%20to%20write%20app%20endpoint%20%2Fapi%2Fproject%2Froute%0A%0ACaused%20by%3A%0A-%20Unable%20to%20watch%20%2Fhome%2Fale%2FDesktop%2FHouseCheck%2Fhousecheck-clipforge-ad%2Fclipforge%2Fnode_modules%2Fnext%2Fdist%0A-%20OS%20file%20watch%20limit%20reached.%20about%20%5B%22%2Fhome%2Fale%2FDesktop%2FHouseCheck%2Fhousecheck-clipforge-ad%2Fclipforge%2Fnode_modules%2Fnext%2Fdist%22%5D%0A%0ADebug%20info%3A%0A-%20Execution%20of%20get_written_endpoint_with_issues_operation%20failed%0A-%20Execution%20of%20endpoint_write_to_disk%20failed%0A-%20Execution%20of%20%3CAppEndpoint%20as%20Endpoint%3E%3A%3Aoutput%20failed%0A-%20Failed%20to%20write%20app%20endpoint%20%2Fapi%2Fproject%2Froute%0A-%20Execution%20of%20%2Aall_asset_paths%20failed%0A-%20Execution%20of%20%2AAppEndpointOutput%3A%3Aoutput_assets%20failed%0A-%20Execution%20of%20AppEndpoint%3A%3Aoutput%20failed%0A-%20Execution%20of%20AppEndpoint%3A%3Aapp_route_entry%20failed%0A-%20Execution%20of%20%2Aget_app_route_entry%20failed%0A-%20Execution%20of%20AppProject%3A%3Aroute_module_context%20failed%0A-%20Execution%20of%20AppProject%3A%3Aecmascript_client_reference_transition%20failed%0A-%20Execution%20of%20%2ANextEcmascriptClientReferenceTransition%3A%3Anew%20failed%0A-%20Execution%20of%20AppProject%3A%3Aclient_transition%20failed%0A-%20Execution%20of%20%2AFullContextTransition%3A%3Anew%20failed%0A-%20Execution%20of%20AppProject%3A%3Aclient_module_context%20failed%0A-%20Execution%20of%20%2AModuleAssetContext%3A%3Anew%20failed%0A-%20Execution%20of%20get_client_module_options_context%20failed%0A-%20Execution%20of%20%2Aget_jsx_transform_options%20failed%0A-%20Execution%20of%20get_client_resolve_options_context%20failed%0A-%20Execution%20of%20get_transpiled_packages%20failed%0A-%20Execution%20of%20%3CDiskFileSystem%20as%20FileSystem%3E%3A%3Aread%20failed%0A-%20Unable%20to%20watch%20%2Fhome%2Fale%2FDesktop%2FHouseCheck%2Fhousecheck-clipforge-ad%2Fclipforge%2Fnode_modules%2Fnext%2Fdist%0A-%20OS%20file%20watch%20limit%20reached.%20about%20%5B%22%2Fhome%2Fale%2FDesktop%2FHouseCheck%2Fhousecheck-clipforge-ad%2Fclipforge%2Fnode_modules%2Fnext%2Fdist%22%5D%0A%60%60%60&labels=Turbopack,Turbopack%20Panic%20Backtrace
-----

⨯ Error [TurbopackInternalError]: Failed to write page endpoint /_app

Caused by:
- Unable to watch /home/ale/Desktop/HouseCheck/housecheck-clipforge-ad/clipforge/node_modules/next/dist
- OS file watch limit reached. about ["/home/ale/Desktop/HouseCheck/housecheck-clipforge-ad/clipforge/node_modules/next/dist"]

Debug info:
- Execution of get_written_endpoint_with_issues_operation failed
- Execution of endpoint_write_to_disk failed
- Execution of <PageEndpoint as Endpoint>::output failed
- Failed to write page endpoint /_app
- Execution of *all_asset_paths failed
- Execution of *PageEndpointOutput::output_assets failed
- Execution of PageEndpoint::output failed
- Execution of *ChunkGroupResult::all_assets failed
- Execution of PageEndpoint::client_chunk_group failed
- Execution of PageEndpoint::client_evaluatable_assets failed
- Execution of PageEndpoint::client_module failed
- Execution of *create_page_loader_entry_module failed
- Execution of PagesProject::client_module_context failed
- Execution of *ModuleAssetContext::new failed
- Execution of get_client_module_options_context failed
- Execution of *get_jsx_transform_options failed
- Execution of get_client_resolve_options_context failed
- Execution of get_transpiled_packages failed
- Execution of <DiskFileSystem as FileSystem>::read failed
- Unable to watch /home/ale/Desktop/HouseCheck/housecheck-clipforge-ad/clipforge/node_modules/next/dist
- OS file watch limit reached. about ["/home/ale/Desktop/HouseCheck/housecheck-clipforge-ad/clipforge/node_modules/next/dist"]
    at <unknown> (TurbopackInternalError: Failed to write page endpoint /_app) {
  location: undefined
}
Error [TurbopackInternalError]: Failed to write app endpoint /api/project/route

Caused by:
- Unable to watch /home/ale/Desktop/HouseCheck/housecheck-clipforge-ad/clipforge/node_modules/next/dist
- OS file watch limit reached. about ["/home/ale/Desktop/HouseCheck/housecheck-clipforge-ad/clipforge/node_modules/next/dist"]

Debug info:
- Execution of get_written_endpoint_with_issues_operation failed
- Execution of endpoint_write_to_disk failed
- Execution of <AppEndpoint as Endpoint>::output failed
- Failed to write app endpoint /api/project/route
- Execution of *all_asset_paths failed
- Execution of *AppEndpointOutput::output_assets failed
- Execution of AppEndpoint::output failed
- Execution of AppEndpoint::app_route_entry failed
- Execution of *get_app_route_entry failed
- Execution of AppProject::route_module_context failed
- Execution of AppProject::ecmascript_client_reference_transition failed
- Execution of *NextEcmascriptClientReferenceTransition::new failed
- Execution of AppProject::client_transition failed
- Execution of *FullContextTransition::new failed
- Execution of AppProject::client_module_context failed
- Execution of *ModuleAssetContext::new failed
- Execution of get_client_module_options_context failed
- Execution of *get_jsx_transform_options failed
- Execution of get_client_resolve_options_context failed
- Execution of get_transpiled_packages failed
- Execution of <DiskFileSystem as FileSystem>::read failed
- Unable to watch /home/ale/Desktop/HouseCheck/housecheck-clipforge-ad/clipforge/node_modules/next/dist
- OS file watch limit reached. about ["/home/ale/Desktop/HouseCheck/housecheck-clipforge-ad/clipforge/node_modules/next/dist"]
    at <unknown> (TurbopackInternalError: Failed to write app endpoint /api/project/route) {
  location: undefined
}
⨯ Error [TurbopackInternalError]: Failed to write page endpoint /_app

Caused by:
- Unable to watch /home/ale/Desktop/HouseCheck/housecheck-clipforge-ad/clipforge/node_modules/next/dist
- OS file watch limit reached. about ["/home/ale/Desktop/HouseCheck/housecheck-clipforge-ad/clipforge/node_modules/next/dist"]

Debug info:
- Execution of get_written_endpoint_with_issues_operation failed
- Execution of endpoint_write_to_disk failed
- Execution of <PageEndpoint as Endpoint>::output failed
- Failed to write page endpoint /_app
- Execution of *all_asset_paths failed
- Execution of *PageEndpointOutput::output_assets failed
- Execution of PageEndpoint::output failed
- Execution of *ChunkGroupResult::all_assets failed
- Execution of PageEndpoint::client_chunk_group failed
- Execution of PageEndpoint::client_evaluatable_assets failed
- Execution of PageEndpoint::client_module failed
- Execution of *create_page_loader_entry_module failed
- Execution of PagesProject::client_module_context failed
- Execution of *ModuleAssetContext::new failed
- Execution of get_client_module_options_context failed
- Execution of *get_jsx_transform_options failed
- Execution of get_client_resolve_options_context failed
- Execution of get_transpiled_packages failed
- Execution of <DiskFileSystem as FileSystem>::read failed
- Unable to watch /home/ale/Desktop/HouseCheck/housecheck-clipforge-ad/clipforge/node_modules/next/dist
- OS file watch limit reached. about ["/home/ale/Desktop/HouseCheck/housecheck-clipforge-ad/clipforge/node_modules/next/dist"]
    at <unknown> (TurbopackInternalError: Failed to write page endpoint /_app) {
  location: undefined
}
Error [TurbopackInternalError]: Failed to write page endpoint /_app

Caused by:
- Unable to watch /home/ale/Desktop/HouseCheck/housecheck-clipforge-ad/clipforge/node_modules/next/dist
- OS file watch limit reached. about ["/home/ale/Desktop/HouseCheck/housecheck-clipforge-ad/clipforge/node_modules/next/dist"]

Debug info:
- Execution of get_written_endpoint_with_issues_operation failed
- Execution of endpoint_write_to_disk failed
- Execution of <PageEndpoint as Endpoint>::output failed
- Failed to write page endpoint /_app
- Execution of *all_asset_paths failed
- Execution of *PageEndpointOutput::output_assets failed
- Execution of PageEndpoint::output failed
- Execution of *ChunkGroupResult::all_assets failed
- Execution of PageEndpoint::client_chunk_group failed
- Execution of PageEndpoint::client_evaluatable_assets failed
- Execution of PageEndpoint::client_module failed
- Execution of *create_page_loader_entry_module failed
- Execution of PagesProject::client_module_context failed
- Execution of *ModuleAssetContext::new failed
- Execution of get_client_module_options_context failed
- Execution of *get_jsx_transform_options failed
- Execution of get_client_resolve_options_context failed
- Execution of get_transpiled_packages failed
- Execution of <DiskFileSystem as FileSystem>::read failed
- Unable to watch /home/ale/Desktop/HouseCheck/housecheck-clipforge-ad/clipforge/node_modules/next/dist
- OS file watch limit reached. about ["/home/ale/Desktop/HouseCheck/housecheck-clipforge-ad/clipforge/node_modules/next/dist"]
    at <unknown> (TurbopackInternalError: Failed to write page endpoint /_app) {
  location: undefined
}

-----
[1m[31mFATAL[39m[0m: An unexpected Turbopack error occurred. A panic log has been written to /tmp/next-panic-e06653766a15e572b57a76bb1b5015de.log.

To help make Turbopack better, report this error by clicking here: https://bugs.nextjs.org/search?category=turbopack-error-report&title=Turbopack%20Error%3A%20Failed%20to%20write%20app%20endpoint%20%2Fapi%2Fproject%2Froute&body=Turbopack%20version%3A%20%60600cd2fe%60%0ANext.js%20version%3A%20%600.0.0%60%0A%0AError%20message%3A%0A%60%60%60%0AFailed%20to%20write%20app%20endpoint%20%2Fapi%2Fproject%2Froute%0A%0ACaused%20by%3A%0A-%20Unable%20to%20watch%20%2Fhome%2Fale%2FDesktop%2FHouseCheck%2Fhousecheck-clipforge-ad%2Fclipforge%2Fnode_modules%2Fnext%2Fdist%0A-%20OS%20file%20watch%20limit%20reached.%20about%20%5B%22%2Fhome%2Fale%2FDesktop%2FHouseCheck%2Fhousecheck-clipforge-ad%2Fclipforge%2Fnode_modules%2Fnext%2Fdist%22%5D%0A%0ADebug%20info%3A%0A-%20Execution%20of%20get_written_endpoint_with_issues_operation%20failed%0A-%20Execution%20of%20endpoint_write_to_disk%20failed%0A-%20Execution%20of%20%3CAppEndpoint%20as%20Endpoint%3E%3A%3Aoutput%20failed%0A-%20Failed%20to%20write%20app%20endpoint%20%2Fapi%2Fproject%2Froute%0A-%20Execution%20of%20%2Aall_asset_paths%20failed%0A-%20Execution%20of%20%2AAppEndpointOutput%3A%3Aoutput_assets%20failed%0A-%20Execution%20of%20AppEndpoint%3A%3Aoutput%20failed%0A-%20Execution%20of%20AppEndpoint%3A%3Aapp_route_entry%20failed%0A-%20Execution%20of%20%2Aget_app_route_entry%20failed%0A-%20Execution%20of%20AppProject%3A%3Aroute_module_context%20failed%0A-%20Execution%20of%20AppProject%3A%3Aecmascript_client_reference_transition%20failed%0A-%20Execution%20of%20%2ANextEcmascriptClientReferenceTransition%3A%3Anew%20failed%0A-%20Execution%20of%20AppProject%3A%3Aclient_transition%20failed%0A-%20Execution%20of%20%2AFullContextTransition%3A%3Anew%20failed%0A-%20Execution%20of%20AppProject%3A%3Aclient_module_context%20failed%0A-%20Execution%20of%20%2AModuleAssetContext%3A%3Anew%20failed%0A-%20Execution%20of%20get_client_module_options_context%20failed%0A-%20Execution%20of%20%2Aget_jsx_transform_options%20failed%0A-%20Execution%20of%20get_client_resolve_options_context%20failed%0A-%20Execution%20of%20get_transpiled_packages%20failed%0A-%20Execution%20of%20%3CDiskFileSystem%20as%20FileSystem%3E%3A%3Aread%20failed%0A-%20Unable%20to%20watch%20%2Fhome%2Fale%2FDesktop%2FHouseCheck%2Fhousecheck-clipforge-ad%2Fclipforge%2Fnode_modules%2Fnext%2Fdist%0A-%20OS%20file%20watch%20limit%20reached.%20about%20%5B%22%2Fhome%2Fale%2FDesktop%2FHouseCheck%2Fhousecheck-clipforge-ad%2Fclipforge%2Fnode_modules%2Fnext%2Fdist%22%5D%0A%60%60%60&labels=Turbopack,Turbopack%20Panic%20Backtrace
-----

⨯ Error [TurbopackInternalError]: Failed to write page endpoint /_app

Caused by:
- Unable to watch /home/ale/Desktop/HouseCheck/housecheck-clipforge-ad/clipforge/node_modules/next/dist
- OS file watch limit reached. about ["/home/ale/Desktop/HouseCheck/housecheck-clipforge-ad/clipforge/node_modules/next/dist"]

Debug info:
- Execution of get_written_endpoint_with_issues_operation failed
- Execution of endpoint_write_to_disk failed
- Execution of <PageEndpoint as Endpoint>::output failed
- Failed to write page endpoint /_app
- Execution of *all_asset_paths failed
- Execution of *PageEndpointOutput::output_assets failed
- Execution of PageEndpoint::output failed
- Execution of *ChunkGroupResult::all_assets failed
- Execution of PageEndpoint::client_chunk_group failed
- Execution of PageEndpoint::client_evaluatable_assets failed
- Execution of PageEndpoint::client_module failed
- Execution of *create_page_loader_entry_module failed
- Execution of PagesProject::client_module_context failed
- Execution of *ModuleAssetContext::new failed
- Execution of get_client_module_options_context failed
- Execution of *get_jsx_transform_options failed
- Execution of get_client_resolve_options_context failed
- Execution of get_transpiled_packages failed
- Execution of <DiskFileSystem as FileSystem>::read failed
- Unable to watch /home/ale/Desktop/HouseCheck/housecheck-clipforge-ad/clipforge/node_modules/next/dist
- OS file watch limit reached. about ["/home/ale/Desktop/HouseCheck/housecheck-clipforge-ad/clipforge/node_modules/next/dist"]
    at <unknown> (TurbopackInternalError: Failed to write page endpoint /_app) {
  location: undefined
}
Error [TurbopackInternalError]: Failed to write app endpoint /api/project/route

Caused by:
- Unable to watch /home/ale/Desktop/HouseCheck/housecheck-clipforge-ad/clipforge/node_modules/next/dist
- OS file watch limit reached. about ["/home/ale/Desktop/HouseCheck/housecheck-clipforge-ad/clipforge/node_modules/next/dist"]

Debug info:
- Execution of get_written_endpoint_with_issues_operation failed
- Execution of endpoint_write_to_disk failed
- Execution of <AppEndpoint as Endpoint>::output failed
- Failed to write app endpoint /api/project/route
- Execution of *all_asset_paths failed
- Execution of *AppEndpointOutput::output_assets failed
- Execution of AppEndpoint::output failed
- Execution of AppEndpoint::app_route_entry failed
- Execution of *get_app_route_entry failed
- Execution of AppProject::route_module_context failed
- Execution of AppProject::ecmascript_client_reference_transition failed
- Execution of *NextEcmascriptClientReferenceTransition::new failed
- Execution of AppProject::client_transition failed
- Execution of *FullContextTransition::new failed
- Execution of AppProject::client_module_context failed
- Execution of *ModuleAssetContext::new failed
- Execution of get_client_module_options_context failed
- Execution of *get_jsx_transform_options failed
- Execution of get_client_resolve_options_context failed
- Execution of get_transpiled_packages failed
- Execution of <DiskFileSystem as FileSystem>::read failed
- Unable to watch /home/ale/Desktop/HouseCheck/housecheck-clipforge-ad/clipforge/node_modules/next/dist
- OS file watch limit reached. about ["/home/ale/Desktop/HouseCheck/housecheck-clipforge-ad/clipforge/node_modules/next/dist"]
    at <unknown> (TurbopackInternalError: Failed to write app endpoint /api/project/route) {
  location: undefined
}
⨯ Error [TurbopackInternalError]: Failed to write page endpoint /_app

Caused by:
- Unable to watch /home/ale/Desktop/HouseCheck/housecheck-clipforge-ad/clipforge/node_modules/next/dist
- OS file watch limit reached. about ["/home/ale/Desktop/HouseCheck/housecheck-clipforge-ad/clipforge/node_modules/next/dist"]

Debug info:
- Execution of get_written_endpoint_with_issues_operation failed
- Execution of endpoint_write_to_disk failed
- Execution of <PageEndpoint as Endpoint>::output failed
- Failed to write page endpoint /_app
- Execution of *all_asset_paths failed
- Execution of *PageEndpointOutput::output_assets failed
- Execution of PageEndpoint::output failed
- Execution of *ChunkGroupResult::all_assets failed
- Execution of PageEndpoint::client_chunk_group failed
- Execution of PageEndpoint::client_evaluatable_assets failed
- Execution of PageEndpoint::client_module failed
- Execution of *create_page_loader_entry_module failed
- Execution of PagesProject::client_module_context failed
- Execution of *ModuleAssetContext::new failed
- Execution of get_client_module_options_context failed
- Execution of *get_jsx_transform_options failed
- Execution of get_client_resolve_options_context failed
- Execution of get_transpiled_packages failed
- Execution of <DiskFileSystem as FileSystem>::read failed
- Unable to watch /home/ale/Desktop/HouseCheck/housecheck-clipforge-ad/clipforge/node_modules/next/dist
- OS file watch limit reached. about ["/home/ale/Desktop/HouseCheck/housecheck-clipforge-ad/clipforge/node_modules/next/dist"]
    at <unknown> (TurbopackInternalError: Failed to write page endpoint /_app) {
  location: undefined
}
Error [TurbopackInternalError]: Failed to write page endpoint /_app

Caused by:
- Unable to watch /home/ale/Desktop/HouseCheck/housecheck-clipforge-ad/clipforge/node_modules/next/dist
- OS file watch limit reached. about ["/home/ale/Desktop/HouseCheck/housecheck-clipforge-ad/clipforge/node_modules/next/dist"]

Debug info:
- Execution of get_written_endpoint_with_issues_operation failed
- Execution of endpoint_write_to_disk failed
- Execution of <PageEndpoint as Endpoint>::output failed
- Failed to write page endpoint /_app
- Execution of *all_asset_paths failed
- Execution of *PageEndpointOutput::output_assets failed
- Execution of PageEndpoint::output failed
- Execution of *ChunkGroupResult::all_assets failed
- Execution of PageEndpoint::client_chunk_group failed
- Execution of PageEndpoint::client_evaluatable_assets failed
- Execution of PageEndpoint::client_module failed
- Execution of *create_page_loader_entry_module failed
- Execution of PagesProject::client_module_context failed
- Execution of *ModuleAssetContext::new failed
- Execution of get_client_module_options_context failed
- Execution of *get_jsx_transform_options failed
- Execution of get_client_resolve_options_context failed
- Execution of get_transpiled_packages failed
- Execution of <DiskFileSystem as FileSystem>::read failed
- Unable to watch /home/ale/Desktop/HouseCheck/housecheck-clipforge-ad/clipforge/node_modules/next/dist
- OS file watch limit reached. about ["/home/ale/Desktop/HouseCheck/housecheck-clipforge-ad/clipforge/node_modules/next/dist"]
    at <unknown> (TurbopackInternalError: Failed to write page endpoint /_app) {
  location: undefined
}

-----
[1m[31mFATAL[39m[0m: An unexpected Turbopack error occurred. A panic log has been written to /tmp/next-panic-e06653766a15e572b57a76bb1b5015de.log.

To help make Turbopack better, report this error by clicking here: https://bugs.nextjs.org/search?category=turbopack-error-report&title=Turbopack%20Error%3A%20Failed%20to%20write%20app%20endpoint%20%2Fapi%2Fproject%2Froute&body=Turbopack%20version%3A%20%60600cd2fe%60%0ANext.js%20version%3A%20%600.0.0%60%0A%0AError%20message%3A%0A%60%60%60%0AFailed%20to%20write%20app%20endpoint%20%2Fapi%2Fproject%2Froute%0A%0ACaused%20by%3A%0A-%20Unable%20to%20watch%20%2Fhome%2Fale%2FDesktop%2FHouseCheck%2Fhousecheck-clipforge-ad%2Fclipforge%2Fnode_modules%2Fnext%2Fdist%0A-%20OS%20file%20watch%20limit%20reached.%20about%20%5B%22%2Fhome%2Fale%2FDesktop%2FHouseCheck%2Fhousecheck-clipforge-ad%2Fclipforge%2Fnode_modules%2Fnext%2Fdist%22%5D%0A%0ADebug%20info%3A%0A-%20Execution%20of%20get_written_endpoint_with_issues_operation%20failed%0A-%20Execution%20of%20endpoint_write_to_disk%20failed%0A-%20Execution%20of%20%3CAppEndpoint%20as%20Endpoint%3E%3A%3Aoutput%20failed%0A-%20Failed%20to%20write%20app%20endpoint%20%2Fapi%2Fproject%2Froute%0A-%20Execution%20of%20%2Aall_asset_paths%20failed%0A-%20Execution%20of%20%2AAppEndpointOutput%3A%3Aoutput_assets%20failed%0A-%20Execution%20of%20AppEndpoint%3A%3Aoutput%20failed%0A-%20Execution%20of%20AppEndpoint%3A%3Aapp_route_entry%20failed%0A-%20Execution%20of%20%2Aget_app_route_entry%20failed%0A-%20Execution%20of%20AppProject%3A%3Aroute_module_context%20failed%0A-%20Execution%20of%20AppProject%3A%3Aecmascript_client_reference_transition%20failed%0A-%20Execution%20of%20%2ANextEcmascriptClientReferenceTransition%3A%3Anew%20failed%0A-%20Execution%20of%20AppProject%3A%3Aclient_transition%20failed%0A-%20Execution%20of%20%2AFullContextTransition%3A%3Anew%20failed%0A-%20Execution%20of%20AppProject%3A%3Aclient_module_context%20failed%0A-%20Execution%20of%20%2AModuleAssetContext%3A%3Anew%20failed%0A-%20Execution%20of%20get_client_module_options_context%20failed%0A-%20Execution%20of%20%2Aget_jsx_transform_options%20failed%0A-%20Execution%20of%20get_client_resolve_options_context%20failed%0A-%20Execution%20of%20get_transpiled_packages%20failed%0A-%20Execution%20of%20%3CDiskFileSystem%20as%20FileSystem%3E%3A%3Aread%20failed%0A-%20Unable%20to%20watch%20%2Fhome%2Fale%2FDesktop%2FHouseCheck%2Fhousecheck-clipforge-ad%2Fclipforge%2Fnode_modules%2Fnext%2Fdist%0A-%20OS%20file%20watch%20limit%20reached.%20about%20%5B%22%2Fhome%2Fale%2FDesktop%2FHouseCheck%2Fhousecheck-clipforge-ad%2Fclipforge%2Fnode_modules%2Fnext%2Fdist%22%5D%0A%60%60%60&labels=Turbopack,Turbopack%20Panic%20Backtrace
-----

⨯ Error [TurbopackInternalError]: Failed to write page endpoint /_app

Caused by:
- Unable to watch /home/ale/Desktop/HouseCheck/housecheck-clipforge-ad/clipforge/node_modules/next/dist
- OS file watch limit reached. about ["/home/ale/Desktop/HouseCheck/housecheck-clipforge-ad/clipforge/node_modules/next/dist"]

Debug info:
- Execution of get_written_endpoint_with_issues_operation failed
- Execution of endpoint_write_to_disk failed
- Execution of <PageEndpoint as Endpoint>::output failed
- Failed to write page endpoint /_app
- Execution of *all_asset_paths failed
- Execution of *PageEndpointOutput::output_assets failed
- Execution of PageEndpoint::output failed
- Execution of *ChunkGroupResult::all_assets failed
- Execution of PageEndpoint::client_chunk_group failed
- Execution of PageEndpoint::client_evaluatable_assets failed
- Execution of PageEndpoint::client_module failed
- Execution of *create_page_loader_entry_module failed
- Execution of PagesProject::client_module_context failed
- Execution of *ModuleAssetContext::new failed
- Execution of get_client_module_options_context failed
- Execution of *get_jsx_transform_options failed
- Execution of get_client_resolve_options_context failed
- Execution of get_transpiled_packages failed
- Execution of <DiskFileSystem as FileSystem>::read failed
- Unable to watch /home/ale/Desktop/HouseCheck/housecheck-clipforge-ad/clipforge/node_modules/next/dist
- OS file watch limit reached. about ["/home/ale/Desktop/HouseCheck/housecheck-clipforge-ad/clipforge/node_modules/next/dist"]
    at <unknown> (TurbopackInternalError: Failed to write page endpoint /_app) {
  location: undefined
}
Error [TurbopackInternalError]: Failed to write app endpoint /api/project/route

Caused by:
- Unable to watch /home/ale/Desktop/HouseCheck/housecheck-clipforge-ad/clipforge/node_modules/next/dist
- OS file watch limit reached. about ["/home/ale/Desktop/HouseCheck/housecheck-clipforge-ad/clipforge/node_modules/next/dist"]

Debug info:
- Execution of get_written_endpoint_with_issues_operation failed
- Execution of endpoint_write_to_disk failed
- Execution of <AppEndpoint as Endpoint>::output failed
- Failed to write app endpoint /api/project/route
- Execution of *all_asset_paths failed
- Execution of *AppEndpointOutput::output_assets failed
- Execution of AppEndpoint::output failed
- Execution of AppEndpoint::app_route_entry failed
- Execution of *get_app_route_entry failed
- Execution of AppProject::route_module_context failed
- Execution of AppProject::ecmascript_client_reference_transition failed
- Execution of *NextEcmascriptClientReferenceTransition::new failed
- Execution of AppProject::client_transition failed
- Execution of *FullContextTransition::new failed
- Execution of AppProject::client_module_context failed
- Execution of *ModuleAssetContext::new failed
- Execution of get_client_module_options_context failed
- Execution of *get_jsx_transform_options failed
- Execution of get_client_resolve_options_context failed
- Execution of get_transpiled_packages failed
- Execution of <DiskFileSystem as FileSystem>::read failed
- Unable to watch /home/ale/Desktop/HouseCheck/housecheck-clipforge-ad/clipforge/node_modules/next/dist
- OS file watch limit reached. about ["/home/ale/Desktop/HouseCheck/housecheck-clipforge-ad/clipforge/node_modules/next/dist"]
    at <unknown> (TurbopackInternalError: Failed to write app endpoint /api/project/route) {
  location: undefined
}
⨯ Error [TurbopackInternalError]: Failed to write page endpoint /_app

Caused by:
- Unable to watch /home/ale/Desktop/HouseCheck/housecheck-clipforge-ad/clipforge/node_modules/next/dist
- OS file watch limit reached. about ["/home/ale/Desktop/HouseCheck/housecheck-clipforge-ad/clipforge/node_modules/next/dist"]

Debug info:
- Execution of get_written_endpoint_with_issues_operation failed
- Execution of endpoint_write_to_disk failed
- Execution of <PageEndpoint as Endpoint>::output failed
- Failed to write page endpoint /_app
- Execution of *all_asset_paths failed
- Execution of *PageEndpointOutput::output_assets failed
- Execution of PageEndpoint::output failed
- Execution of *ChunkGroupResult::all_assets failed
- Execution of PageEndpoint::client_chunk_group failed
- Execution of PageEndpoint::client_evaluatable_assets failed
- Execution of PageEndpoint::client_module failed
- Execution of *create_page_loader_entry_module failed
- Execution of PagesProject::client_module_context failed
- Execution of *ModuleAssetContext::new failed
- Execution of get_client_module_options_context failed
- Execution of *get_jsx_transform_options failed
- Execution of get_client_resolve_options_context failed
- Execution of get_transpiled_packages failed
- Execution of <DiskFileSystem as FileSystem>::read failed
- Unable to watch /home/ale/Desktop/HouseCheck/housecheck-clipforge-ad/clipforge/node_modules/next/dist
- OS file watch limit reached. about ["/home/ale/Desktop/HouseCheck/housecheck-clipforge-ad/clipforge/node_modules/next/dist"]
    at <unknown> (TurbopackInternalError: Failed to write page endpoint /_app) {
  location: undefined
}
Error [TurbopackInternalError]: Failed to write page endpoint /_app

Caused by:
- Unable to watch /home/ale/Desktop/HouseCheck/housecheck-clipforge-ad/clipforge/node_modules/next/dist
- OS file watch limit reached. about ["/home/ale/Desktop/HouseCheck/housecheck-clipforge-ad/clipforge/node_modules/next/dist"]

Debug info:
- Execution of get_written_endpoint_with_issues_operation failed
- Execution of endpoint_write_to_disk failed
- Execution of <PageEndpoint as Endpoint>::output failed
- Failed to write page endpoint /_app
- Execution of *all_asset_paths failed
- Execution of *PageEndpointOutput::output_assets failed
- Execution of PageEndpoint::output failed
- Execution of *ChunkGroupResult::all_assets failed
- Execution of PageEndpoint::client_chunk_group failed
- Execution of PageEndpoint::client_evaluatable_assets failed
- Execution of PageEndpoint::client_module failed
- Execution of *create_page_loader_entry_module failed
- Execution of PagesProject::client_module_context failed
- Execution of *ModuleAssetContext::new failed
- Execution of get_client_module_options_context failed
- Execution of *get_jsx_transform_options failed
- Execution of get_client_resolve_options_context failed
- Execution of get_transpiled_packages failed
- Execution of <DiskFileSystem as FileSystem>::read failed
- Unable to watch /home/ale/Desktop/HouseCheck/housecheck-clipforge-ad/clipforge/node_modules/next/dist
- OS file watch limit reached. about ["/home/ale/Desktop/HouseCheck/housecheck-clipforge-ad/clipforge/node_modules/next/dist"]
    at <unknown> (TurbopackInternalError: Failed to write page endpoint /_app) {
  location: undefined
}

-----
[1m[31mFATAL[39m[0m: An unexpected Turbopack error occurred. A panic log has been written to /tmp/next-panic-e06653766a15e572b57a76bb1b5015de.log.

To help make Turbopack better, report this error by clicking here: https://bugs.nextjs.org/search?category=turbopack-error-report&title=Turbopack%20Error%3A%20Failed%20to%20write%20app%20endpoint%20%2Fapi%2Fproject%2Froute&body=Turbopack%20version%3A%20%60600cd2fe%60%0ANext.js%20version%3A%20%600.0.0%60%0A%0AError%20message%3A%0A%60%60%60%0AFailed%20to%20write%20app%20endpoint%20%2Fapi%2Fproject%2Froute%0A%0ACaused%20by%3A%0A-%20Unable%20to%20watch%20%2Fhome%2Fale%2FDesktop%2FHouseCheck%2Fhousecheck-clipforge-ad%2Fclipforge%2Fnode_modules%2Fnext%2Fdist%0A-%20OS%20file%20watch%20limit%20reached.%20about%20%5B%22%2Fhome%2Fale%2FDesktop%2FHouseCheck%2Fhousecheck-clipforge-ad%2Fclipforge%2Fnode_modules%2Fnext%2Fdist%22%5D%0A%0ADebug%20info%3A%0A-%20Execution%20of%20get_written_endpoint_with_issues_operation%20failed%0A-%20Execution%20of%20endpoint_write_to_disk%20failed%0A-%20Execution%20of%20%3CAppEndpoint%20as%20Endpoint%3E%3A%3Aoutput%20failed%0A-%20Failed%20to%20write%20app%20endpoint%20%2Fapi%2Fproject%2Froute%0A-%20Execution%20of%20%2Aall_asset_paths%20failed%0A-%20Execution%20of%20%2AAppEndpointOutput%3A%3Aoutput_assets%20failed%0A-%20Execution%20of%20AppEndpoint%3A%3Aoutput%20failed%0A-%20Execution%20of%20AppEndpoint%3A%3Aapp_route_entry%20failed%0A-%20Execution%20of%20%2Aget_app_route_entry%20failed%0A-%20Execution%20of%20AppProject%3A%3Aroute_module_context%20failed%0A-%20Execution%20of%20AppProject%3A%3Aecmascript_client_reference_transition%20failed%0A-%20Execution%20of%20%2ANextEcmascriptClientReferenceTransition%3A%3Anew%20failed%0A-%20Execution%20of%20AppProject%3A%3Aclient_transition%20failed%0A-%20Execution%20of%20%2AFullContextTransition%3A%3Anew%20failed%0A-%20Execution%20of%20AppProject%3A%3Aclient_module_context%20failed%0A-%20Execution%20of%20%2AModuleAssetContext%3A%3Anew%20failed%0A-%20Execution%20of%20get_client_module_options_context%20failed%0A-%20Execution%20of%20%2Aget_jsx_transform_options%20failed%0A-%20Execution%20of%20get_client_resolve_options_context%20failed%0A-%20Execution%20of%20get_transpiled_packages%20failed%0A-%20Execution%20of%20%3CDiskFileSystem%20as%20FileSystem%3E%3A%3Aread%20failed%0A-%20Unable%20to%20watch%20%2Fhome%2Fale%2FDesktop%2FHouseCheck%2Fhousecheck-clipforge-ad%2Fclipforge%2Fnode_modules%2Fnext%2Fdist%0A-%20OS%20file%20watch%20limit%20reached.%20about%20%5B%22%2Fhome%2Fale%2FDesktop%2FHouseCheck%2Fhousecheck-clipforge-ad%2Fclipforge%2Fnode_modules%2Fnext%2Fdist%22%5D%0A%60%60%60&labels=Turbopack,Turbopack%20Panic%20Backtrace
-----

⨯ Error [TurbopackInternalError]: Failed to write page endpoint /_app

Caused by:
- Unable to watch /home/ale/Desktop/HouseCheck/housecheck-clipforge-ad/clipforge/node_modules/next/dist
- OS file watch limit reached. about ["/home/ale/Desktop/HouseCheck/housecheck-clipforge-ad/clipforge/node_modules/next/dist"]

Debug info:
- Execution of get_written_endpoint_with_issues_operation failed
- Execution of endpoint_write_to_disk failed
- Execution of <PageEndpoint as Endpoint>::output failed
- Failed to write page endpoint /_app
- Execution of *all_asset_paths failed
- Execution of *PageEndpointOutput::output_assets failed
- Execution of PageEndpoint::output failed
- Execution of *ChunkGroupResult::all_assets failed
- Execution of PageEndpoint::client_chunk_group failed
- Execution of PageEndpoint::client_evaluatable_assets failed
- Execution of PageEndpoint::client_module failed
- Execution of *create_page_loader_entry_module failed
- Execution of PagesProject::client_module_context failed
- Execution of *ModuleAssetContext::new failed
- Execution of get_client_module_options_context failed
- Execution of *get_jsx_transform_options failed
- Execution of get_client_resolve_options_context failed
- Execution of get_transpiled_packages failed
- Execution of <DiskFileSystem as FileSystem>::read failed
- Unable to watch /home/ale/Desktop/HouseCheck/housecheck-clipforge-ad/clipforge/node_modules/next/dist
- OS file watch limit reached. about ["/home/ale/Desktop/HouseCheck/housecheck-clipforge-ad/clipforge/node_modules/next/dist"]
    at <unknown> (TurbopackInternalError: Failed to write page endpoint /_app) {
  location: undefined
}
Error [TurbopackInternalError]: Failed to write app endpoint /api/project/route

Caused by:
- Unable to watch /home/ale/Desktop/HouseCheck/housecheck-clipforge-ad/clipforge/node_modules/next/dist
- OS file watch limit reached. about ["/home/ale/Desktop/HouseCheck/housecheck-clipforge-ad/clipforge/node_modules/next/dist"]

Debug info:
- Execution of get_written_endpoint_with_issues_operation failed
- Execution of endpoint_write_to_disk failed
- Execution of <AppEndpoint as Endpoint>::output failed
- Failed to write app endpoint /api/project/route
- Execution of *all_asset_paths failed
- Execution of *AppEndpointOutput::output_assets failed
- Execution of AppEndpoint::output failed
- Execution of AppEndpoint::app_route_entry failed
- Execution of *get_app_route_entry failed
- Execution of AppProject::route_module_context failed
- Execution of AppProject::ecmascript_client_reference_transition failed
- Execution of *NextEcmascriptClientReferenceTransition::new failed
- Execution of AppProject::client_transition failed
- Execution of *FullContextTransition::new failed
- Execution of AppProject::client_module_context failed
- Execution of *ModuleAssetContext::new failed
- Execution of get_client_module_options_context failed
- Execution of *get_jsx_transform_options failed
- Execution of get_client_resolve_options_context failed
- Execution of get_transpiled_packages failed
- Execution of <DiskFileSystem as FileSystem>::read failed
- Unable to watch /home/ale/Desktop/HouseCheck/housecheck-clipforge-ad/clipforge/node_modules/next/dist
- OS file watch limit reached. about ["/home/ale/Desktop/HouseCheck/housecheck-clipforge-ad/clipforge/node_modules/next/dist"]
    at <unknown> (TurbopackInternalError: Failed to write app endpoint /api/project/route) {
  location: undefined
}
⨯ Error [TurbopackInternalError]: Failed to write page endpoint /_app

Caused by:
- Unable to watch /home/ale/Desktop/HouseCheck/housecheck-clipforge-ad/clipforge/node_modules/next/dist
- OS file watch limit reached. about ["/home/ale/Desktop/HouseCheck/housecheck-clipforge-ad/clipforge/node_modules/next/dist"]

Debug info:
- Execution of get_written_endpoint_with_issues_operation failed
- Execution of endpoint_write_to_disk failed
- Execution of <PageEndpoint as Endpoint>::output failed
- Failed to write page endpoint /_app
- Execution of *all_asset_paths failed
- Execution of *PageEndpointOutput::output_assets failed
- Execution of PageEndpoint::output failed
- Execution of *ChunkGroupResult::all_assets failed
- Execution of PageEndpoint::client_chunk_group failed
- Execution of PageEndpoint::client_evaluatable_assets failed
- Execution of PageEndpoint::client_module failed
- Execution of *create_page_loader_entry_module failed
- Execution of PagesProject::client_module_context failed
- Execution of *ModuleAssetContext::new failed
- Execution of get_client_module_options_context failed
- Execution of *get_jsx_transform_options failed
- Execution of get_client_resolve_options_context failed
- Execution of get_transpiled_packages failed
- Execution of <DiskFileSystem as FileSystem>::read failed
- Unable to watch /home/ale/Desktop/HouseCheck/housecheck-clipforge-ad/clipforge/node_modules/next/dist
- OS file watch limit reached. about ["/home/ale/Desktop/HouseCheck/housecheck-clipforge-ad/clipforge/node_modules/next/dist"]
    at <unknown> (TurbopackInternalError: Failed to write page endpoint /_app) {
  location: undefined
}
Error [TurbopackInternalError]: Failed to write page endpoint /_app

Caused by:
- Unable to watch /home/ale/Desktop/HouseCheck/housecheck-clipforge-ad/clipforge/node_modules/next/dist
- OS file watch limit reached. about ["/home/ale/Desktop/HouseCheck/housecheck-clipforge-ad/clipforge/node_modules/next/dist"]

Debug info:
- Execution of get_written_endpoint_with_issues_operation failed
- Execution of endpoint_write_to_disk failed
- Execution of <PageEndpoint as Endpoint>::output failed
- Failed to write page endpoint /_app
- Execution of *all_asset_paths failed
- Execution of *PageEndpointOutput::output_assets failed
- Execution of PageEndpoint::output failed
- Execution of *ChunkGroupResult::all_assets failed
- Execution of PageEndpoint::client_chunk_group failed
- Execution of PageEndpoint::client_evaluatable_assets failed
- Execution of PageEndpoint::client_module failed
- Execution of *create_page_loader_entry_module failed
- Execution of PagesProject::client_module_context failed
- Execution of *ModuleAssetContext::new failed
- Execution of get_client_module_options_context failed
- Execution of *get_jsx_transform_options failed
- Execution of get_client_resolve_options_context failed
- Execution of get_transpiled_packages failed
- Execution of <DiskFileSystem as FileSystem>::read failed
- Unable to watch /home/ale/Desktop/HouseCheck/housecheck-clipforge-ad/clipforge/node_modules/next/dist
- OS file watch limit reached. about ["/home/ale/Desktop/HouseCheck/housecheck-clipforge-ad/clipforge/node_modules/next/dist"]
    at <unknown> (TurbopackInternalError: Failed to write page endpoint /_app) {
  location: undefined
}

-----
[1m[31mFATAL[39m[0m: An unexpected Turbopack error occurred. A panic log has been written to /tmp/next-panic-e06653766a15e572b57a76bb1b5015de.log.

To help make Turbopack better, report this error by clicking here: https://bugs.nextjs.org/search?category=turbopack-error-report&title=Turbopack%20Error%3A%20Failed%20to%20write%20app%20endpoint%20%2Fapi%2Fproject%2Froute&body=Turbopack%20version%3A%20%60600cd2fe%60%0ANext.js%20version%3A%20%600.0.0%60%0A%0AError%20message%3A%0A%60%60%60%0AFailed%20to%20write%20app%20endpoint%20%2Fapi%2Fproject%2Froute%0A%0ACaused%20by%3A%0A-%20Unable%20to%20watch%20%2Fhome%2Fale%2FDesktop%2FHouseCheck%2Fhousecheck-clipforge-ad%2Fclipforge%2Fnode_modules%2Fnext%2Fdist%0A-%20OS%20file%20watch%20limit%20reached.%20about%20%5B%22%2Fhome%2Fale%2FDesktop%2FHouseCheck%2Fhousecheck-clipforge-ad%2Fclipforge%2Fnode_modules%2Fnext%2Fdist%22%5D%0A%0ADebug%20info%3A%0A-%20Execution%20of%20get_written_endpoint_with_issues_operation%20failed%0A-%20Execution%20of%20endpoint_write_to_disk%20failed%0A-%20Execution%20of%20%3CAppEndpoint%20as%20Endpoint%3E%3A%3Aoutput%20failed%0A-%20Failed%20to%20write%20app%20endpoint%20%2Fapi%2Fproject%2Froute%0A-%20Execution%20of%20%2Aall_asset_paths%20failed%0A-%20Execution%20of%20%2AAppEndpointOutput%3A%3Aoutput_assets%20failed%0A-%20Execution%20of%20AppEndpoint%3A%3Aoutput%20failed%0A-%20Execution%20of%20AppEndpoint%3A%3Aapp_route_entry%20failed%0A-%20Execution%20of%20%2Aget_app_route_entry%20failed%0A-%20Execution%20of%20AppProject%3A%3Aroute_module_context%20failed%0A-%20Execution%20of%20AppProject%3A%3Aecmascript_client_reference_transition%20failed%0A-%20Execution%20of%20%2ANextEcmascriptClientReferenceTransition%3A%3Anew%20failed%0A-%20Execution%20of%20AppProject%3A%3Aclient_transition%20failed%0A-%20Execution%20of%20%2AFullContextTransition%3A%3Anew%20failed%0A-%20Execution%20of%20AppProject%3A%3Aclient_module_context%20failed%0A-%20Execution%20of%20%2AModuleAssetContext%3A%3Anew%20failed%0A-%20Execution%20of%20get_client_module_options_context%20failed%0A-%20Execution%20of%20%2Aget_jsx_transform_options%20failed%0A-%20Execution%20of%20get_client_resolve_options_context%20failed%0A-%20Execution%20of%20get_transpiled_packages%20failed%0A-%20Execution%20of%20%3CDiskFileSystem%20as%20FileSystem%3E%3A%3Aread%20failed%0A-%20Unable%20to%20watch%20%2Fhome%2Fale%2FDesktop%2FHouseCheck%2Fhousecheck-clipforge-ad%2Fclipforge%2Fnode_modules%2Fnext%2Fdist%0A-%20OS%20file%20watch%20limit%20reached.%20about%20%5B%22%2Fhome%2Fale%2FDesktop%2FHouseCheck%2Fhousecheck-clipforge-ad%2Fclipforge%2Fnode_modules%2Fnext%2Fdist%22%5D%0A%60%60%60&labels=Turbopack,Turbopack%20Panic%20Backtrace
-----

⨯ Error [TurbopackInternalError]: Failed to write page endpoint /_app

Caused by:
- Unable to watch /home/ale/Desktop/HouseCheck/housecheck-clipforge-ad/clipforge/node_modules/next/dist
- OS file watch limit reached. about ["/home/ale/Desktop/HouseCheck/housecheck-clipforge-ad/clipforge/node_modules/next/dist"]

Debug info:
- Execution of get_written_endpoint_with_issues_operation failed
- Execution of endpoint_write_to_disk failed
- Execution of <PageEndpoint as Endpoint>::output failed
- Failed to write page endpoint /_app
- Execution of *all_asset_paths failed
- Execution of *PageEndpointOutput::output_assets failed
- Execution of PageEndpoint::output failed
- Execution of *ChunkGroupResult::all_assets failed
- Execution of PageEndpoint::client_chunk_group failed
- Execution of PageEndpoint::client_evaluatable_assets failed
- Execution of PageEndpoint::client_module failed
- Execution of *create_page_loader_entry_module failed
- Execution of PagesProject::client_module_context failed
- Execution of *ModuleAssetContext::new failed
- Execution of get_client_module_options_context failed
- Execution of *get_jsx_transform_options failed
- Execution of get_client_resolve_options_context failed
- Execution of get_transpiled_packages failed
- Execution of <DiskFileSystem as FileSystem>::read failed
- Unable to watch /home/ale/Desktop/HouseCheck/housecheck-clipforge-ad/clipforge/node_modules/next/dist
- OS file watch limit reached. about ["/home/ale/Desktop/HouseCheck/housecheck-clipforge-ad/clipforge/node_modules/next/dist"]
    at <unknown> (TurbopackInternalError: Failed to write page endpoint /_app) {
  location: undefined
}
Error [TurbopackInternalError]: Failed to write app endpoint /api/project/route

Caused by:
- Unable to watch /home/ale/Desktop/HouseCheck/housecheck-clipforge-ad/clipforge/node_modules/next/dist
- OS file watch limit reached. about ["/home/ale/Desktop/HouseCheck/housecheck-clipforge-ad/clipforge/node_modules/next/dist"]

Debug info:
- Execution of get_written_endpoint_with_issues_operation failed
- Execution of endpoint_write_to_disk failed
- Execution of <AppEndpoint as Endpoint>::output failed
- Failed to write app endpoint /api/project/route
- Execution of *all_asset_paths failed
- Execution of *AppEndpointOutput::output_assets failed
- Execution of AppEndpoint::output failed
- Execution of AppEndpoint::app_route_entry failed
- Execution of *get_app_route_entry failed
- Execution of AppProject::route_module_context failed
- Execution of AppProject::ecmascript_client_reference_transition failed
- Execution of *NextEcmascriptClientReferenceTransition::new failed
- Execution of AppProject::client_transition failed
- Execution of *FullContextTransition::new failed
- Execution of AppProject::client_module_context failed
- Execution of *ModuleAssetContext::new failed
- Execution of get_client_module_options_context failed
- Execution of *get_jsx_transform_options failed
- Execution of get_client_resolve_options_context failed
- Execution of get_transpiled_packages failed
- Execution of <DiskFileSystem as FileSystem>::read failed
- Unable to watch /home/ale/Desktop/HouseCheck/housecheck-clipforge-ad/clipforge/node_modules/next/dist
- OS file watch limit reached. about ["/home/ale/Desktop/HouseCheck/housecheck-clipforge-ad/clipforge/node_modules/next/dist"]
    at <unknown> (TurbopackInternalError: Failed to write app endpoint /api/project/route) {
  location: undefined
}
⨯ Error [TurbopackInternalError]: Failed to write page endpoint /_app

Caused by:
- Unable to watch /home/ale/Desktop/HouseCheck/housecheck-clipforge-ad/clipforge/node_modules/next/dist
- OS file watch limit reached. about ["/home/ale/Desktop/HouseCheck/housecheck-clipforge-ad/clipforge/node_modules/next/dist"]

Debug info:
- Execution of get_written_endpoint_with_issues_operation failed
- Execution of endpoint_write_to_disk failed
- Execution of <PageEndpoint as Endpoint>::output failed
- Failed to write page endpoint /_app
- Execution of *all_asset_paths failed
- Execution of *PageEndpointOutput::output_assets failed
- Execution of PageEndpoint::output failed
- Execution of *ChunkGroupResult::all_assets failed
- Execution of PageEndpoint::client_chunk_group failed
- Execution of PageEndpoint::client_evaluatable_assets failed
- Execution of PageEndpoint::client_module failed
- Execution of *create_page_loader_entry_module failed
- Execution of PagesProject::client_module_context failed
- Execution of *ModuleAssetContext::new failed
- Execution of get_client_module_options_context failed
- Execution of *get_jsx_transform_options failed
- Execution of get_client_resolve_options_context failed
- Execution of get_transpiled_packages failed
- Execution of <DiskFileSystem as FileSystem>::read failed
- Unable to watch /home/ale/Desktop/HouseCheck/housecheck-clipforge-ad/clipforge/node_modules/next/dist
- OS file watch limit reached. about ["/home/ale/Desktop/HouseCheck/housecheck-clipforge-ad/clipforge/node_modules/next/dist"]
    at <unknown> (TurbopackInternalError: Failed to write page endpoint /_app) {
  location: undefined
}
Error [TurbopackInternalError]: Failed to write page endpoint /_app

Caused by:
- Unable to watch /home/ale/Desktop/HouseCheck/housecheck-clipforge-ad/clipforge/node_modules/next/dist
- OS file watch limit reached. about ["/home/ale/Desktop/HouseCheck/housecheck-clipforge-ad/clipforge/node_modules/next/dist"]

Debug info:
- Execution of get_written_endpoint_with_issues_operation failed
- Execution of endpoint_write_to_disk failed
- Execution of <PageEndpoint as Endpoint>::output failed
- Failed to write page endpoint /_app
- Execution of *all_asset_paths failed
- Execution of *PageEndpointOutput::output_assets failed
- Execution of PageEndpoint::output failed
- Execution of *ChunkGroupResult::all_assets failed
- Execution of PageEndpoint::client_chunk_group failed
- Execution of PageEndpoint::client_evaluatable_assets failed
- Execution of PageEndpoint::client_module failed
- Execution of *create_page_loader_entry_module failed
- Execution of PagesProject::client_module_context failed
- Execution of *ModuleAssetContext::new failed
- Execution of get_client_module_options_context failed
- Execution of *get_jsx_transform_options failed
- Execution of get_client_resolve_options_context failed
- Execution of get_transpiled_packages failed
- Execution of <DiskFileSystem as FileSystem>::read failed
- Unable to watch /home/ale/Desktop/HouseCheck/housecheck-clipforge-ad/clipforge/node_modules/next/dist
- OS file watch limit reached. about ["/home/ale/Desktop/HouseCheck/housecheck-clipforge-ad/clipforge/node_modules/next/dist"]
    at <unknown> (TurbopackInternalError: Failed to write page endpoint /_app) {
  location: undefined
}

-----
[1m[31mFATAL[39m[0m: An unexpected Turbopack error occurred. A panic log has been written to /tmp/next-panic-e06653766a15e572b57a76bb1b5015de.log.

To help make Turbopack better, report this error by clicking here: https://bugs.nextjs.org/search?category=turbopack-error-report&title=Turbopack%20Error%3A%20Failed%20to%20write%20app%20endpoint%20%2Fapi%2Fproject%2Froute&body=Turbopack%20version%3A%20%60600cd2fe%60%0ANext.js%20version%3A%20%600.0.0%60%0A%0AError%20message%3A%0A%60%60%60%0AFailed%20to%20write%20app%20endpoint%20%2Fapi%2Fproject%2Froute%0A%0ACaused%20by%3A%0A-%20Unable%20to%20watch%20%2Fhome%2Fale%2FDesktop%2FHouseCheck%2Fhousecheck-clipforge-ad%2Fclipforge%2Fnode_modules%2Fnext%2Fdist%0A-%20OS%20file%20watch%20limit%20reached.%20about%20%5B%22%2Fhome%2Fale%2FDesktop%2FHouseCheck%2Fhousecheck-clipforge-ad%2Fclipforge%2Fnode_modules%2Fnext%2Fdist%22%5D%0A%0ADebug%20info%3A%0A-%20Execution%20of%20get_written_endpoint_with_issues_operation%20failed%0A-%20Execution%20of%20endpoint_write_to_disk%20failed%0A-%20Execution%20of%20%3CAppEndpoint%20as%20Endpoint%3E%3A%3Aoutput%20failed%0A-%20Failed%20to%20write%20app%20endpoint%20%2Fapi%2Fproject%2Froute%0A-%20Execution%20of%20%2Aall_asset_paths%20failed%0A-%20Execution%20of%20%2AAppEndpointOutput%3A%3Aoutput_assets%20failed%0A-%20Execution%20of%20AppEndpoint%3A%3Aoutput%20failed%0A-%20Execution%20of%20AppEndpoint%3A%3Aapp_route_entry%20failed%0A-%20Execution%20of%20%2Aget_app_route_entry%20failed%0A-%20Execution%20of%20AppProject%3A%3Aroute_module_context%20failed%0A-%20Execution%20of%20AppProject%3A%3Aecmascript_client_reference_transition%20failed%0A-%20Execution%20of%20%2ANextEcmascriptClientReferenceTransition%3A%3Anew%20failed%0A-%20Execution%20of%20AppProject%3A%3Aclient_transition%20failed%0A-%20Execution%20of%20%2AFullContextTransition%3A%3Anew%20failed%0A-%20Execution%20of%20AppProject%3A%3Aclient_module_context%20failed%0A-%20Execution%20of%20%2AModuleAssetContext%3A%3Anew%20failed%0A-%20Execution%20of%20get_client_module_options_context%20failed%0A-%20Execution%20of%20%2Aget_jsx_transform_options%20failed%0A-%20Execution%20of%20get_client_resolve_options_context%20failed%0A-%20Execution%20of%20get_transpiled_packages%20failed%0A-%20Execution%20of%20%3CDiskFileSystem%20as%20FileSystem%3E%3A%3Aread%20failed%0A-%20Unable%20to%20watch%20%2Fhome%2Fale%2FDesktop%2FHouseCheck%2Fhousecheck-clipforge-ad%2Fclipforge%2Fnode_modules%2Fnext%2Fdist%0A-%20OS%20file%20watch%20limit%20reached.%20about%20%5B%22%2Fhome%2Fale%2FDesktop%2FHouseCheck%2Fhousecheck-clipforge-ad%2Fclipforge%2Fnode_modules%2Fnext%2Fdist%22%5D%0A%60%60%60&labels=Turbopack,Turbopack%20Panic%20Backtrace
-----

⨯ Error [TurbopackInternalError]: Failed to write page endpoint /_app

Caused by:
- Unable to watch /home/ale/Desktop/HouseCheck/housecheck-clipforge-ad/clipforge/node_modules/next/dist
- OS file watch limit reached. about ["/home/ale/Desktop/HouseCheck/housecheck-clipforge-ad/clipforge/node_modules/next/dist"]

Debug info:
- Execution of get_written_endpoint_with_issues_operation failed
- Execution of endpoint_write_to_disk failed
- Execution of <PageEndpoint as Endpoint>::output failed
- Failed to write page endpoint /_app
- Execution of *all_asset_paths failed
- Execution of *PageEndpointOutput::output_assets failed
- Execution of PageEndpoint::output failed
- Execution of *ChunkGroupResult::all_assets failed
- Execution of PageEndpoint::client_chunk_group failed
- Execution of PageEndpoint::client_evaluatable_assets failed
- Execution of PageEndpoint::client_module failed
- Execution of *create_page_loader_entry_module failed
- Execution of PagesProject::client_module_context failed
- Execution of *ModuleAssetContext::new failed
- Execution of get_client_module_options_context failed
- Execution of *get_jsx_transform_options failed
- Execution of get_client_resolve_options_context failed
- Execution of get_transpiled_packages failed
- Execution of <DiskFileSystem as FileSystem>::read failed
- Unable to watch /home/ale/Desktop/HouseCheck/housecheck-clipforge-ad/clipforge/node_modules/next/dist
- OS file watch limit reached. about ["/home/ale/Desktop/HouseCheck/housecheck-clipforge-ad/clipforge/node_modules/next/dist"]
    at <unknown> (TurbopackInternalError: Failed to write page endpoint /_app) {
  location: undefined
}
Error [TurbopackInternalError]: Failed to write app endpoint /api/project/route

Caused by:
- Unable to watch /home/ale/Desktop/HouseCheck/housecheck-clipforge-ad/clipforge/node_modules/next/dist
- OS file watch limit reached. about ["/home/ale/Desktop/HouseCheck/housecheck-clipforge-ad/clipforge/node_modules/next/dist"]

Debug info:
- Execution of get_written_endpoint_with_issues_operation failed
- Execution of endpoint_write_to_disk failed
- Execution of <AppEndpoint as Endpoint>::output failed
- Failed to write app endpoint /api/project/route
- Execution of *all_asset_paths failed
- Execution of *AppEndpointOutput::output_assets failed
- Execution of AppEndpoint::output failed
- Execution of AppEndpoint::app_route_entry failed
- Execution of *get_app_route_entry failed
- Execution of AppProject::route_module_context failed
- Execution of AppProject::ecmascript_client_reference_transition failed
- Execution of *NextEcmascriptClientReferenceTransition::new failed
- Execution of AppProject::client_transition failed
- Execution of *FullContextTransition::new failed
- Execution of AppProject::client_module_context failed
- Execution of *ModuleAssetContext::new failed
- Execution of get_client_module_options_context failed
- Execution of *get_jsx_transform_options failed
- Execution of get_client_resolve_options_context failed
- Execution of get_transpiled_packages failed
- Execution of <DiskFileSystem as FileSystem>::read failed
- Unable to watch /home/ale/Desktop/HouseCheck/housecheck-clipforge-ad/clipforge/node_modules/next/dist
- OS file watch limit reached. about ["/home/ale/Desktop/HouseCheck/housecheck-clipforge-ad/clipforge/node_modules/next/dist"]
    at <unknown> (TurbopackInternalError: Failed to write app endpoint /api/project/route) {
  location: undefined
}
⨯ Error [TurbopackInternalError]: Failed to write page endpoint /_app

Caused by:
- Unable to watch /home/ale/Desktop/HouseCheck/housecheck-clipforge-ad/clipforge/node_modules/next/dist
- OS file watch limit reached. about ["/home/ale/Desktop/HouseCheck/housecheck-clipforge-ad/clipforge/node_modules/next/dist"]

Debug info:
- Execution of get_written_endpoint_with_issues_operation failed
- Execution of endpoint_write_to_disk failed
- Execution of <PageEndpoint as Endpoint>::output failed
- Failed to write page endpoint /_app
- Execution of *all_asset_paths failed
- Execution of *PageEndpointOutput::output_assets failed
- Execution of PageEndpoint::output failed
- Execution of *ChunkGroupResult::all_assets failed
- Execution of PageEndpoint::client_chunk_group failed
- Execution of PageEndpoint::client_evaluatable_assets failed
- Execution of PageEndpoint::client_module failed
- Execution of *create_page_loader_entry_module failed
- Execution of PagesProject::client_module_context failed
- Execution of *ModuleAssetContext::new failed
- Execution of get_client_module_options_context failed
- Execution of *get_jsx_transform_options failed
- Execution of get_client_resolve_options_context failed
- Execution of get_transpiled_packages failed
- Execution of <DiskFileSystem as FileSystem>::read failed
- Unable to watch /home/ale/Desktop/HouseCheck/housecheck-clipforge-ad/clipforge/node_modules/next/dist
- OS file watch limit reached. about ["/home/ale/Desktop/HouseCheck/housecheck-clipforge-ad/clipforge/node_modules/next/dist"]
    at <unknown> (TurbopackInternalError: Failed to write page endpoint /_app) {
  location: undefined
}
Error [TurbopackInternalError]: Failed to write page endpoint /_app

Caused by:
- Unable to watch /home/ale/Desktop/HouseCheck/housecheck-clipforge-ad/clipforge/node_modules/next/dist
- OS file watch limit reached. about ["/home/ale/Desktop/HouseCheck/housecheck-clipforge-ad/clipforge/node_modules/next/dist"]

Debug info:
- Execution of get_written_endpoint_with_issues_operation failed
- Execution of endpoint_write_to_disk failed
- Execution of <PageEndpoint as Endpoint>::output failed
- Failed to write page endpoint /_app
- Execution of *all_asset_paths failed
- Execution of *PageEndpointOutput::output_assets failed
- Execution of PageEndpoint::output failed
- Execution of *ChunkGroupResult::all_assets failed
- Execution of PageEndpoint::client_chunk_group failed
- Execution of PageEndpoint::client_evaluatable_assets failed
- Execution of PageEndpoint::client_module failed
- Execution of *create_page_loader_entry_module failed
- Execution of PagesProject::client_module_context failed
- Execution of *ModuleAssetContext::new failed
- Execution of get_client_module_options_context failed
- Execution of *get_jsx_transform_options failed
- Execution of get_client_resolve_options_context failed
- Execution of get_transpiled_packages failed
- Execution of <DiskFileSystem as FileSystem>::read failed
- Unable to watch /home/ale/Desktop/HouseCheck/housecheck-clipforge-ad/clipforge/node_modules/next/dist
- OS file watch limit reached. about ["/home/ale/Desktop/HouseCheck/housecheck-clipforge-ad/clipforge/node_modules/next/dist"]
    at <unknown> (TurbopackInternalError: Failed to write page endpoint /_app) {
  location: undefined
}

-----
[1m[31mFATAL[39m[0m: An unexpected Turbopack error occurred. A panic log has been written to /tmp/next-panic-e06653766a15e572b57a76bb1b5015de.log.

To help make Turbopack better, report this error by clicking here: https://bugs.nextjs.org/search?category=turbopack-error-report&title=Turbopack%20Error%3A%20Failed%20to%20write%20app%20endpoint%20%2Fapi%2Fproject%2Froute&body=Turbopack%20version%3A%20%60600cd2fe%60%0ANext.js%20version%3A%20%600.0.0%60%0A%0AError%20message%3A%0A%60%60%60%0AFailed%20to%20write%20app%20endpoint%20%2Fapi%2Fproject%2Froute%0A%0ACaused%20by%3A%0A-%20Unable%20to%20watch%20%2Fhome%2Fale%2FDesktop%2FHouseCheck%2Fhousecheck-clipforge-ad%2Fclipforge%2Fnode_modules%2Fnext%2Fdist%0A-%20OS%20file%20watch%20limit%20reached.%20about%20%5B%22%2Fhome%2Fale%2FDesktop%2FHouseCheck%2Fhousecheck-clipforge-ad%2Fclipforge%2Fnode_modules%2Fnext%2Fdist%22%5D%0A%0ADebug%20info%3A%0A-%20Execution%20of%20get_written_endpoint_with_issues_operation%20failed%0A-%20Execution%20of%20endpoint_write_to_disk%20failed%0A-%20Execution%20of%20%3CAppEndpoint%20as%20Endpoint%3E%3A%3Aoutput%20failed%0A-%20Failed%20to%20write%20app%20endpoint%20%2Fapi%2Fproject%2Froute%0A-%20Execution%20of%20%2Aall_asset_paths%20failed%0A-%20Execution%20of%20%2AAppEndpointOutput%3A%3Aoutput_assets%20failed%0A-%20Execution%20of%20AppEndpoint%3A%3Aoutput%20failed%0A-%20Execution%20of%20AppEndpoint%3A%3Aapp_route_entry%20failed%0A-%20Execution%20of%20%2Aget_app_route_entry%20failed%0A-%20Execution%20of%20AppProject%3A%3Aroute_module_context%20failed%0A-%20Execution%20of%20AppProject%3A%3Aecmascript_client_reference_transition%20failed%0A-%20Execution%20of%20%2ANextEcmascriptClientReferenceTransition%3A%3Anew%20failed%0A-%20Execution%20of%20AppProject%3A%3Aclient_transition%20failed%0A-%20Execution%20of%20%2AFullContextTransition%3A%3Anew%20failed%0A-%20Execution%20of%20AppProject%3A%3Aclient_module_context%20failed%0A-%20Execution%20of%20%2AModuleAssetContext%3A%3Anew%20failed%0A-%20Execution%20of%20get_client_module_options_context%20failed%0A-%20Execution%20of%20%2Aget_jsx_transform_options%20failed%0A-%20Execution%20of%20get_client_resolve_options_context%20failed%0A-%20Execution%20of%20get_transpiled_packages%20failed%0A-%20Execution%20of%20%3CDiskFileSystem%20as%20FileSystem%3E%3A%3Aread%20failed%0A-%20Unable%20to%20watch%20%2Fhome%2Fale%2FDesktop%2FHouseCheck%2Fhousecheck-clipforge-ad%2Fclipforge%2Fnode_modules%2Fnext%2Fdist%0A-%20OS%20file%20watch%20limit%20reached.%20about%20%5B%22%2Fhome%2Fale%2FDesktop%2FHouseCheck%2Fhousecheck-clipforge-ad%2Fclipforge%2Fnode_modules%2Fnext%2Fdist%22%5D%0A%60%60%60&labels=Turbopack,Turbopack%20Panic%20Backtrace
-----

⨯ Error [TurbopackInternalError]: Failed to write page endpoint /_app

Caused by:
- Unable to watch /home/ale/Desktop/HouseCheck/housecheck-clipforge-ad/clipforge/node_modules/next/dist
- OS file watch limit reached. about ["/home/ale/Desktop/HouseCheck/housecheck-clipforge-ad/clipforge/node_modules/next/dist"]

Debug info:
- Execution of get_written_endpoint_with_issues_operation failed
- Execution of endpoint_write_to_disk failed
- Execution of <PageEndpoint as Endpoint>::output failed
- Failed to write page endpoint /_app
- Execution of *all_asset_paths failed
- Execution of *PageEndpointOutput::output_assets failed
- Execution of PageEndpoint::output failed
- Execution of *ChunkGroupResult::all_assets failed
- Execution of PageEndpoint::client_chunk_group failed
- Execution of PageEndpoint::client_evaluatable_assets failed
- Execution of PageEndpoint::client_module failed
- Execution of *create_page_loader_entry_module failed
- Execution of PagesProject::client_module_context failed
- Execution of *ModuleAssetContext::new failed
- Execution of get_client_module_options_context failed
- Execution of *get_jsx_transform_options failed
- Execution of get_client_resolve_options_context failed
- Execution of get_transpiled_packages failed
- Execution of <DiskFileSystem as FileSystem>::read failed
- Unable to watch /home/ale/Desktop/HouseCheck/housecheck-clipforge-ad/clipforge/node_modules/next/dist
- OS file watch limit reached. about ["/home/ale/Desktop/HouseCheck/housecheck-clipforge-ad/clipforge/node_modules/next/dist"]
    at <unknown> (TurbopackInternalError: Failed to write page endpoint /_app) {
  location: undefined
}
Error [TurbopackInternalError]: Failed to write app endpoint /api/project/route

Caused by:
- Unable to watch /home/ale/Desktop/HouseCheck/housecheck-clipforge-ad/clipforge/node_modules/next/dist
- OS file watch limit reached. about ["/home/ale/Desktop/HouseCheck/housecheck-clipforge-ad/clipforge/node_modules/next/dist"]

Debug info:
- Execution of get_written_endpoint_with_issues_operation failed
- Execution of endpoint_write_to_disk failed
- Execution of <AppEndpoint as Endpoint>::output failed
- Failed to write app endpoint /api/project/route
- Execution of *all_asset_paths failed
- Execution of *AppEndpointOutput::output_assets failed
- Execution of AppEndpoint::output failed
- Execution of AppEndpoint::app_route_entry failed
- Execution of *get_app_route_entry failed
- Execution of AppProject::route_module_context failed
- Execution of AppProject::ecmascript_client_reference_transition failed
- Execution of *NextEcmascriptClientReferenceTransition::new failed
- Execution of AppProject::client_transition failed
- Execution of *FullContextTransition::new failed
- Execution of AppProject::client_module_context failed
- Execution of *ModuleAssetContext::new failed
- Execution of get_client_module_options_context failed
- Execution of *get_jsx_transform_options failed
- Execution of get_client_resolve_options_context failed
- Execution of get_transpiled_packages failed
- Execution of <DiskFileSystem as FileSystem>::read failed
- Unable to watch /home/ale/Desktop/HouseCheck/housecheck-clipforge-ad/clipforge/node_modules/next/dist
- OS file watch limit reached. about ["/home/ale/Desktop/HouseCheck/housecheck-clipforge-ad/clipforge/node_modules/next/dist"]
    at <unknown> (TurbopackInternalError: Failed to write app endpoint /api/project/route) {
  location: undefined
}
⨯ Error [TurbopackInternalError]: Failed to write page endpoint /_app

Caused by:
- Unable to watch /home/ale/Desktop/HouseCheck/housecheck-clipforge-ad/clipforge/node_modules/next/dist
- OS file watch limit reached. about ["/home/ale/Desktop/HouseCheck/housecheck-clipforge-ad/clipforge/node_modules/next/dist"]

Debug info:
- Execution of get_written_endpoint_with_issues_operation failed
- Execution of endpoint_write_to_disk failed
- Execution of <PageEndpoint as Endpoint>::output failed
- Failed to write page endpoint /_app
- Execution of *all_asset_paths failed
- Execution of *PageEndpointOutput::output_assets failed
- Execution of PageEndpoint::output failed
- Execution of *ChunkGroupResult::all_assets failed
- Execution of PageEndpoint::client_chunk_group failed
- Execution of PageEndpoint::client_evaluatable_assets failed
- Execution of PageEndpoint::client_module failed
- Execution of *create_page_loader_entry_module failed
- Execution of PagesProject::client_module_context failed
- Execution of *ModuleAssetContext::new failed
- Execution of get_client_module_options_context failed
- Execution of *get_jsx_transform_options failed
- Execution of get_client_resolve_options_context failed
- Execution of get_transpiled_packages failed
- Execution of <DiskFileSystem as FileSystem>::read failed
- Unable to watch /home/ale/Desktop/HouseCheck/housecheck-clipforge-ad/clipforge/node_modules/next/dist
- OS file watch limit reached. about ["/home/ale/Desktop/HouseCheck/housecheck-clipforge-ad/clipforge/node_modules/next/dist"]
    at <unknown> (TurbopackInternalError: Failed to write page endpoint /_app) {
  location: undefined
}
Error [TurbopackInternalError]: Failed to write page endpoint /_app

Caused by:
- Unable to watch /home/ale/Desktop/HouseCheck/housecheck-clipforge-ad/clipforge/node_modules/next/dist
- OS file watch limit reached. about ["/home/ale/Desktop/HouseCheck/housecheck-clipforge-ad/clipforge/node_modules/next/dist"]

Debug info:
- Execution of get_written_endpoint_with_issues_operation failed
- Execution of endpoint_write_to_disk failed
- Execution of <PageEndpoint as Endpoint>::output failed
- Failed to write page endpoint /_app
- Execution of *all_asset_paths failed
- Execution of *PageEndpointOutput::output_assets failed
- Execution of PageEndpoint::output failed
- Execution of *ChunkGroupResult::all_assets failed
- Execution of PageEndpoint::client_chunk_group failed
- Execution of PageEndpoint::client_evaluatable_assets failed
- Execution of PageEndpoint::client_module failed
- Execution of *create_page_loader_entry_module failed
- Execution of PagesProject::client_module_context failed
- Execution of *ModuleAssetContext::new failed
- Execution of get_client_module_options_context failed
- Execution of *get_jsx_transform_options failed
- Execution of get_client_resolve_options_context failed
- Execution of get_transpiled_packages failed
- Execution of <DiskFileSystem as FileSystem>::read failed
- Unable to watch /home/ale/Desktop/HouseCheck/housecheck-clipforge-ad/clipforge/node_modules/next/dist
- OS file watch limit reached. about ["/home/ale/Desktop/HouseCheck/housecheck-clipforge-ad/clipforge/node_modules/next/dist"]
    at <unknown> (TurbopackInternalError: Failed to write page endpoint /_app) {
  location: undefined
}

-----
[1m[31mFATAL[39m[0m: An unexpected Turbopack error occurred. A panic log has been written to /tmp/next-panic-e06653766a15e572b57a76bb1b5015de.log.

To help make Turbopack better, report this error by clicking here: https://bugs.nextjs.org/search?category=turbopack-error-report&title=Turbopack%20Error%3A%20Failed%20to%20write%20app%20endpoint%20%2Fapi%2Fproject%2Froute&body=Turbopack%20version%3A%20%60600cd2fe%60%0ANext.js%20version%3A%20%600.0.0%60%0A%0AError%20message%3A%0A%60%60%60%0AFailed%20to%20write%20app%20endpoint%20%2Fapi%2Fproject%2Froute%0A%0ACaused%20by%3A%0A-%20Unable%20to%20watch%20%2Fhome%2Fale%2FDesktop%2FHouseCheck%2Fhousecheck-clipforge-ad%2Fclipforge%2Fnode_modules%2Fnext%2Fdist%0A-%20OS%20file%20watch%20limit%20reached.%20about%20%5B%22%2Fhome%2Fale%2FDesktop%2FHouseCheck%2Fhousecheck-clipforge-ad%2Fclipforge%2Fnode_modules%2Fnext%2Fdist%22%5D%0A%0ADebug%20info%3A%0A-%20Execution%20of%20get_written_endpoint_with_issues_operation%20failed%0A-%20Execution%20of%20endpoint_write_to_disk%20failed%0A-%20Execution%20of%20%3CAppEndpoint%20as%20Endpoint%3E%3A%3Aoutput%20failed%0A-%20Failed%20to%20write%20app%20endpoint%20%2Fapi%2Fproject%2Froute%0A-%20Execution%20of%20%2Aall_asset_paths%20failed%0A-%20Execution%20of%20%2AAppEndpointOutput%3A%3Aoutput_assets%20failed%0A-%20Execution%20of%20AppEndpoint%3A%3Aoutput%20failed%0A-%20Execution%20of%20AppEndpoint%3A%3Aapp_route_entry%20failed%0A-%20Execution%20of%20%2Aget_app_route_entry%20failed%0A-%20Execution%20of%20AppProject%3A%3Aroute_module_context%20failed%0A-%20Execution%20of%20AppProject%3A%3Aecmascript_client_reference_transition%20failed%0A-%20Execution%20of%20%2ANextEcmascriptClientReferenceTransition%3A%3Anew%20failed%0A-%20Execution%20of%20AppProject%3A%3Aclient_transition%20failed%0A-%20Execution%20of%20%2AFullContextTransition%3A%3Anew%20failed%0A-%20Execution%20of%20AppProject%3A%3Aclient_module_context%20failed%0A-%20Execution%20of%20%2AModuleAssetContext%3A%3Anew%20failed%0A-%20Execution%20of%20get_client_module_options_context%20failed%0A-%20Execution%20of%20%2Aget_jsx_transform_options%20failed%0A-%20Execution%20of%20get_client_resolve_options_context%20failed%0A-%20Execution%20of%20get_transpiled_packages%20failed%0A-%20Execution%20of%20%3CDiskFileSystem%20as%20FileSystem%3E%3A%3Aread%20failed%0A-%20Unable%20to%20watch%20%2Fhome%2Fale%2FDesktop%2FHouseCheck%2Fhousecheck-clipforge-ad%2Fclipforge%2Fnode_modules%2Fnext%2Fdist%0A-%20OS%20file%20watch%20limit%20reached.%20about%20%5B%22%2Fhome%2Fale%2FDesktop%2FHouseCheck%2Fhousecheck-clipforge-ad%2Fclipforge%2Fnode_modules%2Fnext%2Fdist%22%5D%0A%60%60%60&labels=Turbopack,Turbopack%20Panic%20Backtrace
-----

⨯ Error [TurbopackInternalError]: Failed to write page endpoint /_app

Caused by:
- Unable to watch /home/ale/Desktop/HouseCheck/housecheck-clipforge-ad/clipforge/node_modules/next/dist
- OS file watch limit reached. about ["/home/ale/Desktop/HouseCheck/housecheck-clipforge-ad/clipforge/node_modules/next/dist"]

Debug info:
- Execution of get_written_endpoint_with_issues_operation failed
- Execution of endpoint_write_to_disk failed
- Execution of <PageEndpoint as Endpoint>::output failed
- Failed to write page endpoint /_app
- Execution of *all_asset_paths failed
- Execution of *PageEndpointOutput::output_assets failed
- Execution of PageEndpoint::output failed
- Execution of *ChunkGroupResult::all_assets failed
- Execution of PageEndpoint::client_chunk_group failed
- Execution of PageEndpoint::client_evaluatable_assets failed
- Execution of PageEndpoint::client_module failed
- Execution of *create_page_loader_entry_module failed
- Execution of PagesProject::client_module_context failed
- Execution of *ModuleAssetContext::new failed
- Execution of get_client_module_options_context failed
- Execution of *get_jsx_transform_options failed
- Execution of get_client_resolve_options_context failed
- Execution of get_transpiled_packages failed
- Execution of <DiskFileSystem as FileSystem>::read failed
- Unable to watch /home/ale/Desktop/HouseCheck/housecheck-clipforge-ad/clipforge/node_modules/next/dist
- OS file watch limit reached. about ["/home/ale/Desktop/HouseCheck/housecheck-clipforge-ad/clipforge/node_modules/next/dist"]
    at <unknown> (TurbopackInternalError: Failed to write page endpoint /_app) {
  location: undefined
}
Error [TurbopackInternalError]: Failed to write app endpoint /api/project/route

Caused by:
- Unable to watch /home/ale/Desktop/HouseCheck/housecheck-clipforge-ad/clipforge/node_modules/next/dist
- OS file watch limit reached. about ["/home/ale/Desktop/HouseCheck/housecheck-clipforge-ad/clipforge/node_modules/next/dist"]

Debug info:
- Execution of get_written_endpoint_with_issues_operation failed
- Execution of endpoint_write_to_disk failed
- Execution of <AppEndpoint as Endpoint>::output failed
- Failed to write app endpoint /api/project/route
- Execution of *all_asset_paths failed
- Execution of *AppEndpointOutput::output_assets failed
- Execution of AppEndpoint::output failed
- Execution of AppEndpoint::app_route_entry failed
- Execution of *get_app_route_entry failed
- Execution of AppProject::route_module_context failed
- Execution of AppProject::ecmascript_client_reference_transition failed
- Execution of *NextEcmascriptClientReferenceTransition::new failed
- Execution of AppProject::client_transition failed
- Execution of *FullContextTransition::new failed
- Execution of AppProject::client_module_context failed
- Execution of *ModuleAssetContext::new failed
- Execution of get_client_module_options_context failed
- Execution of *get_jsx_transform_options failed
- Execution of get_client_resolve_options_context failed
- Execution of get_transpiled_packages failed
- Execution of <DiskFileSystem as FileSystem>::read failed
- Unable to watch /home/ale/Desktop/HouseCheck/housecheck-clipforge-ad/clipforge/node_modules/next/dist
- OS file watch limit reached. about ["/home/ale/Desktop/HouseCheck/housecheck-clipforge-ad/clipforge/node_modules/next/dist"]
    at <unknown> (TurbopackInternalError: Failed to write app endpoint /api/project/route) {
  location: undefined
}
⨯ Error [TurbopackInternalError]: Failed to write page endpoint /_app

Caused by:
- Unable to watch /home/ale/Desktop/HouseCheck/housecheck-clipforge-ad/clipforge/node_modules/next/dist
- OS file watch limit reached. about ["/home/ale/Desktop/HouseCheck/housecheck-clipforge-ad/clipforge/node_modules/next/dist"]

Debug info:
- Execution of get_written_endpoint_with_issues_operation failed
- Execution of endpoint_write_to_disk failed
- Execution of <PageEndpoint as Endpoint>::output failed
- Failed to write page endpoint /_app
- Execution of *all_asset_paths failed
- Execution of *PageEndpointOutput::output_assets failed
- Execution of PageEndpoint::output failed
- Execution of *ChunkGroupResult::all_assets failed
- Execution of PageEndpoint::client_chunk_group failed
- Execution of PageEndpoint::client_evaluatable_assets failed
- Execution of PageEndpoint::client_module failed
- Execution of *create_page_loader_entry_module failed
- Execution of PagesProject::client_module_context failed
- Execution of *ModuleAssetContext::new failed
- Execution of get_client_module_options_context failed
- Execution of *get_jsx_transform_options failed
- Execution of get_client_resolve_options_context failed
- Execution of get_transpiled_packages failed
- Execution of <DiskFileSystem as FileSystem>::read failed
- Unable to watch /home/ale/Desktop/HouseCheck/housecheck-clipforge-ad/clipforge/node_modules/next/dist
- OS file watch limit reached. about ["/home/ale/Desktop/HouseCheck/housecheck-clipforge-ad/clipforge/node_modules/next/dist"]
    at <unknown> (TurbopackInternalError: Failed to write page endpoint /_app) {
  location: undefined
}
Error [TurbopackInternalError]: Failed to write page endpoint /_app

Caused by:
- Unable to watch /home/ale/Desktop/HouseCheck/housecheck-clipforge-ad/clipforge/node_modules/next/dist
- OS file watch limit reached. about ["/home/ale/Desktop/HouseCheck/housecheck-clipforge-ad/clipforge/node_modules/next/dist"]

Debug info:
- Execution of get_written_endpoint_with_issues_operation failed
- Execution of endpoint_write_to_disk failed
- Execution of <PageEndpoint as Endpoint>::output failed
- Failed to write page endpoint /_app
- Execution of *all_asset_paths failed
- Execution of *PageEndpointOutput::output_assets failed
- Execution of PageEndpoint::output failed
- Execution of *ChunkGroupResult::all_assets failed
- Execution of PageEndpoint::client_chunk_group failed
- Execution of PageEndpoint::client_evaluatable_assets failed
- Execution of PageEndpoint::client_module failed
- Execution of *create_page_loader_entry_module failed
- Execution of PagesProject::client_module_context failed
- Execution of *ModuleAssetContext::new failed
- Execution of get_client_module_options_context failed
- Execution of *get_jsx_transform_options failed
- Execution of get_client_resolve_options_context failed
- Execution of get_transpiled_packages failed
- Execution of <DiskFileSystem as FileSystem>::read failed
- Unable to watch /home/ale/Desktop/HouseCheck/housecheck-clipforge-ad/clipforge/node_modules/next/dist
- OS file watch limit reached. about ["/home/ale/Desktop/HouseCheck/housecheck-clipforge-ad/clipforge/node_modules/next/dist"]
    at <unknown> (TurbopackInternalError: Failed to write page endpoint /_app) {
  location: undefined
}

-----
[1m[31mFATAL[39m[0m: An unexpected Turbopack error occurred. A panic log has been written to /tmp/next-panic-e06653766a15e572b57a76bb1b5015de.log.

To help make Turbopack better, report this error by clicking here: https://bugs.nextjs.org/search?category=turbopack-error-report&title=Turbopack%20Error%3A%20Failed%20to%20write%20app%20endpoint%20%2Fapi%2Fproject%2Froute&body=Turbopack%20version%3A%20%60600cd2fe%60%0ANext.js%20version%3A%20%600.0.0%60%0A%0AError%20message%3A%0A%60%60%60%0AFailed%20to%20write%20app%20endpoint%20%2Fapi%2Fproject%2Froute%0A%0ACaused%20by%3A%0A-%20Unable%20to%20watch%20%2Fhome%2Fale%2FDesktop%2FHouseCheck%2Fhousecheck-clipforge-ad%2Fclipforge%2Fnode_modules%2Fnext%2Fdist%0A-%20OS%20file%20watch%20limit%20reached.%20about%20%5B%22%2Fhome%2Fale%2FDesktop%2FHouseCheck%2Fhousecheck-clipforge-ad%2Fclipforge%2Fnode_modules%2Fnext%2Fdist%22%5D%0A%0ADebug%20info%3A%0A-%20Execution%20of%20get_written_endpoint_with_issues_operation%20failed%0A-%20Execution%20of%20endpoint_write_to_disk%20failed%0A-%20Execution%20of%20%3CAppEndpoint%20as%20Endpoint%3E%3A%3Aoutput%20failed%0A-%20Failed%20to%20write%20app%20endpoint%20%2Fapi%2Fproject%2Froute%0A-%20Execution%20of%20%2Aall_asset_paths%20failed%0A-%20Execution%20of%20%2AAppEndpointOutput%3A%3Aoutput_assets%20failed%0A-%20Execution%20of%20AppEndpoint%3A%3Aoutput%20failed%0A-%20Execution%20of%20AppEndpoint%3A%3Aapp_route_entry%20failed%0A-%20Execution%20of%20%2Aget_app_route_entry%20failed%0A-%20Execution%20of%20AppProject%3A%3Aroute_module_context%20failed%0A-%20Execution%20of%20AppProject%3A%3Aecmascript_client_reference_transition%20failed%0A-%20Execution%20of%20%2ANextEcmascriptClientReferenceTransition%3A%3Anew%20failed%0A-%20Execution%20of%20AppProject%3A%3Aclient_transition%20failed%0A-%20Execution%20of%20%2AFullContextTransition%3A%3Anew%20failed%0A-%20Execution%20of%20AppProject%3A%3Aclient_module_context%20failed%0A-%20Execution%20of%20%2AModuleAssetContext%3A%3Anew%20failed%0A-%20Execution%20of%20get_client_module_options_context%20failed%0A-%20Execution%20of%20%2Aget_jsx_transform_options%20failed%0A-%20Execution%20of%20get_client_resolve_options_context%20failed%0A-%20Execution%20of%20get_transpiled_packages%20failed%0A-%20Execution%20of%20%3CDiskFileSystem%20as%20FileSystem%3E%3A%3Aread%20failed%0A-%20Unable%20to%20watch%20%2Fhome%2Fale%2FDesktop%2FHouseCheck%2Fhousecheck-clipforge-ad%2Fclipforge%2Fnode_modules%2Fnext%2Fdist%0A-%20OS%20file%20watch%20limit%20reached.%20about%20%5B%22%2Fhome%2Fale%2FDesktop%2FHouseCheck%2Fhousecheck-clipforge-ad%2Fclipforge%2Fnode_modules%2Fnext%2Fdist%22%5D%0A%60%60%60&labels=Turbopack,Turbopack%20Panic%20Backtrace
-----

⨯ Error [TurbopackInternalError]: Failed to write page endpoint /_app

Caused by:
- Unable to watch /home/ale/Desktop/HouseCheck/housecheck-clipforge-ad/clipforge/node_modules/next/dist
- OS file watch limit reached. about ["/home/ale/Desktop/HouseCheck/housecheck-clipforge-ad/clipforge/node_modules/next/dist"]

Debug info:
- Execution of get_written_endpoint_with_issues_operation failed
- Execution of endpoint_write_to_disk failed
- Execution of <PageEndpoint as Endpoint>::output failed
- Failed to write page endpoint /_app
- Execution of *all_asset_paths failed
- Execution of *PageEndpointOutput::output_assets failed
- Execution of PageEndpoint::output failed
- Execution of *ChunkGroupResult::all_assets failed
- Execution of PageEndpoint::client_chunk_group failed
- Execution of PageEndpoint::client_evaluatable_assets failed
- Execution of PageEndpoint::client_module failed
- Execution of *create_page_loader_entry_module failed
- Execution of PagesProject::client_module_context failed
- Execution of *ModuleAssetContext::new failed
- Execution of get_client_module_options_context failed
- Execution of *get_jsx_transform_options failed
- Execution of get_client_resolve_options_context failed
- Execution of get_transpiled_packages failed
- Execution of <DiskFileSystem as FileSystem>::read failed
- Unable to watch /home/ale/Desktop/HouseCheck/housecheck-clipforge-ad/clipforge/node_modules/next/dist
- OS file watch limit reached. about ["/home/ale/Desktop/HouseCheck/housecheck-clipforge-ad/clipforge/node_modules/next/dist"]
    at <unknown> (TurbopackInternalError: Failed to write page endpoint /_app) {
  location: undefined
}
Error [TurbopackInternalError]: Failed to write app endpoint /api/project/route

Caused by:
- Unable to watch /home/ale/Desktop/HouseCheck/housecheck-clipforge-ad/clipforge/node_modules/next/dist
- OS file watch limit reached. about ["/home/ale/Desktop/HouseCheck/housecheck-clipforge-ad/clipforge/node_modules/next/dist"]

Debug info:
- Execution of get_written_endpoint_with_issues_operation failed
- Execution of endpoint_write_to_disk failed
- Execution of <AppEndpoint as Endpoint>::output failed
- Failed to write app endpoint /api/project/route
- Execution of *all_asset_paths failed
- Execution of *AppEndpointOutput::output_assets failed
- Execution of AppEndpoint::output failed
- Execution of AppEndpoint::app_route_entry failed
- Execution of *get_app_route_entry failed
- Execution of AppProject::route_module_context failed
- Execution of AppProject::ecmascript_client_reference_transition failed
- Execution of *NextEcmascriptClientReferenceTransition::new failed
- Execution of AppProject::client_transition failed
- Execution of *FullContextTransition::new failed
- Execution of AppProject::client_module_context failed
- Execution of *ModuleAssetContext::new failed
- Execution of get_client_module_options_context failed
- Execution of *get_jsx_transform_options failed
- Execution of get_client_resolve_options_context failed
- Execution of get_transpiled_packages failed
- Execution of <DiskFileSystem as FileSystem>::read failed
- Unable to watch /home/ale/Desktop/HouseCheck/housecheck-clipforge-ad/clipforge/node_modules/next/dist
- OS file watch limit reached. about ["/home/ale/Desktop/HouseCheck/housecheck-clipforge-ad/clipforge/node_modules/next/dist"]
    at <unknown> (TurbopackInternalError: Failed to write app endpoint /api/project/route) {
  location: undefined
}
⨯ Error [TurbopackInternalError]: Failed to write page endpoint /_app

Caused by:
- Unable to watch /home/ale/Desktop/HouseCheck/housecheck-clipforge-ad/clipforge/node_modules/next/dist
- OS file watch limit reached. about ["/home/ale/Desktop/HouseCheck/housecheck-clipforge-ad/clipforge/node_modules/next/dist"]

Debug info:
- Execution of get_written_endpoint_with_issues_operation failed
- Execution of endpoint_write_to_disk failed
- Execution of <PageEndpoint as Endpoint>::output failed
- Failed to write page endpoint /_app
- Execution of *all_asset_paths failed
- Execution of *PageEndpointOutput::output_assets failed
- Execution of PageEndpoint::output failed
- Execution of *ChunkGroupResult::all_assets failed
- Execution of PageEndpoint::client_chunk_group failed
- Execution of PageEndpoint::client_evaluatable_assets failed
- Execution of PageEndpoint::client_module failed
- Execution of *create_page_loader_entry_module failed
- Execution of PagesProject::client_module_context failed
- Execution of *ModuleAssetContext::new failed
- Execution of get_client_module_options_context failed
- Execution of *get_jsx_transform_options failed
- Execution of get_client_resolve_options_context failed
- Execution of get_transpiled_packages failed
- Execution of <DiskFileSystem as FileSystem>::read failed
- Unable to watch /home/ale/Desktop/HouseCheck/housecheck-clipforge-ad/clipforge/node_modules/next/dist
- OS file watch limit reached. about ["/home/ale/Desktop/HouseCheck/housecheck-clipforge-ad/clipforge/node_modules/next/dist"]
    at <unknown> (TurbopackInternalError: Failed to write page endpoint /_app) {
  location: undefined
}
Error [TurbopackInternalError]: Failed to write page endpoint /_app

Caused by:
- Unable to watch /home/ale/Desktop/HouseCheck/housecheck-clipforge-ad/clipforge/node_modules/next/dist
- OS file watch limit reached. about ["/home/ale/Desktop/HouseCheck/housecheck-clipforge-ad/clipforge/node_modules/next/dist"]

Debug info:
- Execution of get_written_endpoint_with_issues_operation failed
- Execution of endpoint_write_to_disk failed
- Execution of <PageEndpoint as Endpoint>::output failed
- Failed to write page endpoint /_app
- Execution of *all_asset_paths failed
- Execution of *PageEndpointOutput::output_assets failed
- Execution of PageEndpoint::output failed
- Execution of *ChunkGroupResult::all_assets failed
- Execution of PageEndpoint::client_chunk_group failed
- Execution of PageEndpoint::client_evaluatable_assets failed
- Execution of PageEndpoint::client_module failed
- Execution of *create_page_loader_entry_module failed
- Execution of PagesProject::client_module_context failed
- Execution of *ModuleAssetContext::new failed
- Execution of get_client_module_options_context failed
- Execution of *get_jsx_transform_options failed
- Execution of get_client_resolve_options_context failed
- Execution of get_transpiled_packages failed
- Execution of <DiskFileSystem as FileSystem>::read failed
- Unable to watch /home/ale/Desktop/HouseCheck/housecheck-clipforge-ad/clipforge/node_modules/next/dist
- OS file watch limit reached. about ["/home/ale/Desktop/HouseCheck/housecheck-clipforge-ad/clipforge/node_modules/next/dist"]
    at <unknown> (TurbopackInternalError: Failed to write page endpoint /_app) {
  location: undefined
}

-----
[1m[31mFATAL[39m[0m: An unexpected Turbopack error occurred. A panic log has been written to /tmp/next-panic-e06653766a15e572b57a76bb1b5015de.log.

To help make Turbopack better, report this error by clicking here: https://bugs.nextjs.org/search?category=turbopack-error-report&title=Turbopack%20Error%3A%20Failed%20to%20write%20app%20endpoint%20%2Fapi%2Fproject%2Froute&body=Turbopack%20version%3A%20%60600cd2fe%60%0ANext.js%20version%3A%20%600.0.0%60%0A%0AError%20message%3A%0A%60%60%60%0AFailed%20to%20write%20app%20endpoint%20%2Fapi%2Fproject%2Froute%0A%0ACaused%20by%3A%0A-%20Unable%20to%20watch%20%2Fhome%2Fale%2FDesktop%2FHouseCheck%2Fhousecheck-clipforge-ad%2Fclipforge%2Fnode_modules%2Fnext%2Fdist%0A-%20OS%20file%20watch%20limit%20reached.%20about%20%5B%22%2Fhome%2Fale%2FDesktop%2FHouseCheck%2Fhousecheck-clipforge-ad%2Fclipforge%2Fnode_modules%2Fnext%2Fdist%22%5D%0A%0ADebug%20info%3A%0A-%20Execution%20of%20get_written_endpoint_with_issues_operation%20failed%0A-%20Execution%20of%20endpoint_write_to_disk%20failed%0A-%20Execution%20of%20%3CAppEndpoint%20as%20Endpoint%3E%3A%3Aoutput%20failed%0A-%20Failed%20to%20write%20app%20endpoint%20%2Fapi%2Fproject%2Froute%0A-%20Execution%20of%20%2Aall_asset_paths%20failed%0A-%20Execution%20of%20%2AAppEndpointOutput%3A%3Aoutput_assets%20failed%0A-%20Execution%20of%20AppEndpoint%3A%3Aoutput%20failed%0A-%20Execution%20of%20AppEndpoint%3A%3Aapp_route_entry%20failed%0A-%20Execution%20of%20%2Aget_app_route_entry%20failed%0A-%20Execution%20of%20AppProject%3A%3Aroute_module_context%20failed%0A-%20Execution%20of%20AppProject%3A%3Aecmascript_client_reference_transition%20failed%0A-%20Execution%20of%20%2ANextEcmascriptClientReferenceTransition%3A%3Anew%20failed%0A-%20Execution%20of%20AppProject%3A%3Aclient_transition%20failed%0A-%20Execution%20of%20%2AFullContextTransition%3A%3Anew%20failed%0A-%20Execution%20of%20AppProject%3A%3Aclient_module_context%20failed%0A-%20Execution%20of%20%2AModuleAssetContext%3A%3Anew%20failed%0A-%20Execution%20of%20get_client_module_options_context%20failed%0A-%20Execution%20of%20%2Aget_jsx_transform_options%20failed%0A-%20Execution%20of%20get_client_resolve_options_context%20failed%0A-%20Execution%20of%20get_transpiled_packages%20failed%0A-%20Execution%20of%20%3CDiskFileSystem%20as%20FileSystem%3E%3A%3Aread%20failed%0A-%20Unable%20to%20watch%20%2Fhome%2Fale%2FDesktop%2FHouseCheck%2Fhousecheck-clipforge-ad%2Fclipforge%2Fnode_modules%2Fnext%2Fdist%0A-%20OS%20file%20watch%20limit%20reached.%20about%20%5B%22%2Fhome%2Fale%2FDesktop%2FHouseCheck%2Fhousecheck-clipforge-ad%2Fclipforge%2Fnode_modules%2Fnext%2Fdist%22%5D%0A%60%60%60&labels=Turbopack,Turbopack%20Panic%20Backtrace
-----

⨯ Error [TurbopackInternalError]: Failed to write page endpoint /_app

Caused by:
- Unable to watch /home/ale/Desktop/HouseCheck/housecheck-clipforge-ad/clipforge/node_modules/next/dist
- OS file watch limit reached. about ["/home/ale/Desktop/HouseCheck/housecheck-clipforge-ad/clipforge/node_modules/next/dist"]

Debug info:
- Execution of get_written_endpoint_with_issues_operation failed
- Execution of endpoint_write_to_disk failed
- Execution of <PageEndpoint as Endpoint>::output failed
- Failed to write page endpoint /_app
- Execution of *all_asset_paths failed
- Execution of *PageEndpointOutput::output_assets failed
- Execution of PageEndpoint::output failed
- Execution of *ChunkGroupResult::all_assets failed
- Execution of PageEndpoint::client_chunk_group failed
- Execution of PageEndpoint::client_evaluatable_assets failed
- Execution of PageEndpoint::client_module failed
- Execution of *create_page_loader_entry_module failed
- Execution of PagesProject::client_module_context failed
- Execution of *ModuleAssetContext::new failed
- Execution of get_client_module_options_context failed
- Execution of *get_jsx_transform_options failed
- Execution of get_client_resolve_options_context failed
- Execution of get_transpiled_packages failed
- Execution of <DiskFileSystem as FileSystem>::read failed
- Unable to watch /home/ale/Desktop/HouseCheck/housecheck-clipforge-ad/clipforge/node_modules/next/dist
- OS file watch limit reached. about ["/home/ale/Desktop/HouseCheck/housecheck-clipforge-ad/clipforge/node_modules/next/dist"]
    at <unknown> (TurbopackInternalError: Failed to write page endpoint /_app) {
  location: undefined
}
Error [TurbopackInternalError]: Failed to write app endpoint /api/project/route

Caused by:
- Unable to watch /home/ale/Desktop/HouseCheck/housecheck-clipforge-ad/clipforge/node_modules/next/dist
- OS file watch limit reached. about ["/home/ale/Desktop/HouseCheck/housecheck-clipforge-ad/clipforge/node_modules/next/dist"]

Debug info:
- Execution of get_written_endpoint_with_issues_operation failed
- Execution of endpoint_write_to_disk failed
- Execution of <AppEndpoint as Endpoint>::output failed
- Failed to write app endpoint /api/project/route
- Execution of *all_asset_paths failed
- Execution of *AppEndpointOutput::output_assets failed
- Execution of AppEndpoint::output failed
- Execution of AppEndpoint::app_route_entry failed
- Execution of *get_app_route_entry failed
- Execution of AppProject::route_module_context failed
- Execution of AppProject::ecmascript_client_reference_transition failed
- Execution of *NextEcmascriptClientReferenceTransition::new failed
- Execution of AppProject::client_transition failed
- Execution of *FullContextTransition::new failed
- Execution of AppProject::client_module_context failed
- Execution of *ModuleAssetContext::new failed
- Execution of get_client_module_options_context failed
- Execution of *get_jsx_transform_options failed
- Execution of get_client_resolve_options_context failed
- Execution of get_transpiled_packages failed
- Execution of <DiskFileSystem as FileSystem>::read failed
- Unable to watch /home/ale/Desktop/HouseCheck/housecheck-clipforge-ad/clipforge/node_modules/next/dist
- OS file watch limit reached. about ["/home/ale/Desktop/HouseCheck/housecheck-clipforge-ad/clipforge/node_modules/next/dist"]
    at <unknown> (TurbopackInternalError: Failed to write app endpoint /api/project/route) {
  location: undefined
}
⨯ Error [TurbopackInternalError]: Failed to write page endpoint /_app

Caused by:
- Unable to watch /home/ale/Desktop/HouseCheck/housecheck-clipforge-ad/clipforge/node_modules/next/dist
- OS file watch limit reached. about ["/home/ale/Desktop/HouseCheck/housecheck-clipforge-ad/clipforge/node_modules/next/dist"]

Debug info:
- Execution of get_written_endpoint_with_issues_operation failed
- Execution of endpoint_write_to_disk failed
- Execution of <PageEndpoint as Endpoint>::output failed
- Failed to write page endpoint /_app
- Execution of *all_asset_paths failed
- Execution of *PageEndpointOutput::output_assets failed
- Execution of PageEndpoint::output failed
- Execution of *ChunkGroupResult::all_assets failed
- Execution of PageEndpoint::client_chunk_group failed
- Execution of PageEndpoint::client_evaluatable_assets failed
- Execution of PageEndpoint::client_module failed
- Execution of *create_page_loader_entry_module failed
- Execution of PagesProject::client_module_context failed
- Execution of *ModuleAssetContext::new failed
- Execution of get_client_module_options_context failed
- Execution of *get_jsx_transform_options failed
- Execution of get_client_resolve_options_context failed
- Execution of get_transpiled_packages failed
- Execution of <DiskFileSystem as FileSystem>::read failed
- Unable to watch /home/ale/Desktop/HouseCheck/housecheck-clipforge-ad/clipforge/node_modules/next/dist
- OS file watch limit reached. about ["/home/ale/Desktop/HouseCheck/housecheck-clipforge-ad/clipforge/node_modules/next/dist"]
    at <unknown> (TurbopackInternalError: Failed to write page endpoint /_app) {
  location: undefined
}
Error [TurbopackInternalError]: Failed to write page endpoint /_app

Caused by:
- Unable to watch /home/ale/Desktop/HouseCheck/housecheck-clipforge-ad/clipforge/node_modules/next/dist
- OS file watch limit reached. about ["/home/ale/Desktop/HouseCheck/housecheck-clipforge-ad/clipforge/node_modules/next/dist"]

Debug info:
- Execution of get_written_endpoint_with_issues_operation failed
- Execution of endpoint_write_to_disk failed
- Execution of <PageEndpoint as Endpoint>::output failed
- Failed to write page endpoint /_app
- Execution of *all_asset_paths failed
- Execution of *PageEndpointOutput::output_assets failed
- Execution of PageEndpoint::output failed
- Execution of *ChunkGroupResult::all_assets failed
- Execution of PageEndpoint::client_chunk_group failed
- Execution of PageEndpoint::client_evaluatable_assets failed
- Execution of PageEndpoint::client_module failed
- Execution of *create_page_loader_entry_module failed
- Execution of PagesProject::client_module_context failed
- Execution of *ModuleAssetContext::new failed
- Execution of get_client_module_options_context failed
- Execution of *get_jsx_transform_options failed
- Execution of get_client_resolve_options_context failed
- Execution of get_transpiled_packages failed
- Execution of <DiskFileSystem as FileSystem>::read failed
- Unable to watch /home/ale/Desktop/HouseCheck/housecheck-clipforge-ad/clipforge/node_modules/next/dist
- OS file watch limit reached. about ["/home/ale/Desktop/HouseCheck/housecheck-clipforge-ad/clipforge/node_modules/next/dist"]
    at <unknown> (TurbopackInternalError: Failed to write page endpoint /_app) {
  location: undefined
}

-----
[1m[31mFATAL[39m[0m: An unexpected Turbopack error occurred. A panic log has been written to /tmp/next-panic-e06653766a15e572b57a76bb1b5015de.log.

To help make Turbopack better, report this error by clicking here: https://bugs.nextjs.org/search?category=turbopack-error-report&title=Turbopack%20Error%3A%20Failed%20to%20write%20app%20endpoint%20%2Fapi%2Fproject%2Froute&body=Turbopack%20version%3A%20%60600cd2fe%60%0ANext.js%20version%3A%20%600.0.0%60%0A%0AError%20message%3A%0A%60%60%60%0AFailed%20to%20write%20app%20endpoint%20%2Fapi%2Fproject%2Froute%0A%0ACaused%20by%3A%0A-%20Unable%20to%20watch%20%2Fhome%2Fale%2FDesktop%2FHouseCheck%2Fhousecheck-clipforge-ad%2Fclipforge%2Fnode_modules%2Fnext%2Fdist%0A-%20OS%20file%20watch%20limit%20reached.%20about%20%5B%22%2Fhome%2Fale%2FDesktop%2FHouseCheck%2Fhousecheck-clipforge-ad%2Fclipforge%2Fnode_modules%2Fnext%2Fdist%22%5D%0A%0ADebug%20info%3A%0A-%20Execution%20of%20get_written_endpoint_with_issues_operation%20failed%0A-%20Execution%20of%20endpoint_write_to_disk%20failed%0A-%20Execution%20of%20%3CAppEndpoint%20as%20Endpoint%3E%3A%3Aoutput%20failed%0A-%20Failed%20to%20write%20app%20endpoint%20%2Fapi%2Fproject%2Froute%0A-%20Execution%20of%20%2Aall_asset_paths%20failed%0A-%20Execution%20of%20%2AAppEndpointOutput%3A%3Aoutput_assets%20failed%0A-%20Execution%20of%20AppEndpoint%3A%3Aoutput%20failed%0A-%20Execution%20of%20AppEndpoint%3A%3Aapp_route_entry%20failed%0A-%20Execution%20of%20%2Aget_app_route_entry%20failed%0A-%20Execution%20of%20AppProject%3A%3Aroute_module_context%20failed%0A-%20Execution%20of%20AppProject%3A%3Aecmascript_client_reference_transition%20failed%0A-%20Execution%20of%20%2ANextEcmascriptClientReferenceTransition%3A%3Anew%20failed%0A-%20Execution%20of%20AppProject%3A%3Aclient_transition%20failed%0A-%20Execution%20of%20%2AFullContextTransition%3A%3Anew%20failed%0A-%20Execution%20of%20AppProject%3A%3Aclient_module_context%20failed%0A-%20Execution%20of%20%2AModuleAssetContext%3A%3Anew%20failed%0A-%20Execution%20of%20get_client_module_options_context%20failed%0A-%20Execution%20of%20%2Aget_jsx_transform_options%20failed%0A-%20Execution%20of%20get_client_resolve_options_context%20failed%0A-%20Execution%20of%20get_transpiled_packages%20failed%0A-%20Execution%20of%20%3CDiskFileSystem%20as%20FileSystem%3E%3A%3Aread%20failed%0A-%20Unable%20to%20watch%20%2Fhome%2Fale%2FDesktop%2FHouseCheck%2Fhousecheck-clipforge-ad%2Fclipforge%2Fnode_modules%2Fnext%2Fdist%0A-%20OS%20file%20watch%20limit%20reached.%20about%20%5B%22%2Fhome%2Fale%2FDesktop%2FHouseCheck%2Fhousecheck-clipforge-ad%2Fclipforge%2Fnode_modules%2Fnext%2Fdist%22%5D%0A%60%60%60&labels=Turbopack,Turbopack%20Panic%20Backtrace
-----

⨯ Error [TurbopackInternalError]: Failed to write page endpoint /_app

Caused by:
- Unable to watch /home/ale/Desktop/HouseCheck/housecheck-clipforge-ad/clipforge/node_modules/next/dist
- OS file watch limit reached. about ["/home/ale/Desktop/HouseCheck/housecheck-clipforge-ad/clipforge/node_modules/next/dist"]

Debug info:
- Execution of get_written_endpoint_with_issues_operation failed
- Execution of endpoint_write_to_disk failed
- Execution of <PageEndpoint as Endpoint>::output failed
- Failed to write page endpoint /_app
- Execution of *all_asset_paths failed
- Execution of *PageEndpointOutput::output_assets failed
- Execution of PageEndpoint::output failed
- Execution of *ChunkGroupResult::all_assets failed
- Execution of PageEndpoint::client_chunk_group failed
- Execution of PageEndpoint::client_evaluatable_assets failed
- Execution of PageEndpoint::client_module failed
- Execution of *create_page_loader_entry_module failed
- Execution of PagesProject::client_module_context failed
- Execution of *ModuleAssetContext::new failed
- Execution of get_client_module_options_context failed
- Execution of *get_jsx_transform_options failed
- Execution of get_client_resolve_options_context failed
- Execution of get_transpiled_packages failed
- Execution of <DiskFileSystem as FileSystem>::read failed
- Unable to watch /home/ale/Desktop/HouseCheck/housecheck-clipforge-ad/clipforge/node_modules/next/dist
- OS file watch limit reached. about ["/home/ale/Desktop/HouseCheck/housecheck-clipforge-ad/clipforge/node_modules/next/dist"]
    at <unknown> (TurbopackInternalError: Failed to write page endpoint /_app) {
  location: undefined
}
Error [TurbopackInternalError]: Failed to write app endpoint /api/project/route

Caused by:
- Unable to watch /home/ale/Desktop/HouseCheck/housecheck-clipforge-ad/clipforge/node_modules/next/dist
- OS file watch limit reached. about ["/home/ale/Desktop/HouseCheck/housecheck-clipforge-ad/clipforge/node_modules/next/dist"]

Debug info:
- Execution of get_written_endpoint_with_issues_operation failed
- Execution of endpoint_write_to_disk failed
- Execution of <AppEndpoint as Endpoint>::output failed
- Failed to write app endpoint /api/project/route
- Execution of *all_asset_paths failed
- Execution of *AppEndpointOutput::output_assets failed
- Execution of AppEndpoint::output failed
- Execution of AppEndpoint::app_route_entry failed
- Execution of *get_app_route_entry failed
- Execution of AppProject::route_module_context failed
- Execution of AppProject::ecmascript_client_reference_transition failed
- Execution of *NextEcmascriptClientReferenceTransition::new failed
- Execution of AppProject::client_transition failed
- Execution of *FullContextTransition::new failed
- Execution of AppProject::client_module_context failed
- Execution of *ModuleAssetContext::new failed
- Execution of get_client_module_options_context failed
- Execution of *get_jsx_transform_options failed
- Execution of get_client_resolve_options_context failed
- Execution of get_transpiled_packages failed
- Execution of <DiskFileSystem as FileSystem>::read failed
- Unable to watch /home/ale/Desktop/HouseCheck/housecheck-clipforge-ad/clipforge/node_modules/next/dist
- OS file watch limit reached. about ["/home/ale/Desktop/HouseCheck/housecheck-clipforge-ad/clipforge/node_modules/next/dist"]
    at <unknown> (TurbopackInternalError: Failed to write app endpoint /api/project/route) {
  location: undefined
}
⨯ Error [TurbopackInternalError]: Failed to write page endpoint /_app

Caused by:
- Unable to watch /home/ale/Desktop/HouseCheck/housecheck-clipforge-ad/clipforge/node_modules/next/dist
- OS file watch limit reached. about ["/home/ale/Desktop/HouseCheck/housecheck-clipforge-ad/clipforge/node_modules/next/dist"]

Debug info:
- Execution of get_written_endpoint_with_issues_operation failed
- Execution of endpoint_write_to_disk failed
- Execution of <PageEndpoint as Endpoint>::output failed
- Failed to write page endpoint /_app
- Execution of *all_asset_paths failed
- Execution of *PageEndpointOutput::output_assets failed
- Execution of PageEndpoint::output failed
- Execution of *ChunkGroupResult::all_assets failed
- Execution of PageEndpoint::client_chunk_group failed
- Execution of PageEndpoint::client_evaluatable_assets failed
- Execution of PageEndpoint::client_module failed
- Execution of *create_page_loader_entry_module failed
- Execution of PagesProject::client_module_context failed
- Execution of *ModuleAssetContext::new failed
- Execution of get_client_module_options_context failed
- Execution of *get_jsx_transform_options failed
- Execution of get_client_resolve_options_context failed
- Execution of get_transpiled_packages failed
- Execution of <DiskFileSystem as FileSystem>::read failed
- Unable to watch /home/ale/Desktop/HouseCheck/housecheck-clipforge-ad/clipforge/node_modules/next/dist
- OS file watch limit reached. about ["/home/ale/Desktop/HouseCheck/housecheck-clipforge-ad/clipforge/node_modules/next/dist"]
    at <unknown> (TurbopackInternalError: Failed to write page endpoint /_app) {
  location: undefined
}
Error [TurbopackInternalError]: Failed to write page endpoint /_app

Caused by:
- Unable to watch /home/ale/Desktop/HouseCheck/housecheck-clipforge-ad/clipforge/node_modules/next/dist
- OS file watch limit reached. about ["/home/ale/Desktop/HouseCheck/housecheck-clipforge-ad/clipforge/node_modules/next/dist"]

Debug info:
- Execution of get_written_endpoint_with_issues_operation failed
- Execution of endpoint_write_to_disk failed
- Execution of <PageEndpoint as Endpoint>::output failed
- Failed to write page endpoint /_app
- Execution of *all_asset_paths failed
- Execution of *PageEndpointOutput::output_assets failed
- Execution of PageEndpoint::output failed
- Execution of *ChunkGroupResult::all_assets failed
- Execution of PageEndpoint::client_chunk_group failed
- Execution of PageEndpoint::client_evaluatable_assets failed
- Execution of PageEndpoint::client_module failed
- Execution of *create_page_loader_entry_module failed
- Execution of PagesProject::client_module_context failed
- Execution of *ModuleAssetContext::new failed
- Execution of get_client_module_options_context failed
- Execution of *get_jsx_transform_options failed
- Execution of get_client_resolve_options_context failed
- Execution of get_transpiled_packages failed
- Execution of <DiskFileSystem as FileSystem>::read failed
- Unable to watch /home/ale/Desktop/HouseCheck/housecheck-clipforge-ad/clipforge/node_modules/next/dist
- OS file watch limit reached. about ["/home/ale/Desktop/HouseCheck/housecheck-clipforge-ad/clipforge/node_modules/next/dist"]
    at <unknown> (TurbopackInternalError: Failed to write page endpoint /_app) {
  location: undefined
}

-----
[1m[31mFATAL[39m[0m: An unexpected Turbopack error occurred. A panic log has been written to /tmp/next-panic-e06653766a15e572b57a76bb1b5015de.log.

To help make Turbopack better, report this error by clicking here: https://bugs.nextjs.org/search?category=turbopack-error-report&title=Turbopack%20Error%3A%20Failed%20to%20write%20app%20endpoint%20%2Fapi%2Fproject%2Froute&body=Turbopack%20version%3A%20%60600cd2fe%60%0ANext.js%20version%3A%20%600.0.0%60%0A%0AError%20message%3A%0A%60%60%60%0AFailed%20to%20write%20app%20endpoint%20%2Fapi%2Fproject%2Froute%0A%0ACaused%20by%3A%0A-%20Unable%20to%20watch%20%2Fhome%2Fale%2FDesktop%2FHouseCheck%2Fhousecheck-clipforge-ad%2Fclipforge%2Fnode_modules%2Fnext%2Fdist%0A-%20OS%20file%20watch%20limit%20reached.%20about%20%5B%22%2Fhome%2Fale%2FDesktop%2FHouseCheck%2Fhousecheck-clipforge-ad%2Fclipforge%2Fnode_modules%2Fnext%2Fdist%22%5D%0A%0ADebug%20info%3A%0A-%20Execution%20of%20get_written_endpoint_with_issues_operation%20failed%0A-%20Execution%20of%20endpoint_write_to_disk%20failed%0A-%20Execution%20of%20%3CAppEndpoint%20as%20Endpoint%3E%3A%3Aoutput%20failed%0A-%20Failed%20to%20write%20app%20endpoint%20%2Fapi%2Fproject%2Froute%0A-%20Execution%20of%20%2Aall_asset_paths%20failed%0A-%20Execution%20of%20%2AAppEndpointOutput%3A%3Aoutput_assets%20failed%0A-%20Execution%20of%20AppEndpoint%3A%3Aoutput%20failed%0A-%20Execution%20of%20AppEndpoint%3A%3Aapp_route_entry%20failed%0A-%20Execution%20of%20%2Aget_app_route_entry%20failed%0A-%20Execution%20of%20AppProject%3A%3Aroute_module_context%20failed%0A-%20Execution%20of%20AppProject%3A%3Aecmascript_client_reference_transition%20failed%0A-%20Execution%20of%20%2ANextEcmascriptClientReferenceTransition%3A%3Anew%20failed%0A-%20Execution%20of%20AppProject%3A%3Aclient_transition%20failed%0A-%20Execution%20of%20%2AFullContextTransition%3A%3Anew%20failed%0A-%20Execution%20of%20AppProject%3A%3Aclient_module_context%20failed%0A-%20Execution%20of%20%2AModuleAssetContext%3A%3Anew%20failed%0A-%20Execution%20of%20get_client_module_options_context%20failed%0A-%20Execution%20of%20%2Aget_jsx_transform_options%20failed%0A-%20Execution%20of%20get_client_resolve_options_context%20failed%0A-%20Execution%20of%20get_transpiled_packages%20failed%0A-%20Execution%20of%20%3CDiskFileSystem%20as%20FileSystem%3E%3A%3Aread%20failed%0A-%20Unable%20to%20watch%20%2Fhome%2Fale%2FDesktop%2FHouseCheck%2Fhousecheck-clipforge-ad%2Fclipforge%2Fnode_modules%2Fnext%2Fdist%0A-%20OS%20file%20watch%20limit%20reached.%20about%20%5B%22%2Fhome%2Fale%2FDesktop%2FHouseCheck%2Fhousecheck-clipforge-ad%2Fclipforge%2Fnode_modules%2Fnext%2Fdist%22%5D%0A%60%60%60&labels=Turbopack,Turbopack%20Panic%20Backtrace
-----

⨯ Error [TurbopackInternalError]: Failed to write page endpoint /_app

Caused by:
- Unable to watch /home/ale/Desktop/HouseCheck/housecheck-clipforge-ad/clipforge/node_modules/next/dist
- OS file watch limit reached. about ["/home/ale/Desktop/HouseCheck/housecheck-clipforge-ad/clipforge/node_modules/next/dist"]

Debug info:
- Execution of get_written_endpoint_with_issues_operation failed
- Execution of endpoint_write_to_disk failed
- Execution of <PageEndpoint as Endpoint>::output failed
- Failed to write page endpoint /_app
- Execution of *all_asset_paths failed
- Execution of *PageEndpointOutput::output_assets failed
- Execution of PageEndpoint::output failed
- Execution of *ChunkGroupResult::all_assets failed
- Execution of PageEndpoint::client_chunk_group failed
- Execution of PageEndpoint::client_evaluatable_assets failed
- Execution of PageEndpoint::client_module failed
- Execution of *create_page_loader_entry_module failed
- Execution of PagesProject::client_module_context failed
- Execution of *ModuleAssetContext::new failed
- Execution of get_client_module_options_context failed
- Execution of *get_jsx_transform_options failed
- Execution of get_client_resolve_options_context failed
- Execution of get_transpiled_packages failed
- Execution of <DiskFileSystem as FileSystem>::read failed
- Unable to watch /home/ale/Desktop/HouseCheck/housecheck-clipforge-ad/clipforge/node_modules/next/dist
- OS file watch limit reached. about ["/home/ale/Desktop/HouseCheck/housecheck-clipforge-ad/clipforge/node_modules/next/dist"]
    at <unknown> (TurbopackInternalError: Failed to write page endpoint /_app) {
  location: undefined
}
Error [TurbopackInternalError]: Failed to write app endpoint /api/project/route

Caused by:
- Unable to watch /home/ale/Desktop/HouseCheck/housecheck-clipforge-ad/clipforge/node_modules/next/dist
- OS file watch limit reached. about ["/home/ale/Desktop/HouseCheck/housecheck-clipforge-ad/clipforge/node_modules/next/dist"]

Debug info:
- Execution of get_written_endpoint_with_issues_operation failed
- Execution of endpoint_write_to_disk failed
- Execution of <AppEndpoint as Endpoint>::output failed
- Failed to write app endpoint /api/project/route
- Execution of *all_asset_paths failed
- Execution of *AppEndpointOutput::output_assets failed
- Execution of AppEndpoint::output failed
- Execution of AppEndpoint::app_route_entry failed
- Execution of *get_app_route_entry failed
- Execution of AppProject::route_module_context failed
- Execution of AppProject::ecmascript_client_reference_transition failed
- Execution of *NextEcmascriptClientReferenceTransition::new failed
- Execution of AppProject::client_transition failed
- Execution of *FullContextTransition::new failed
- Execution of AppProject::client_module_context failed
- Execution of *ModuleAssetContext::new failed
- Execution of get_client_module_options_context failed
- Execution of *get_jsx_transform_options failed
- Execution of get_client_resolve_options_context failed
- Execution of get_transpiled_packages failed
- Execution of <DiskFileSystem as FileSystem>::read failed
- Unable to watch /home/ale/Desktop/HouseCheck/housecheck-clipforge-ad/clipforge/node_modules/next/dist
- OS file watch limit reached. about ["/home/ale/Desktop/HouseCheck/housecheck-clipforge-ad/clipforge/node_modules/next/dist"]
    at <unknown> (TurbopackInternalError: Failed to write app endpoint /api/project/route) {
  location: undefined
}
⨯ Error [TurbopackInternalError]: Failed to write page endpoint /_app

Caused by:
- Unable to watch /home/ale/Desktop/HouseCheck/housecheck-clipforge-ad/clipforge/node_modules/next/dist
- OS file watch limit reached. about ["/home/ale/Desktop/HouseCheck/housecheck-clipforge-ad/clipforge/node_modules/next/dist"]

Debug info:
- Execution of get_written_endpoint_with_issues_operation failed
- Execution of endpoint_write_to_disk failed
- Execution of <PageEndpoint as Endpoint>::output failed
- Failed to write page endpoint /_app
- Execution of *all_asset_paths failed
- Execution of *PageEndpointOutput::output_assets failed
- Execution of PageEndpoint::output failed
- Execution of *ChunkGroupResult::all_assets failed
- Execution of PageEndpoint::client_chunk_group failed
- Execution of PageEndpoint::client_evaluatable_assets failed
- Execution of PageEndpoint::client_module failed
- Execution of *create_page_loader_entry_module failed
- Execution of PagesProject::client_module_context failed
- Execution of *ModuleAssetContext::new failed
- Execution of get_client_module_options_context failed
- Execution of *get_jsx_transform_options failed
- Execution of get_client_resolve_options_context failed
- Execution of get_transpiled_packages failed
- Execution of <DiskFileSystem as FileSystem>::read failed
- Unable to watch /home/ale/Desktop/HouseCheck/housecheck-clipforge-ad/clipforge/node_modules/next/dist
- OS file watch limit reached. about ["/home/ale/Desktop/HouseCheck/housecheck-clipforge-ad/clipforge/node_modules/next/dist"]
    at <unknown> (TurbopackInternalError: Failed to write page endpoint /_app) {
  location: undefined
}
Error [TurbopackInternalError]: Failed to write page endpoint /_app

Caused by:
- Unable to watch /home/ale/Desktop/HouseCheck/housecheck-clipforge-ad/clipforge/node_modules/next/dist
- OS file watch limit reached. about ["/home/ale/Desktop/HouseCheck/housecheck-clipforge-ad/clipforge/node_modules/next/dist"]

Debug info:
- Execution of get_written_endpoint_with_issues_operation failed
- Execution of endpoint_write_to_disk failed
- Execution of <PageEndpoint as Endpoint>::output failed
- Failed to write page endpoint /_app
- Execution of *all_asset_paths failed
- Execution of *PageEndpointOutput::output_assets failed
- Execution of PageEndpoint::output failed
- Execution of *ChunkGroupResult::all_assets failed
- Execution of PageEndpoint::client_chunk_group failed
- Execution of PageEndpoint::client_evaluatable_assets failed
- Execution of PageEndpoint::client_module failed
- Execution of *create_page_loader_entry_module failed
- Execution of PagesProject::client_module_context failed
- Execution of *ModuleAssetContext::new failed
- Execution of get_client_module_options_context failed
- Execution of *get_jsx_transform_options failed
- Execution of get_client_resolve_options_context failed
- Execution of get_transpiled_packages failed
- Execution of <DiskFileSystem as FileSystem>::read failed
- Unable to watch /home/ale/Desktop/HouseCheck/housecheck-clipforge-ad/clipforge/node_modules/next/dist
- OS file watch limit reached. about ["/home/ale/Desktop/HouseCheck/housecheck-clipforge-ad/clipforge/node_modules/next/dist"]
    at <unknown> (TurbopackInternalError: Failed to write page endpoint /_app) {
  location: undefined
}

-----
[1m[31mFATAL[39m[0m: An unexpected Turbopack error occurred. A panic log has been written to /tmp/next-panic-e06653766a15e572b57a76bb1b5015de.log.

To help make Turbopack better, report this error by clicking here: https://bugs.nextjs.org/search?category=turbopack-error-report&title=Turbopack%20Error%3A%20Failed%20to%20write%20app%20endpoint%20%2Fapi%2Fproject%2Froute&body=Turbopack%20version%3A%20%60600cd2fe%60%0ANext.js%20version%3A%20%600.0.0%60%0A%0AError%20message%3A%0A%60%60%60%0AFailed%20to%20write%20app%20endpoint%20%2Fapi%2Fproject%2Froute%0A%0ACaused%20by%3A%0A-%20Unable%20to%20watch%20%2Fhome%2Fale%2FDesktop%2FHouseCheck%2Fhousecheck-clipforge-ad%2Fclipforge%2Fnode_modules%2Fnext%2Fdist%0A-%20OS%20file%20watch%20limit%20reached.%20about%20%5B%22%2Fhome%2Fale%2FDesktop%2FHouseCheck%2Fhousecheck-clipforge-ad%2Fclipforge%2Fnode_modules%2Fnext%2Fdist%22%5D%0A%0ADebug%20info%3A%0A-%20Execution%20of%20get_written_endpoint_with_issues_operation%20failed%0A-%20Execution%20of%20endpoint_write_to_disk%20failed%0A-%20Execution%20of%20%3CAppEndpoint%20as%20Endpoint%3E%3A%3Aoutput%20failed%0A-%20Failed%20to%20write%20app%20endpoint%20%2Fapi%2Fproject%2Froute%0A-%20Execution%20of%20%2Aall_asset_paths%20failed%0A-%20Execution%20of%20%2AAppEndpointOutput%3A%3Aoutput_assets%20failed%0A-%20Execution%20of%20AppEndpoint%3A%3Aoutput%20failed%0A-%20Execution%20of%20AppEndpoint%3A%3Aapp_route_entry%20failed%0A-%20Execution%20of%20%2Aget_app_route_entry%20failed%0A-%20Execution%20of%20AppProject%3A%3Aroute_module_context%20failed%0A-%20Execution%20of%20AppProject%3A%3Aecmascript_client_reference_transition%20failed%0A-%20Execution%20of%20%2ANextEcmascriptClientReferenceTransition%3A%3Anew%20failed%0A-%20Execution%20of%20AppProject%3A%3Aclient_transition%20failed%0A-%20Execution%20of%20%2AFullContextTransition%3A%3Anew%20failed%0A-%20Execution%20of%20AppProject%3A%3Aclient_module_context%20failed%0A-%20Execution%20of%20%2AModuleAssetContext%3A%3Anew%20failed%0A-%20Execution%20of%20get_client_module_options_context%20failed%0A-%20Execution%20of%20%2Aget_jsx_transform_options%20failed%0A-%20Execution%20of%20get_client_resolve_options_context%20failed%0A-%20Execution%20of%20get_transpiled_packages%20failed%0A-%20Execution%20of%20%3CDiskFileSystem%20as%20FileSystem%3E%3A%3Aread%20failed%0A-%20Unable%20to%20watch%20%2Fhome%2Fale%2FDesktop%2FHouseCheck%2Fhousecheck-clipforge-ad%2Fclipforge%2Fnode_modules%2Fnext%2Fdist%0A-%20OS%20file%20watch%20limit%20reached.%20about%20%5B%22%2Fhome%2Fale%2FDesktop%2FHouseCheck%2Fhousecheck-clipforge-ad%2Fclipforge%2Fnode_modules%2Fnext%2Fdist%22%5D%0A%60%60%60&labels=Turbopack,Turbopack%20Panic%20Backtrace
-----

⨯ Error [TurbopackInternalError]: Failed to write page endpoint /_app

Caused by:
- Unable to watch /home/ale/Desktop/HouseCheck/housecheck-clipforge-ad/clipforge/node_modules/next/dist
- OS file watch limit reached. about ["/home/ale/Desktop/HouseCheck/housecheck-clipforge-ad/clipforge/node_modules/next/dist"]

Debug info:
- Execution of get_written_endpoint_with_issues_operation failed
- Execution of endpoint_write_to_disk failed
- Execution of <PageEndpoint as Endpoint>::output failed
- Failed to write page endpoint /_app
- Execution of *all_asset_paths failed
- Execution of *PageEndpointOutput::output_assets failed
- Execution of PageEndpoint::output failed
- Execution of *ChunkGroupResult::all_assets failed
- Execution of PageEndpoint::client_chunk_group failed
- Execution of PageEndpoint::client_evaluatable_assets failed
- Execution of PageEndpoint::client_module failed
- Execution of *create_page_loader_entry_module failed
- Execution of PagesProject::client_module_context failed
- Execution of *ModuleAssetContext::new failed
- Execution of get_client_module_options_context failed
- Execution of *get_jsx_transform_options failed
- Execution of get_client_resolve_options_context failed
- Execution of get_transpiled_packages failed
- Execution of <DiskFileSystem as FileSystem>::read failed
- Unable to watch /home/ale/Desktop/HouseCheck/housecheck-clipforge-ad/clipforge/node_modules/next/dist
- OS file watch limit reached. about ["/home/ale/Desktop/HouseCheck/housecheck-clipforge-ad/clipforge/node_modules/next/dist"]
    at <unknown> (TurbopackInternalError: Failed to write page endpoint /_app) {
  location: undefined
}
Error [TurbopackInternalError]: Failed to write app endpoint /api/project/route

Caused by:
- Unable to watch /home/ale/Desktop/HouseCheck/housecheck-clipforge-ad/clipforge/node_modules/next/dist
- OS file watch limit reached. about ["/home/ale/Desktop/HouseCheck/housecheck-clipforge-ad/clipforge/node_modules/next/dist"]

Debug info:
- Execution of get_written_endpoint_with_issues_operation failed
- Execution of endpoint_write_to_disk failed
- Execution of <AppEndpoint as Endpoint>::output failed
- Failed to write app endpoint /api/project/route
- Execution of *all_asset_paths failed
- Execution of *AppEndpointOutput::output_assets failed
- Execution of AppEndpoint::output failed
- Execution of AppEndpoint::app_route_entry failed
- Execution of *get_app_route_entry failed
- Execution of AppProject::route_module_context failed
- Execution of AppProject::ecmascript_client_reference_transition failed
- Execution of *NextEcmascriptClientReferenceTransition::new failed
- Execution of AppProject::client_transition failed
- Execution of *FullContextTransition::new failed
- Execution of AppProject::client_module_context failed
- Execution of *ModuleAssetContext::new failed
- Execution of get_client_module_options_context failed
- Execution of *get_jsx_transform_options failed
- Execution of get_client_resolve_options_context failed
- Execution of get_transpiled_packages failed
- Execution of <DiskFileSystem as FileSystem>::read failed
- Unable to watch /home/ale/Desktop/HouseCheck/housecheck-clipforge-ad/clipforge/node_modules/next/dist
- OS file watch limit reached. about ["/home/ale/Desktop/HouseCheck/housecheck-clipforge-ad/clipforge/node_modules/next/dist"]
    at <unknown> (TurbopackInternalError: Failed to write app endpoint /api/project/route) {
  location: undefined
}
⨯ Error [TurbopackInternalError]: Failed to write page endpoint /_app

Caused by:
- Unable to watch /home/ale/Desktop/HouseCheck/housecheck-clipforge-ad/clipforge/node_modules/next/dist
- OS file watch limit reached. about ["/home/ale/Desktop/HouseCheck/housecheck-clipforge-ad/clipforge/node_modules/next/dist"]

Debug info:
- Execution of get_written_endpoint_with_issues_operation failed
- Execution of endpoint_write_to_disk failed
- Execution of <PageEndpoint as Endpoint>::output failed
- Failed to write page endpoint /_app
- Execution of *all_asset_paths failed
- Execution of *PageEndpointOutput::output_assets failed
- Execution of PageEndpoint::output failed
- Execution of *ChunkGroupResult::all_assets failed
- Execution of PageEndpoint::client_chunk_group failed
- Execution of PageEndpoint::client_evaluatable_assets failed
- Execution of PageEndpoint::client_module failed
- Execution of *create_page_loader_entry_module failed
- Execution of PagesProject::client_module_context failed
- Execution of *ModuleAssetContext::new failed
- Execution of get_client_module_options_context failed
- Execution of *get_jsx_transform_options failed
- Execution of get_client_resolve_options_context failed
- Execution of get_transpiled_packages failed
- Execution of <DiskFileSystem as FileSystem>::read failed
- Unable to watch /home/ale/Desktop/HouseCheck/housecheck-clipforge-ad/clipforge/node_modules/next/dist
- OS file watch limit reached. about ["/home/ale/Desktop/HouseCheck/housecheck-clipforge-ad/clipforge/node_modules/next/dist"]
    at <unknown> (TurbopackInternalError: Failed to write page endpoint /_app) {
  location: undefined
}
Error [TurbopackInternalError]: Failed to write page endpoint /_app

Caused by:
- Unable to watch /home/ale/Desktop/HouseCheck/housecheck-clipforge-ad/clipforge/node_modules/next/dist
- OS file watch limit reached. about ["/home/ale/Desktop/HouseCheck/housecheck-clipforge-ad/clipforge/node_modules/next/dist"]

Debug info:
- Execution of get_written_endpoint_with_issues_operation failed
- Execution of endpoint_write_to_disk failed
- Execution of <PageEndpoint as Endpoint>::output failed
- Failed to write page endpoint /_app
- Execution of *all_asset_paths failed
- Execution of *PageEndpointOutput::output_assets failed
- Execution of PageEndpoint::output failed
- Execution of *ChunkGroupResult::all_assets failed
- Execution of PageEndpoint::client_chunk_group failed
- Execution of PageEndpoint::client_evaluatable_assets failed
- Execution of PageEndpoint::client_module failed
- Execution of *create_page_loader_entry_module failed
- Execution of PagesProject::client_module_context failed
- Execution of *ModuleAssetContext::new failed
- Execution of get_client_module_options_context failed
- Execution of *get_jsx_transform_options failed
- Execution of get_client_resolve_options_context failed
- Execution of get_transpiled_packages failed
- Execution of <DiskFileSystem as FileSystem>::read failed
- Unable to watch /home/ale/Desktop/HouseCheck/housecheck-clipforge-ad/clipforge/node_modules/next/dist
- OS file watch limit reached. about ["/home/ale/Desktop/HouseCheck/housecheck-clipforge-ad/clipforge/node_modules/next/dist"]
    at <unknown> (TurbopackInternalError: Failed to write page endpoint /_app) {
  location: undefined
}

-----
[1m[31mFATAL[39m[0m: An unexpected Turbopack error occurred. A panic log has been written to /tmp/next-panic-e06653766a15e572b57a76bb1b5015de.log.

To help make Turbopack better, report this error by clicking here: https://bugs.nextjs.org/search?category=turbopack-error-report&title=Turbopack%20Error%3A%20Failed%20to%20write%20app%20endpoint%20%2Fapi%2Fproject%2Froute&body=Turbopack%20version%3A%20%60600cd2fe%60%0ANext.js%20version%3A%20%600.0.0%60%0A%0AError%20message%3A%0A%60%60%60%0AFailed%20to%20write%20app%20endpoint%20%2Fapi%2Fproject%2Froute%0A%0ACaused%20by%3A%0A-%20Unable%20to%20watch%20%2Fhome%2Fale%2FDesktop%2FHouseCheck%2Fhousecheck-clipforge-ad%2Fclipforge%2Fnode_modules%2Fnext%2Fdist%0A-%20OS%20file%20watch%20limit%20reached.%20about%20%5B%22%2Fhome%2Fale%2FDesktop%2FHouseCheck%2Fhousecheck-clipforge-ad%2Fclipforge%2Fnode_modules%2Fnext%2Fdist%22%5D%0A%0ADebug%20info%3A%0A-%20Execution%20of%20get_written_endpoint_with_issues_operation%20failed%0A-%20Execution%20of%20endpoint_write_to_disk%20failed%0A-%20Execution%20of%20%3CAppEndpoint%20as%20Endpoint%3E%3A%3Aoutput%20failed%0A-%20Failed%20to%20write%20app%20endpoint%20%2Fapi%2Fproject%2Froute%0A-%20Execution%20of%20%2Aall_asset_paths%20failed%0A-%20Execution%20of%20%2AAppEndpointOutput%3A%3Aoutput_assets%20failed%0A-%20Execution%20of%20AppEndpoint%3A%3Aoutput%20failed%0A-%20Execution%20of%20AppEndpoint%3A%3Aapp_route_entry%20failed%0A-%20Execution%20of%20%2Aget_app_route_entry%20failed%0A-%20Execution%20of%20AppProject%3A%3Aroute_module_context%20failed%0A-%20Execution%20of%20AppProject%3A%3Aecmascript_client_reference_transition%20failed%0A-%20Execution%20of%20%2ANextEcmascriptClientReferenceTransition%3A%3Anew%20failed%0A-%20Execution%20of%20AppProject%3A%3Aclient_transition%20failed%0A-%20Execution%20of%20%2AFullContextTransition%3A%3Anew%20failed%0A-%20Execution%20of%20AppProject%3A%3Aclient_module_context%20failed%0A-%20Execution%20of%20%2AModuleAssetContext%3A%3Anew%20failed%0A-%20Execution%20of%20get_client_module_options_context%20failed%0A-%20Execution%20of%20%2Aget_jsx_transform_options%20failed%0A-%20Execution%20of%20get_client_resolve_options_context%20failed%0A-%20Execution%20of%20get_transpiled_packages%20failed%0A-%20Execution%20of%20%3CDiskFileSystem%20as%20FileSystem%3E%3A%3Aread%20failed%0A-%20Unable%20to%20watch%20%2Fhome%2Fale%2FDesktop%2FHouseCheck%2Fhousecheck-clipforge-ad%2Fclipforge%2Fnode_modules%2Fnext%2Fdist%0A-%20OS%20file%20watch%20limit%20reached.%20about%20%5B%22%2Fhome%2Fale%2FDesktop%2FHouseCheck%2Fhousecheck-clipforge-ad%2Fclipforge%2Fnode_modules%2Fnext%2Fdist%22%5D%0A%60%60%60&labels=Turbopack,Turbopack%20Panic%20Backtrace
-----

⨯ Error [TurbopackInternalError]: Failed to write page endpoint /_app

Caused by:
- Unable to watch /home/ale/Desktop/HouseCheck/housecheck-clipforge-ad/clipforge/node_modules/next/dist
- OS file watch limit reached. about ["/home/ale/Desktop/HouseCheck/housecheck-clipforge-ad/clipforge/node_modules/next/dist"]

Debug info:
- Execution of get_written_endpoint_with_issues_operation failed
- Execution of endpoint_write_to_disk failed
- Execution of <PageEndpoint as Endpoint>::output failed
- Failed to write page endpoint /_app
- Execution of *all_asset_paths failed
- Execution of *PageEndpointOutput::output_assets failed
- Execution of PageEndpoint::output failed
- Execution of *ChunkGroupResult::all_assets failed
- Execution of PageEndpoint::client_chunk_group failed
- Execution of PageEndpoint::client_evaluatable_assets failed
- Execution of PageEndpoint::client_module failed
- Execution of *create_page_loader_entry_module failed
- Execution of PagesProject::client_module_context failed
- Execution of *ModuleAssetContext::new failed
- Execution of get_client_module_options_context failed
- Execution of *get_jsx_transform_options failed
- Execution of get_client_resolve_options_context failed
- Execution of get_transpiled_packages failed
- Execution of <DiskFileSystem as FileSystem>::read failed
- Unable to watch /home/ale/Desktop/HouseCheck/housecheck-clipforge-ad/clipforge/node_modules/next/dist
- OS file watch limit reached. about ["/home/ale/Desktop/HouseCheck/housecheck-clipforge-ad/clipforge/node_modules/next/dist"]
    at <unknown> (TurbopackInternalError: Failed to write page endpoint /_app) {
  location: undefined
}
Error [TurbopackInternalError]: Failed to write app endpoint /api/project/route

Caused by:
- Unable to watch /home/ale/Desktop/HouseCheck/housecheck-clipforge-ad/clipforge/node_modules/next/dist
- OS file watch limit reached. about ["/home/ale/Desktop/HouseCheck/housecheck-clipforge-ad/clipforge/node_modules/next/dist"]

Debug info:
- Execution of get_written_endpoint_with_issues_operation failed
- Execution of endpoint_write_to_disk failed
- Execution of <AppEndpoint as Endpoint>::output failed
- Failed to write app endpoint /api/project/route
- Execution of *all_asset_paths failed
- Execution of *AppEndpointOutput::output_assets failed
- Execution of AppEndpoint::output failed
- Execution of AppEndpoint::app_route_entry failed
- Execution of *get_app_route_entry failed
- Execution of AppProject::route_module_context failed
- Execution of AppProject::ecmascript_client_reference_transition failed
- Execution of *NextEcmascriptClientReferenceTransition::new failed
- Execution of AppProject::client_transition failed
- Execution of *FullContextTransition::new failed
- Execution of AppProject::client_module_context failed
- Execution of *ModuleAssetContext::new failed
- Execution of get_client_module_options_context failed
- Execution of *get_jsx_transform_options failed
- Execution of get_client_resolve_options_context failed
- Execution of get_transpiled_packages failed
- Execution of <DiskFileSystem as FileSystem>::read failed
- Unable to watch /home/ale/Desktop/HouseCheck/housecheck-clipforge-ad/clipforge/node_modules/next/dist
- OS file watch limit reached. about ["/home/ale/Desktop/HouseCheck/housecheck-clipforge-ad/clipforge/node_modules/next/dist"]
    at <unknown> (TurbopackInternalError: Failed to write app endpoint /api/project/route) {
  location: undefined
}
⨯ Error [TurbopackInternalError]: Failed to write page endpoint /_app

Caused by:
- Unable to watch /home/ale/Desktop/HouseCheck/housecheck-clipforge-ad/clipforge/node_modules/next/dist
- OS file watch limit reached. about ["/home/ale/Desktop/HouseCheck/housecheck-clipforge-ad/clipforge/node_modules/next/dist"]

Debug info:
- Execution of get_written_endpoint_with_issues_operation failed
- Execution of endpoint_write_to_disk failed
- Execution of <PageEndpoint as Endpoint>::output failed
- Failed to write page endpoint /_app
- Execution of *all_asset_paths failed
- Execution of *PageEndpointOutput::output_assets failed
- Execution of PageEndpoint::output failed
- Execution of *ChunkGroupResult::all_assets failed
- Execution of PageEndpoint::client_chunk_group failed
- Execution of PageEndpoint::client_evaluatable_assets failed
- Execution of PageEndpoint::client_module failed
- Execution of *create_page_loader_entry_module failed
- Execution of PagesProject::client_module_context failed
- Execution of *ModuleAssetContext::new failed
- Execution of get_client_module_options_context failed
- Execution of *get_jsx_transform_options failed
- Execution of get_client_resolve_options_context failed
- Execution of get_transpiled_packages failed
- Execution of <DiskFileSystem as FileSystem>::read failed
- Unable to watch /home/ale/Desktop/HouseCheck/housecheck-clipforge-ad/clipforge/node_modules/next/dist
- OS file watch limit reached. about ["/home/ale/Desktop/HouseCheck/housecheck-clipforge-ad/clipforge/node_modules/next/dist"]
    at <unknown> (TurbopackInternalError: Failed to write page endpoint /_app) {
  location: undefined
}
Error [TurbopackInternalError]: Failed to write page endpoint /_app

Caused by:
- Unable to watch /home/ale/Desktop/HouseCheck/housecheck-clipforge-ad/clipforge/node_modules/next/dist
- OS file watch limit reached. about ["/home/ale/Desktop/HouseCheck/housecheck-clipforge-ad/clipforge/node_modules/next/dist"]

Debug info:
- Execution of get_written_endpoint_with_issues_operation failed
- Execution of endpoint_write_to_disk failed
- Execution of <PageEndpoint as Endpoint>::output failed
- Failed to write page endpoint /_app
- Execution of *all_asset_paths failed
- Execution of *PageEndpointOutput::output_assets failed
- Execution of PageEndpoint::output failed
- Execution of *ChunkGroupResult::all_assets failed
- Execution of PageEndpoint::client_chunk_group failed
- Execution of PageEndpoint::client_evaluatable_assets failed
- Execution of PageEndpoint::client_module failed
- Execution of *create_page_loader_entry_module failed
- Execution of PagesProject::client_module_context failed
- Execution of *ModuleAssetContext::new failed
- Execution of get_client_module_options_context failed
- Execution of *get_jsx_transform_options failed
- Execution of get_client_resolve_options_context failed
- Execution of get_transpiled_packages failed
- Execution of <DiskFileSystem as FileSystem>::read failed
- Unable to watch /home/ale/Desktop/HouseCheck/housecheck-clipforge-ad/clipforge/node_modules/next/dist
- OS file watch limit reached. about ["/home/ale/Desktop/HouseCheck/housecheck-clipforge-ad/clipforge/node_modules/next/dist"]
    at <unknown> (TurbopackInternalError: Failed to write page endpoint /_app) {
  location: undefined
}

-----
[1m[31mFATAL[39m[0m: An unexpected Turbopack error occurred. A panic log has been written to /tmp/next-panic-e06653766a15e572b57a76bb1b5015de.log.

To help make Turbopack better, report this error by clicking here: https://bugs.nextjs.org/search?category=turbopack-error-report&title=Turbopack%20Error%3A%20Failed%20to%20write%20app%20endpoint%20%2Fapi%2Fproject%2Froute&body=Turbopack%20version%3A%20%60600cd2fe%60%0ANext.js%20version%3A%20%600.0.0%60%0A%0AError%20message%3A%0A%60%60%60%0AFailed%20to%20write%20app%20endpoint%20%2Fapi%2Fproject%2Froute%0A%0ACaused%20by%3A%0A-%20Unable%20to%20watch%20%2Fhome%2Fale%2FDesktop%2FHouseCheck%2Fhousecheck-clipforge-ad%2Fclipforge%2Fnode_modules%2Fnext%2Fdist%0A-%20OS%20file%20watch%20limit%20reached.%20about%20%5B%22%2Fhome%2Fale%2FDesktop%2FHouseCheck%2Fhousecheck-clipforge-ad%2Fclipforge%2Fnode_modules%2Fnext%2Fdist%22%5D%0A%0ADebug%20info%3A%0A-%20Execution%20of%20get_written_endpoint_with_issues_operation%20failed%0A-%20Execution%20of%20endpoint_write_to_disk%20failed%0A-%20Execution%20of%20%3CAppEndpoint%20as%20Endpoint%3E%3A%3Aoutput%20failed%0A-%20Failed%20to%20write%20app%20endpoint%20%2Fapi%2Fproject%2Froute%0A-%20Execution%20of%20%2Aall_asset_paths%20failed%0A-%20Execution%20of%20%2AAppEndpointOutput%3A%3Aoutput_assets%20failed%0A-%20Execution%20of%20AppEndpoint%3A%3Aoutput%20failed%0A-%20Execution%20of%20AppEndpoint%3A%3Aapp_route_entry%20failed%0A-%20Execution%20of%20%2Aget_app_route_entry%20failed%0A-%20Execution%20of%20AppProject%3A%3Aroute_module_context%20failed%0A-%20Execution%20of%20AppProject%3A%3Aecmascript_client_reference_transition%20failed%0A-%20Execution%20of%20%2ANextEcmascriptClientReferenceTransition%3A%3Anew%20failed%0A-%20Execution%20of%20AppProject%3A%3Aclient_transition%20failed%0A-%20Execution%20of%20%2AFullContextTransition%3A%3Anew%20failed%0A-%20Execution%20of%20AppProject%3A%3Aclient_module_context%20failed%0A-%20Execution%20of%20%2AModuleAssetContext%3A%3Anew%20failed%0A-%20Execution%20of%20get_client_module_options_context%20failed%0A-%20Execution%20of%20%2Aget_jsx_transform_options%20failed%0A-%20Execution%20of%20get_client_resolve_options_context%20failed%0A-%20Execution%20of%20get_transpiled_packages%20failed%0A-%20Execution%20of%20%3CDiskFileSystem%20as%20FileSystem%3E%3A%3Aread%20failed%0A-%20Unable%20to%20watch%20%2Fhome%2Fale%2FDesktop%2FHouseCheck%2Fhousecheck-clipforge-ad%2Fclipforge%2Fnode_modules%2Fnext%2Fdist%0A-%20OS%20file%20watch%20limit%20reached.%20about%20%5B%22%2Fhome%2Fale%2FDesktop%2FHouseCheck%2Fhousecheck-clipforge-ad%2Fclipforge%2Fnode_modules%2Fnext%2Fdist%22%5D%0A%60%60%60&labels=Turbopack,Turbopack%20Panic%20Backtrace
-----

⨯ Error [TurbopackInternalError]: Failed to write page endpoint /_app

Caused by:
- Unable to watch /home/ale/Desktop/HouseCheck/housecheck-clipforge-ad/clipforge/node_modules/next/dist
- OS file watch limit reached. about ["/home/ale/Desktop/HouseCheck/housecheck-clipforge-ad/clipforge/node_modules/next/dist"]

Debug info:
- Execution of get_written_endpoint_with_issues_operation failed
- Execution of endpoint_write_to_disk failed
- Execution of <PageEndpoint as Endpoint>::output failed
- Failed to write page endpoint /_app
- Execution of *all_asset_paths failed
- Execution of *PageEndpointOutput::output_assets failed
- Execution of PageEndpoint::output failed
- Execution of *ChunkGroupResult::all_assets failed
- Execution of PageEndpoint::client_chunk_group failed
- Execution of PageEndpoint::client_evaluatable_assets failed
- Execution of PageEndpoint::client_module failed
- Execution of *create_page_loader_entry_module failed
- Execution of PagesProject::client_module_context failed
- Execution of *ModuleAssetContext::new failed
- Execution of get_client_module_options_context failed
- Execution of *get_jsx_transform_options failed
- Execution of get_client_resolve_options_context failed
- Execution of get_transpiled_packages failed
- Execution of <DiskFileSystem as FileSystem>::read failed
- Unable to watch /home/ale/Desktop/HouseCheck/housecheck-clipforge-ad/clipforge/node_modules/next/dist
- OS file watch limit reached. about ["/home/ale/Desktop/HouseCheck/housecheck-clipforge-ad/clipforge/node_modules/next/dist"]
    at <unknown> (TurbopackInternalError: Failed to write page endpoint /_app) {
  location: undefined
}
Error [TurbopackInternalError]: Failed to write app endpoint /api/project/route

Caused by:
- Unable to watch /home/ale/Desktop/HouseCheck/housecheck-clipforge-ad/clipforge/node_modules/next/dist
- OS file watch limit reached. about ["/home/ale/Desktop/HouseCheck/housecheck-clipforge-ad/clipforge/node_modules/next/dist"]

Debug info:
- Execution of get_written_endpoint_with_issues_operation failed
- Execution of endpoint_write_to_disk failed
- Execution of <AppEndpoint as Endpoint>::output failed
- Failed to write app endpoint /api/project/route
- Execution of *all_asset_paths failed
- Execution of *AppEndpointOutput::output_assets failed
- Execution of AppEndpoint::output failed
- Execution of AppEndpoint::app_route_entry failed
- Execution of *get_app_route_entry failed
- Execution of AppProject::route_module_context failed
- Execution of AppProject::ecmascript_client_reference_transition failed
- Execution of *NextEcmascriptClientReferenceTransition::new failed
- Execution of AppProject::client_transition failed
- Execution of *FullContextTransition::new failed
- Execution of AppProject::client_module_context failed
- Execution of *ModuleAssetContext::new failed
- Execution of get_client_module_options_context failed
- Execution of *get_jsx_transform_options failed
- Execution of get_client_resolve_options_context failed
- Execution of get_transpiled_packages failed
- Execution of <DiskFileSystem as FileSystem>::read failed
- Unable to watch /home/ale/Desktop/HouseCheck/housecheck-clipforge-ad/clipforge/node_modules/next/dist
- OS file watch limit reached. about ["/home/ale/Desktop/HouseCheck/housecheck-clipforge-ad/clipforge/node_modules/next/dist"]
    at <unknown> (TurbopackInternalError: Failed to write app endpoint /api/project/route) {
  location: undefined
}
⨯ Error [TurbopackInternalError]: Failed to write page endpoint /_app

Caused by:
- Unable to watch /home/ale/Desktop/HouseCheck/housecheck-clipforge-ad/clipforge/node_modules/next/dist
- OS file watch limit reached. about ["/home/ale/Desktop/HouseCheck/housecheck-clipforge-ad/clipforge/node_modules/next/dist"]

Debug info:
- Execution of get_written_endpoint_with_issues_operation failed
- Execution of endpoint_write_to_disk failed
- Execution of <PageEndpoint as Endpoint>::output failed
- Failed to write page endpoint /_app
- Execution of *all_asset_paths failed
- Execution of *PageEndpointOutput::output_assets failed
- Execution of PageEndpoint::output failed
- Execution of *ChunkGroupResult::all_assets failed
- Execution of PageEndpoint::client_chunk_group failed
- Execution of PageEndpoint::client_evaluatable_assets failed
- Execution of PageEndpoint::client_module failed
- Execution of *create_page_loader_entry_module failed
- Execution of PagesProject::client_module_context failed
- Execution of *ModuleAssetContext::new failed
- Execution of get_client_module_options_context failed
- Execution of *get_jsx_transform_options failed
- Execution of get_client_resolve_options_context failed
- Execution of get_transpiled_packages failed
- Execution of <DiskFileSystem as FileSystem>::read failed
- Unable to watch /home/ale/Desktop/HouseCheck/housecheck-clipforge-ad/clipforge/node_modules/next/dist
- OS file watch limit reached. about ["/home/ale/Desktop/HouseCheck/housecheck-clipforge-ad/clipforge/node_modules/next/dist"]
    at <unknown> (TurbopackInternalError: Failed to write page endpoint /_app) {
  location: undefined
}
Error [TurbopackInternalError]: Failed to write page endpoint /_app

Caused by:
- Unable to watch /home/ale/Desktop/HouseCheck/housecheck-clipforge-ad/clipforge/node_modules/next/dist
- OS file watch limit reached. about ["/home/ale/Desktop/HouseCheck/housecheck-clipforge-ad/clipforge/node_modules/next/dist"]

Debug info:
- Execution of get_written_endpoint_with_issues_operation failed
- Execution of endpoint_write_to_disk failed
- Execution of <PageEndpoint as Endpoint>::output failed
- Failed to write page endpoint /_app
- Execution of *all_asset_paths failed
- Execution of *PageEndpointOutput::output_assets failed
- Execution of PageEndpoint::output failed
- Execution of *ChunkGroupResult::all_assets failed
- Execution of PageEndpoint::client_chunk_group failed
- Execution of PageEndpoint::client_evaluatable_assets failed
- Execution of PageEndpoint::client_module failed
- Execution of *create_page_loader_entry_module failed
- Execution of PagesProject::client_module_context failed
- Execution of *ModuleAssetContext::new failed
- Execution of get_client_module_options_context failed
- Execution of *get_jsx_transform_options failed
- Execution of get_client_resolve_options_context failed
- Execution of get_transpiled_packages failed
- Execution of <DiskFileSystem as FileSystem>::read failed
- Unable to watch /home/ale/Desktop/HouseCheck/housecheck-clipforge-ad/clipforge/node_modules/next/dist
- OS file watch limit reached. about ["/home/ale/Desktop/HouseCheck/housecheck-clipforge-ad/clipforge/node_modules/next/dist"]
    at <unknown> (TurbopackInternalError: Failed to write page endpoint /_app) {
  location: undefined
}

-----
[1m[31mFATAL[39m[0m: An unexpected Turbopack error occurred. A panic log has been written to /tmp/next-panic-e06653766a15e572b57a76bb1b5015de.log.

To help make Turbopack better, report this error by clicking here: https://bugs.nextjs.org/search?category=turbopack-error-report&title=Turbopack%20Error%3A%20Failed%20to%20write%20app%20endpoint%20%2Fapi%2Fproject%2Froute&body=Turbopack%20version%3A%20%60600cd2fe%60%0ANext.js%20version%3A%20%600.0.0%60%0A%0AError%20message%3A%0A%60%60%60%0AFailed%20to%20write%20app%20endpoint%20%2Fapi%2Fproject%2Froute%0A%0ACaused%20by%3A%0A-%20Unable%20to%20watch%20%2Fhome%2Fale%2FDesktop%2FHouseCheck%2Fhousecheck-clipforge-ad%2Fclipforge%2Fnode_modules%2Fnext%2Fdist%0A-%20OS%20file%20watch%20limit%20reached.%20about%20%5B%22%2Fhome%2Fale%2FDesktop%2FHouseCheck%2Fhousecheck-clipforge-ad%2Fclipforge%2Fnode_modules%2Fnext%2Fdist%22%5D%0A%0ADebug%20info%3A%0A-%20Execution%20of%20get_written_endpoint_with_issues_operation%20failed%0A-%20Execution%20of%20endpoint_write_to_disk%20failed%0A-%20Execution%20of%20%3CAppEndpoint%20as%20Endpoint%3E%3A%3Aoutput%20failed%0A-%20Failed%20to%20write%20app%20endpoint%20%2Fapi%2Fproject%2Froute%0A-%20Execution%20of%20%2Aall_asset_paths%20failed%0A-%20Execution%20of%20%2AAppEndpointOutput%3A%3Aoutput_assets%20failed%0A-%20Execution%20of%20AppEndpoint%3A%3Aoutput%20failed%0A-%20Execution%20of%20AppEndpoint%3A%3Aapp_route_entry%20failed%0A-%20Execution%20of%20%2Aget_app_route_entry%20failed%0A-%20Execution%20of%20AppProject%3A%3Aroute_module_context%20failed%0A-%20Execution%20of%20AppProject%3A%3Aecmascript_client_reference_transition%20failed%0A-%20Execution%20of%20%2ANextEcmascriptClientReferenceTransition%3A%3Anew%20failed%0A-%20Execution%20of%20AppProject%3A%3Aclient_transition%20failed%0A-%20Execution%20of%20%2AFullContextTransition%3A%3Anew%20failed%0A-%20Execution%20of%20AppProject%3A%3Aclient_module_context%20failed%0A-%20Execution%20of%20%2AModuleAssetContext%3A%3Anew%20failed%0A-%20Execution%20of%20get_client_module_options_context%20failed%0A-%20Execution%20of%20%2Aget_jsx_transform_options%20failed%0A-%20Execution%20of%20get_client_resolve_options_context%20failed%0A-%20Execution%20of%20get_transpiled_packages%20failed%0A-%20Execution%20of%20%3CDiskFileSystem%20as%20FileSystem%3E%3A%3Aread%20failed%0A-%20Unable%20to%20watch%20%2Fhome%2Fale%2FDesktop%2FHouseCheck%2Fhousecheck-clipforge-ad%2Fclipforge%2Fnode_modules%2Fnext%2Fdist%0A-%20OS%20file%20watch%20limit%20reached.%20about%20%5B%22%2Fhome%2Fale%2FDesktop%2FHouseCheck%2Fhousecheck-clipforge-ad%2Fclipforge%2Fnode_modules%2Fnext%2Fdist%22%5D%0A%60%60%60&labels=Turbopack,Turbopack%20Panic%20Backtrace
-----

⨯ Error [TurbopackInternalError]: Failed to write page endpoint /_app

Caused by:
- Unable to watch /home/ale/Desktop/HouseCheck/housecheck-clipforge-ad/clipforge/node_modules/next/dist
- OS file watch limit reached. about ["/home/ale/Desktop/HouseCheck/housecheck-clipforge-ad/clipforge/node_modules/next/dist"]

Debug info:
- Execution of get_written_endpoint_with_issues_operation failed
- Execution of endpoint_write_to_disk failed
- Execution of <PageEndpoint as Endpoint>::output failed
- Failed to write page endpoint /_app
- Execution of *all_asset_paths failed
- Execution of *PageEndpointOutput::output_assets failed
- Execution of PageEndpoint::output failed
- Execution of *ChunkGroupResult::all_assets failed
- Execution of PageEndpoint::client_chunk_group failed
- Execution of PageEndpoint::client_evaluatable_assets failed
- Execution of PageEndpoint::client_module failed
- Execution of *create_page_loader_entry_module failed
- Execution of PagesProject::client_module_context failed
- Execution of *ModuleAssetContext::new failed
- Execution of get_client_module_options_context failed
- Execution of *get_jsx_transform_options failed
- Execution of get_client_resolve_options_context failed
- Execution of get_transpiled_packages failed
- Execution of <DiskFileSystem as FileSystem>::read failed
- Unable to watch /home/ale/Desktop/HouseCheck/housecheck-clipforge-ad/clipforge/node_modules/next/dist
- OS file watch limit reached. about ["/home/ale/Desktop/HouseCheck/housecheck-clipforge-ad/clipforge/node_modules/next/dist"]
    at <unknown> (TurbopackInternalError: Failed to write page endpoint /_app) {
  location: undefined
}
Error [TurbopackInternalError]: Failed to write app endpoint /api/project/route

Caused by:
- Unable to watch /home/ale/Desktop/HouseCheck/housecheck-clipforge-ad/clipforge/node_modules/next/dist
- OS file watch limit reached. about ["/home/ale/Desktop/HouseCheck/housecheck-clipforge-ad/clipforge/node_modules/next/dist"]

Debug info:
- Execution of get_written_endpoint_with_issues_operation failed
- Execution of endpoint_write_to_disk failed
- Execution of <AppEndpoint as Endpoint>::output failed
- Failed to write app endpoint /api/project/route
- Execution of *all_asset_paths failed
- Execution of *AppEndpointOutput::output_assets failed
- Execution of AppEndpoint::output failed
- Execution of AppEndpoint::app_route_entry failed
- Execution of *get_app_route_entry failed
- Execution of AppProject::route_module_context failed
- Execution of AppProject::ecmascript_client_reference_transition failed
- Execution of *NextEcmascriptClientReferenceTransition::new failed
- Execution of AppProject::client_transition failed
- Execution of *FullContextTransition::new failed
- Execution of AppProject::client_module_context failed
- Execution of *ModuleAssetContext::new failed
- Execution of get_client_module_options_context failed
- Execution of *get_jsx_transform_options failed
- Execution of get_client_resolve_options_context failed
- Execution of get_transpiled_packages failed
- Execution of <DiskFileSystem as FileSystem>::read failed
- Unable to watch /home/ale/Desktop/HouseCheck/housecheck-clipforge-ad/clipforge/node_modules/next/dist
- OS file watch limit reached. about ["/home/ale/Desktop/HouseCheck/housecheck-clipforge-ad/clipforge/node_modules/next/dist"]
    at <unknown> (TurbopackInternalError: Failed to write app endpoint /api/project/route) {
  location: undefined
}
⨯ Error [TurbopackInternalError]: Failed to write page endpoint /_app

Caused by:
- Unable to watch /home/ale/Desktop/HouseCheck/housecheck-clipforge-ad/clipforge/node_modules/next/dist
- OS file watch limit reached. about ["/home/ale/Desktop/HouseCheck/housecheck-clipforge-ad/clipforge/node_modules/next/dist"]

Debug info:
- Execution of get_written_endpoint_with_issues_operation failed
- Execution of endpoint_write_to_disk failed
- Execution of <PageEndpoint as Endpoint>::output failed
- Failed to write page endpoint /_app
- Execution of *all_asset_paths failed
- Execution of *PageEndpointOutput::output_assets failed
- Execution of PageEndpoint::output failed
- Execution of *ChunkGroupResult::all_assets failed
- Execution of PageEndpoint::client_chunk_group failed
- Execution of PageEndpoint::client_evaluatable_assets failed
- Execution of PageEndpoint::client_module failed
- Execution of *create_page_loader_entry_module failed
- Execution of PagesProject::client_module_context failed
- Execution of *ModuleAssetContext::new failed
- Execution of get_client_module_options_context failed
- Execution of *get_jsx_transform_options failed
- Execution of get_client_resolve_options_context failed
- Execution of get_transpiled_packages failed
- Execution of <DiskFileSystem as FileSystem>::read failed
- Unable to watch /home/ale/Desktop/HouseCheck/housecheck-clipforge-ad/clipforge/node_modules/next/dist
- OS file watch limit reached. about ["/home/ale/Desktop/HouseCheck/housecheck-clipforge-ad/clipforge/node_modules/next/dist"]
    at <unknown> (TurbopackInternalError: Failed to write page endpoint /_app) {
  location: undefined
}
Error [TurbopackInternalError]: Failed to write page endpoint /_app

Caused by:
- Unable to watch /home/ale/Desktop/HouseCheck/housecheck-clipforge-ad/clipforge/node_modules/next/dist
- OS file watch limit reached. about ["/home/ale/Desktop/HouseCheck/housecheck-clipforge-ad/clipforge/node_modules/next/dist"]

Debug info:
- Execution of get_written_endpoint_with_issues_operation failed
- Execution of endpoint_write_to_disk failed
- Execution of <PageEndpoint as Endpoint>::output failed
- Failed to write page endpoint /_app
- Execution of *all_asset_paths failed
- Execution of *PageEndpointOutput::output_assets failed
- Execution of PageEndpoint::output failed
- Execution of *ChunkGroupResult::all_assets failed
- Execution of PageEndpoint::client_chunk_group failed
- Execution of PageEndpoint::client_evaluatable_assets failed
- Execution of PageEndpoint::client_module failed
- Execution of *create_page_loader_entry_module failed
- Execution of PagesProject::client_module_context failed
- Execution of *ModuleAssetContext::new failed
- Execution of get_client_module_options_context failed
- Execution of *get_jsx_transform_options failed
- Execution of get_client_resolve_options_context failed
- Execution of get_transpiled_packages failed
- Execution of <DiskFileSystem as FileSystem>::read failed
- Unable to watch /home/ale/Desktop/HouseCheck/housecheck-clipforge-ad/clipforge/node_modules/next/dist
- OS file watch limit reached. about ["/home/ale/Desktop/HouseCheck/housecheck-clipforge-ad/clipforge/node_modules/next/dist"]
    at <unknown> (TurbopackInternalError: Failed to write page endpoint /_app) {
  location: undefined
}

-----
[1m[31mFATAL[39m[0m: An unexpected Turbopack error occurred. A panic log has been written to /tmp/next-panic-e06653766a15e572b57a76bb1b5015de.log.

To help make Turbopack better, report this error by clicking here: https://bugs.nextjs.org/search?category=turbopack-error-report&title=Turbopack%20Error%3A%20Failed%20to%20write%20app%20endpoint%20%2Fapi%2Fproject%2Froute&body=Turbopack%20version%3A%20%60600cd2fe%60%0ANext.js%20version%3A%20%600.0.0%60%0A%0AError%20message%3A%0A%60%60%60%0AFailed%20to%20write%20app%20endpoint%20%2Fapi%2Fproject%2Froute%0A%0ACaused%20by%3A%0A-%20Unable%20to%20watch%20%2Fhome%2Fale%2FDesktop%2FHouseCheck%2Fhousecheck-clipforge-ad%2Fclipforge%2Fnode_modules%2Fnext%2Fdist%0A-%20OS%20file%20watch%20limit%20reached.%20about%20%5B%22%2Fhome%2Fale%2FDesktop%2FHouseCheck%2Fhousecheck-clipforge-ad%2Fclipforge%2Fnode_modules%2Fnext%2Fdist%22%5D%0A%0ADebug%20info%3A%0A-%20Execution%20of%20get_written_endpoint_with_issues_operation%20failed%0A-%20Execution%20of%20endpoint_write_to_disk%20failed%0A-%20Execution%20of%20%3CAppEndpoint%20as%20Endpoint%3E%3A%3Aoutput%20failed%0A-%20Failed%20to%20write%20app%20endpoint%20%2Fapi%2Fproject%2Froute%0A-%20Execution%20of%20%2Aall_asset_paths%20failed%0A-%20Execution%20of%20%2AAppEndpointOutput%3A%3Aoutput_assets%20failed%0A-%20Execution%20of%20AppEndpoint%3A%3Aoutput%20failed%0A-%20Execution%20of%20AppEndpoint%3A%3Aapp_route_entry%20failed%0A-%20Execution%20of%20%2Aget_app_route_entry%20failed%0A-%20Execution%20of%20AppProject%3A%3Aroute_module_context%20failed%0A-%20Execution%20of%20AppProject%3A%3Aecmascript_client_reference_transition%20failed%0A-%20Execution%20of%20%2ANextEcmascriptClientReferenceTransition%3A%3Anew%20failed%0A-%20Execution%20of%20AppProject%3A%3Aclient_transition%20failed%0A-%20Execution%20of%20%2AFullContextTransition%3A%3Anew%20failed%0A-%20Execution%20of%20AppProject%3A%3Aclient_module_context%20failed%0A-%20Execution%20of%20%2AModuleAssetContext%3A%3Anew%20failed%0A-%20Execution%20of%20get_client_module_options_context%20failed%0A-%20Execution%20of%20%2Aget_jsx_transform_options%20failed%0A-%20Execution%20of%20get_client_resolve_options_context%20failed%0A-%20Execution%20of%20get_transpiled_packages%20failed%0A-%20Execution%20of%20%3CDiskFileSystem%20as%20FileSystem%3E%3A%3Aread%20failed%0A-%20Unable%20to%20watch%20%2Fhome%2Fale%2FDesktop%2FHouseCheck%2Fhousecheck-clipforge-ad%2Fclipforge%2Fnode_modules%2Fnext%2Fdist%0A-%20OS%20file%20watch%20limit%20reached.%20about%20%5B%22%2Fhome%2Fale%2FDesktop%2FHouseCheck%2Fhousecheck-clipforge-ad%2Fclipforge%2Fnode_modules%2Fnext%2Fdist%22%5D%0A%60%60%60&labels=Turbopack,Turbopack%20Panic%20Backtrace
-----

⨯ Error [TurbopackInternalError]: Failed to write page endpoint /_app

Caused by:
- Unable to watch /home/ale/Desktop/HouseCheck/housecheck-clipforge-ad/clipforge/node_modules/next/dist
- OS file watch limit reached. about ["/home/ale/Desktop/HouseCheck/housecheck-clipforge-ad/clipforge/node_modules/next/dist"]

Debug info:
- Execution of get_written_endpoint_with_issues_operation failed
- Execution of endpoint_write_to_disk failed
- Execution of <PageEndpoint as Endpoint>::output failed
- Failed to write page endpoint /_app
- Execution of *all_asset_paths failed
- Execution of *PageEndpointOutput::output_assets failed
- Execution of PageEndpoint::output failed
- Execution of *ChunkGroupResult::all_assets failed
- Execution of PageEndpoint::client_chunk_group failed
- Execution of PageEndpoint::client_evaluatable_assets failed
- Execution of PageEndpoint::client_module failed
- Execution of *create_page_loader_entry_module failed
- Execution of PagesProject::client_module_context failed
- Execution of *ModuleAssetContext::new failed
- Execution of get_client_module_options_context failed
- Execution of *get_jsx_transform_options failed
- Execution of get_client_resolve_options_context failed
- Execution of get_transpiled_packages failed
- Execution of <DiskFileSystem as FileSystem>::read failed
- Unable to watch /home/ale/Desktop/HouseCheck/housecheck-clipforge-ad/clipforge/node_modules/next/dist
- OS file watch limit reached. about ["/home/ale/Desktop/HouseCheck/housecheck-clipforge-ad/clipforge/node_modules/next/dist"]
    at <unknown> (TurbopackInternalError: Failed to write page endpoint /_app) {
  location: undefined
}
Error [TurbopackInternalError]: Failed to write app endpoint /api/project/route

Caused by:
- Unable to watch /home/ale/Desktop/HouseCheck/housecheck-clipforge-ad/clipforge/node_modules/next/dist
- OS file watch limit reached. about ["/home/ale/Desktop/HouseCheck/housecheck-clipforge-ad/clipforge/node_modules/next/dist"]

Debug info:
- Execution of get_written_endpoint_with_issues_operation failed
- Execution of endpoint_write_to_disk failed
- Execution of <AppEndpoint as Endpoint>::output failed
- Failed to write app endpoint /api/project/route
- Execution of *all_asset_paths failed
- Execution of *AppEndpointOutput::output_assets failed
- Execution of AppEndpoint::output failed
- Execution of AppEndpoint::app_route_entry failed
- Execution of *get_app_route_entry failed
- Execution of AppProject::route_module_context failed
- Execution of AppProject::ecmascript_client_reference_transition failed
- Execution of *NextEcmascriptClientReferenceTransition::new failed
- Execution of AppProject::client_transition failed
- Execution of *FullContextTransition::new failed
- Execution of AppProject::client_module_context failed
- Execution of *ModuleAssetContext::new failed
- Execution of get_client_module_options_context failed
- Execution of *get_jsx_transform_options failed
- Execution of get_client_resolve_options_context failed
- Execution of get_transpiled_packages failed
- Execution of <DiskFileSystem as FileSystem>::read failed
- Unable to watch /home/ale/Desktop/HouseCheck/housecheck-clipforge-ad/clipforge/node_modules/next/dist
- OS file watch limit reached. about ["/home/ale/Desktop/HouseCheck/housecheck-clipforge-ad/clipforge/node_modules/next/dist"]
    at <unknown> (TurbopackInternalError: Failed to write app endpoint /api/project/route) {
  location: undefined
}
⨯ Error [TurbopackInternalError]: Failed to write page endpoint /_app

Caused by:
- Unable to watch /home/ale/Desktop/HouseCheck/housecheck-clipforge-ad/clipforge/node_modules/next/dist
- OS file watch limit reached. about ["/home/ale/Desktop/HouseCheck/housecheck-clipforge-ad/clipforge/node_modules/next/dist"]

Debug info:
- Execution of get_written_endpoint_with_issues_operation failed
- Execution of endpoint_write_to_disk failed
- Execution of <PageEndpoint as Endpoint>::output failed
- Failed to write page endpoint /_app
- Execution of *all_asset_paths failed
- Execution of *PageEndpointOutput::output_assets failed
- Execution of PageEndpoint::output failed
- Execution of *ChunkGroupResult::all_assets failed
- Execution of PageEndpoint::client_chunk_group failed
- Execution of PageEndpoint::client_evaluatable_assets failed
- Execution of PageEndpoint::client_module failed
- Execution of *create_page_loader_entry_module failed
- Execution of PagesProject::client_module_context failed
- Execution of *ModuleAssetContext::new failed
- Execution of get_client_module_options_context failed
- Execution of *get_jsx_transform_options failed
- Execution of get_client_resolve_options_context failed
- Execution of get_transpiled_packages failed
- Execution of <DiskFileSystem as FileSystem>::read failed
- Unable to watch /home/ale/Desktop/HouseCheck/housecheck-clipforge-ad/clipforge/node_modules/next/dist
- OS file watch limit reached. about ["/home/ale/Desktop/HouseCheck/housecheck-clipforge-ad/clipforge/node_modules/next/dist"]
    at <unknown> (TurbopackInternalError: Failed to write page endpoint /_app) {
  location: undefined
}
Error [TurbopackInternalError]: Failed to write page endpoint /_app

Caused by:
- Unable to watch /home/ale/Desktop/HouseCheck/housecheck-clipforge-ad/clipforge/node_modules/next/dist
- OS file watch limit reached. about ["/home/ale/Desktop/HouseCheck/housecheck-clipforge-ad/clipforge/node_modules/next/dist"]

Debug info:
- Execution of get_written_endpoint_with_issues_operation failed
- Execution of endpoint_write_to_disk failed
- Execution of <PageEndpoint as Endpoint>::output failed
- Failed to write page endpoint /_app
- Execution of *all_asset_paths failed
- Execution of *PageEndpointOutput::output_assets failed
- Execution of PageEndpoint::output failed
- Execution of *ChunkGroupResult::all_assets failed
- Execution of PageEndpoint::client_chunk_group failed
- Execution of PageEndpoint::client_evaluatable_assets failed
- Execution of PageEndpoint::client_module failed
- Execution of *create_page_loader_entry_module failed
- Execution of PagesProject::client_module_context failed
- Execution of *ModuleAssetContext::new failed
- Execution of get_client_module_options_context failed
- Execution of *get_jsx_transform_options failed
- Execution of get_client_resolve_options_context failed
- Execution of get_transpiled_packages failed
- Execution of <DiskFileSystem as FileSystem>::read failed
- Unable to watch /home/ale/Desktop/HouseCheck/housecheck-clipforge-ad/clipforge/node_modules/next/dist
- OS file watch limit reached. about ["/home/ale/Desktop/HouseCheck/housecheck-clipforge-ad/clipforge/node_modules/next/dist"]
    at <unknown> (TurbopackInternalError: Failed to write page endpoint /_app) {
  location: undefined
}

-----
[1m[31mFATAL[39m[0m: An unexpected Turbopack error occurred. A panic log has been written to /tmp/next-panic-e06653766a15e572b57a76bb1b5015de.log.

To help make Turbopack better, report this error by clicking here: https://bugs.nextjs.org/search?category=turbopack-error-report&title=Turbopack%20Error%3A%20Failed%20to%20write%20app%20endpoint%20%2Fapi%2Fproject%2Froute&body=Turbopack%20version%3A%20%60600cd2fe%60%0ANext.js%20version%3A%20%600.0.0%60%0A%0AError%20message%3A%0A%60%60%60%0AFailed%20to%20write%20app%20endpoint%20%2Fapi%2Fproject%2Froute%0A%0ACaused%20by%3A%0A-%20Unable%20to%20watch%20%2Fhome%2Fale%2FDesktop%2FHouseCheck%2Fhousecheck-clipforge-ad%2Fclipforge%2Fnode_modules%2Fnext%2Fdist%0A-%20OS%20file%20watch%20limit%20reached.%20about%20%5B%22%2Fhome%2Fale%2FDesktop%2FHouseCheck%2Fhousecheck-clipforge-ad%2Fclipforge%2Fnode_modules%2Fnext%2Fdist%22%5D%0A%0ADebug%20info%3A%0A-%20Execution%20of%20get_written_endpoint_with_issues_operation%20failed%0A-%20Execution%20of%20endpoint_write_to_disk%20failed%0A-%20Execution%20of%20%3CAppEndpoint%20as%20Endpoint%3E%3A%3Aoutput%20failed%0A-%20Failed%20to%20write%20app%20endpoint%20%2Fapi%2Fproject%2Froute%0A-%20Execution%20of%20%2Aall_asset_paths%20failed%0A-%20Execution%20of%20%2AAppEndpointOutput%3A%3Aoutput_assets%20failed%0A-%20Execution%20of%20AppEndpoint%3A%3Aoutput%20failed%0A-%20Execution%20of%20AppEndpoint%3A%3Aapp_route_entry%20failed%0A-%20Execution%20of%20%2Aget_app_route_entry%20failed%0A-%20Execution%20of%20AppProject%3A%3Aroute_module_context%20failed%0A-%20Execution%20of%20AppProject%3A%3Aecmascript_client_reference_transition%20failed%0A-%20Execution%20of%20%2ANextEcmascriptClientReferenceTransition%3A%3Anew%20failed%0A-%20Execution%20of%20AppProject%3A%3Aclient_transition%20failed%0A-%20Execution%20of%20%2AFullContextTransition%3A%3Anew%20failed%0A-%20Execution%20of%20AppProject%3A%3Aclient_module_context%20failed%0A-%20Execution%20of%20%2AModuleAssetContext%3A%3Anew%20failed%0A-%20Execution%20of%20get_client_module_options_context%20failed%0A-%20Execution%20of%20%2Aget_jsx_transform_options%20failed%0A-%20Execution%20of%20get_client_resolve_options_context%20failed%0A-%20Execution%20of%20get_transpiled_packages%20failed%0A-%20Execution%20of%20%3CDiskFileSystem%20as%20FileSystem%3E%3A%3Aread%20failed%0A-%20Unable%20to%20watch%20%2Fhome%2Fale%2FDesktop%2FHouseCheck%2Fhousecheck-clipforge-ad%2Fclipforge%2Fnode_modules%2Fnext%2Fdist%0A-%20OS%20file%20watch%20limit%20reached.%20about%20%5B%22%2Fhome%2Fale%2FDesktop%2FHouseCheck%2Fhousecheck-clipforge-ad%2Fclipforge%2Fnode_modules%2Fnext%2Fdist%22%5D%0A%60%60%60&labels=Turbopack,Turbopack%20Panic%20Backtrace
-----

⨯ Error [TurbopackInternalError]: Failed to write page endpoint /_app

Caused by:
- Unable to watch /home/ale/Desktop/HouseCheck/housecheck-clipforge-ad/clipforge/node_modules/next/dist
- OS file watch limit reached. about ["/home/ale/Desktop/HouseCheck/housecheck-clipforge-ad/clipforge/node_modules/next/dist"]

Debug info:
- Execution of get_written_endpoint_with_issues_operation failed
- Execution of endpoint_write_to_disk failed
- Execution of <PageEndpoint as Endpoint>::output failed
- Failed to write page endpoint /_app
- Execution of *all_asset_paths failed
- Execution of *PageEndpointOutput::output_assets failed
- Execution of PageEndpoint::output failed
- Execution of *ChunkGroupResult::all_assets failed
- Execution of PageEndpoint::client_chunk_group failed
- Execution of PageEndpoint::client_evaluatable_assets failed
- Execution of PageEndpoint::client_module failed
- Execution of *create_page_loader_entry_module failed
- Execution of PagesProject::client_module_context failed
- Execution of *ModuleAssetContext::new failed
- Execution of get_client_module_options_context failed
- Execution of *get_jsx_transform_options failed
- Execution of get_client_resolve_options_context failed
- Execution of get_transpiled_packages failed
- Execution of <DiskFileSystem as FileSystem>::read failed
- Unable to watch /home/ale/Desktop/HouseCheck/housecheck-clipforge-ad/clipforge/node_modules/next/dist
- OS file watch limit reached. about ["/home/ale/Desktop/HouseCheck/housecheck-clipforge-ad/clipforge/node_modules/next/dist"]
    at <unknown> (TurbopackInternalError: Failed to write page endpoint /_app) {
  location: undefined
}
Error [TurbopackInternalError]: Failed to write app endpoint /api/project/route

Caused by:
- Unable to watch /home/ale/Desktop/HouseCheck/housecheck-clipforge-ad/clipforge/node_modules/next/dist
- OS file watch limit reached. about ["/home/ale/Desktop/HouseCheck/housecheck-clipforge-ad/clipforge/node_modules/next/dist"]

Debug info:
- Execution of get_written_endpoint_with_issues_operation failed
- Execution of endpoint_write_to_disk failed
- Execution of <AppEndpoint as Endpoint>::output failed
- Failed to write app endpoint /api/project/route
- Execution of *all_asset_paths failed
- Execution of *AppEndpointOutput::output_assets failed
- Execution of AppEndpoint::output failed
- Execution of AppEndpoint::app_route_entry failed
- Execution of *get_app_route_entry failed
- Execution of AppProject::route_module_context failed
- Execution of AppProject::ecmascript_client_reference_transition failed
- Execution of *NextEcmascriptClientReferenceTransition::new failed
- Execution of AppProject::client_transition failed
- Execution of *FullContextTransition::new failed
- Execution of AppProject::client_module_context failed
- Execution of *ModuleAssetContext::new failed
- Execution of get_client_module_options_context failed
- Execution of *get_jsx_transform_options failed
- Execution of get_client_resolve_options_context failed
- Execution of get_transpiled_packages failed
- Execution of <DiskFileSystem as FileSystem>::read failed
- Unable to watch /home/ale/Desktop/HouseCheck/housecheck-clipforge-ad/clipforge/node_modules/next/dist
- OS file watch limit reached. about ["/home/ale/Desktop/HouseCheck/housecheck-clipforge-ad/clipforge/node_modules/next/dist"]
    at <unknown> (TurbopackInternalError: Failed to write app endpoint /api/project/route) {
  location: undefined
}
⨯ Error [TurbopackInternalError]: Failed to write page endpoint /_app

Caused by:
- Unable to watch /home/ale/Desktop/HouseCheck/housecheck-clipforge-ad/clipforge/node_modules/next/dist
- OS file watch limit reached. about ["/home/ale/Desktop/HouseCheck/housecheck-clipforge-ad/clipforge/node_modules/next/dist"]

Debug info:
- Execution of get_written_endpoint_with_issues_operation failed
- Execution of endpoint_write_to_disk failed
- Execution of <PageEndpoint as Endpoint>::output failed
- Failed to write page endpoint /_app
- Execution of *all_asset_paths failed
- Execution of *PageEndpointOutput::output_assets failed
- Execution of PageEndpoint::output failed
- Execution of *ChunkGroupResult::all_assets failed
- Execution of PageEndpoint::client_chunk_group failed
- Execution of PageEndpoint::client_evaluatable_assets failed
- Execution of PageEndpoint::client_module failed
- Execution of *create_page_loader_entry_module failed
- Execution of PagesProject::client_module_context failed
- Execution of *ModuleAssetContext::new failed
- Execution of get_client_module_options_context failed
- Execution of *get_jsx_transform_options failed
- Execution of get_client_resolve_options_context failed
- Execution of get_transpiled_packages failed
- Execution of <DiskFileSystem as FileSystem>::read failed
- Unable to watch /home/ale/Desktop/HouseCheck/housecheck-clipforge-ad/clipforge/node_modules/next/dist
- OS file watch limit reached. about ["/home/ale/Desktop/HouseCheck/housecheck-clipforge-ad/clipforge/node_modules/next/dist"]
    at <unknown> (TurbopackInternalError: Failed to write page endpoint /_app) {
  location: undefined
}
Error [TurbopackInternalError]: Failed to write page endpoint /_app

Caused by:
- Unable to watch /home/ale/Desktop/HouseCheck/housecheck-clipforge-ad/clipforge/node_modules/next/dist
- OS file watch limit reached. about ["/home/ale/Desktop/HouseCheck/housecheck-clipforge-ad/clipforge/node_modules/next/dist"]

Debug info:
- Execution of get_written_endpoint_with_issues_operation failed
- Execution of endpoint_write_to_disk failed
- Execution of <PageEndpoint as Endpoint>::output failed
- Failed to write page endpoint /_app
- Execution of *all_asset_paths failed
- Execution of *PageEndpointOutput::output_assets failed
- Execution of PageEndpoint::output failed
- Execution of *ChunkGroupResult::all_assets failed
- Execution of PageEndpoint::client_chunk_group failed
- Execution of PageEndpoint::client_evaluatable_assets failed
- Execution of PageEndpoint::client_module failed
- Execution of *create_page_loader_entry_module failed
- Execution of PagesProject::client_module_context failed
- Execution of *ModuleAssetContext::new failed
- Execution of get_client_module_options_context failed
- Execution of *get_jsx_transform_options failed
- Execution of get_client_resolve_options_context failed
- Execution of get_transpiled_packages failed
- Execution of <DiskFileSystem as FileSystem>::read failed
- Unable to watch /home/ale/Desktop/HouseCheck/housecheck-clipforge-ad/clipforge/node_modules/next/dist
- OS file watch limit reached. about ["/home/ale/Desktop/HouseCheck/housecheck-clipforge-ad/clipforge/node_modules/next/dist"]
    at <unknown> (TurbopackInternalError: Failed to write page endpoint /_app) {
  location: undefined
}

-----
[1m[31mFATAL[39m[0m: An unexpected Turbopack error occurred. A panic log has been written to /tmp/next-panic-e06653766a15e572b57a76bb1b5015de.log.

To help make Turbopack better, report this error by clicking here: https://bugs.nextjs.org/search?category=turbopack-error-report&title=Turbopack%20Error%3A%20Failed%20to%20write%20app%20endpoint%20%2Fapi%2Fproject%2Froute&body=Turbopack%20version%3A%20%60600cd2fe%60%0ANext.js%20version%3A%20%600.0.0%60%0A%0AError%20message%3A%0A%60%60%60%0AFailed%20to%20write%20app%20endpoint%20%2Fapi%2Fproject%2Froute%0A%0ACaused%20by%3A%0A-%20Unable%20to%20watch%20%2Fhome%2Fale%2FDesktop%2FHouseCheck%2Fhousecheck-clipforge-ad%2Fclipforge%2Fnode_modules%2Fnext%2Fdist%0A-%20OS%20file%20watch%20limit%20reached.%20about%20%5B%22%2Fhome%2Fale%2FDesktop%2FHouseCheck%2Fhousecheck-clipforge-ad%2Fclipforge%2Fnode_modules%2Fnext%2Fdist%22%5D%0A%0ADebug%20info%3A%0A-%20Execution%20of%20get_written_endpoint_with_issues_operation%20failed%0A-%20Execution%20of%20endpoint_write_to_disk%20failed%0A-%20Execution%20of%20%3CAppEndpoint%20as%20Endpoint%3E%3A%3Aoutput%20failed%0A-%20Failed%20to%20write%20app%20endpoint%20%2Fapi%2Fproject%2Froute%0A-%20Execution%20of%20%2Aall_asset_paths%20failed%0A-%20Execution%20of%20%2AAppEndpointOutput%3A%3Aoutput_assets%20failed%0A-%20Execution%20of%20AppEndpoint%3A%3Aoutput%20failed%0A-%20Execution%20of%20AppEndpoint%3A%3Aapp_route_entry%20failed%0A-%20Execution%20of%20%2Aget_app_route_entry%20failed%0A-%20Execution%20of%20AppProject%3A%3Aroute_module_context%20failed%0A-%20Execution%20of%20AppProject%3A%3Aecmascript_client_reference_transition%20failed%0A-%20Execution%20of%20%2ANextEcmascriptClientReferenceTransition%3A%3Anew%20failed%0A-%20Execution%20of%20AppProject%3A%3Aclient_transition%20failed%0A-%20Execution%20of%20%2AFullContextTransition%3A%3Anew%20failed%0A-%20Execution%20of%20AppProject%3A%3Aclient_module_context%20failed%0A-%20Execution%20of%20%2AModuleAssetContext%3A%3Anew%20failed%0A-%20Execution%20of%20get_client_module_options_context%20failed%0A-%20Execution%20of%20%2Aget_jsx_transform_options%20failed%0A-%20Execution%20of%20get_client_resolve_options_context%20failed%0A-%20Execution%20of%20get_transpiled_packages%20failed%0A-%20Execution%20of%20%3CDiskFileSystem%20as%20FileSystem%3E%3A%3Aread%20failed%0A-%20Unable%20to%20watch%20%2Fhome%2Fale%2FDesktop%2FHouseCheck%2Fhousecheck-clipforge-ad%2Fclipforge%2Fnode_modules%2Fnext%2Fdist%0A-%20OS%20file%20watch%20limit%20reached.%20about%20%5B%22%2Fhome%2Fale%2FDesktop%2FHouseCheck%2Fhousecheck-clipforge-ad%2Fclipforge%2Fnode_modules%2Fnext%2Fdist%22%5D%0A%60%60%60&labels=Turbopack,Turbopack%20Panic%20Backtrace
-----

⨯ Error [TurbopackInternalError]: Failed to write page endpoint /_app

Caused by:
- Unable to watch /home/ale/Desktop/HouseCheck/housecheck-clipforge-ad/clipforge/node_modules/next/dist
- OS file watch limit reached. about ["/home/ale/Desktop/HouseCheck/housecheck-clipforge-ad/clipforge/node_modules/next/dist"]

Debug info:
- Execution of get_written_endpoint_with_issues_operation failed
- Execution of endpoint_write_to_disk failed
- Execution of <PageEndpoint as Endpoint>::output failed
- Failed to write page endpoint /_app
- Execution of *all_asset_paths failed
- Execution of *PageEndpointOutput::output_assets failed
- Execution of PageEndpoint::output failed
- Execution of *ChunkGroupResult::all_assets failed
- Execution of PageEndpoint::client_chunk_group failed
- Execution of PageEndpoint::client_evaluatable_assets failed
- Execution of PageEndpoint::client_module failed
- Execution of *create_page_loader_entry_module failed
- Execution of PagesProject::client_module_context failed
- Execution of *ModuleAssetContext::new failed
- Execution of get_client_module_options_context failed
- Execution of *get_jsx_transform_options failed
- Execution of get_client_resolve_options_context failed
- Execution of get_transpiled_packages failed
- Execution of <DiskFileSystem as FileSystem>::read failed
- Unable to watch /home/ale/Desktop/HouseCheck/housecheck-clipforge-ad/clipforge/node_modules/next/dist
- OS file watch limit reached. about ["/home/ale/Desktop/HouseCheck/housecheck-clipforge-ad/clipforge/node_modules/next/dist"]
    at <unknown> (TurbopackInternalError: Failed to write page endpoint /_app) {
  location: undefined
}
Error [TurbopackInternalError]: Failed to write app endpoint /api/project/route

Caused by:
- Unable to watch /home/ale/Desktop/HouseCheck/housecheck-clipforge-ad/clipforge/node_modules/next/dist
- OS file watch limit reached. about ["/home/ale/Desktop/HouseCheck/housecheck-clipforge-ad/clipforge/node_modules/next/dist"]

Debug info:
- Execution of get_written_endpoint_with_issues_operation failed
- Execution of endpoint_write_to_disk failed
- Execution of <AppEndpoint as Endpoint>::output failed
- Failed to write app endpoint /api/project/route
- Execution of *all_asset_paths failed
- Execution of *AppEndpointOutput::output_assets failed
- Execution of AppEndpoint::output failed
- Execution of AppEndpoint::app_route_entry failed
- Execution of *get_app_route_entry failed
- Execution of AppProject::route_module_context failed
- Execution of AppProject::ecmascript_client_reference_transition failed
- Execution of *NextEcmascriptClientReferenceTransition::new failed
- Execution of AppProject::client_transition failed
- Execution of *FullContextTransition::new failed
- Execution of AppProject::client_module_context failed
- Execution of *ModuleAssetContext::new failed
- Execution of get_client_module_options_context failed
- Execution of *get_jsx_transform_options failed
- Execution of get_client_resolve_options_context failed
- Execution of get_transpiled_packages failed
- Execution of <DiskFileSystem as FileSystem>::read failed
- Unable to watch /home/ale/Desktop/HouseCheck/housecheck-clipforge-ad/clipforge/node_modules/next/dist
- OS file watch limit reached. about ["/home/ale/Desktop/HouseCheck/housecheck-clipforge-ad/clipforge/node_modules/next/dist"]
    at <unknown> (TurbopackInternalError: Failed to write app endpoint /api/project/route) {
  location: undefined
}
⨯ Error [TurbopackInternalError]: Failed to write page endpoint /_app

Caused by:
- Unable to watch /home/ale/Desktop/HouseCheck/housecheck-clipforge-ad/clipforge/node_modules/next/dist
- OS file watch limit reached. about ["/home/ale/Desktop/HouseCheck/housecheck-clipforge-ad/clipforge/node_modules/next/dist"]

Debug info:
- Execution of get_written_endpoint_with_issues_operation failed
- Execution of endpoint_write_to_disk failed
- Execution of <PageEndpoint as Endpoint>::output failed
- Failed to write page endpoint /_app
- Execution of *all_asset_paths failed
- Execution of *PageEndpointOutput::output_assets failed
- Execution of PageEndpoint::output failed
- Execution of *ChunkGroupResult::all_assets failed
- Execution of PageEndpoint::client_chunk_group failed
- Execution of PageEndpoint::client_evaluatable_assets failed
- Execution of PageEndpoint::client_module failed
- Execution of *create_page_loader_entry_module failed
- Execution of PagesProject::client_module_context failed
- Execution of *ModuleAssetContext::new failed
- Execution of get_client_module_options_context failed
- Execution of *get_jsx_transform_options failed
- Execution of get_client_resolve_options_context failed
- Execution of get_transpiled_packages failed
- Execution of <DiskFileSystem as FileSystem>::read failed
- Unable to watch /home/ale/Desktop/HouseCheck/housecheck-clipforge-ad/clipforge/node_modules/next/dist
- OS file watch limit reached. about ["/home/ale/Desktop/HouseCheck/housecheck-clipforge-ad/clipforge/node_modules/next/dist"]
    at <unknown> (TurbopackInternalError: Failed to write page endpoint /_app) {
  location: undefined
}
Error [TurbopackInternalError]: Failed to write page endpoint /_app

Caused by:
- Unable to watch /home/ale/Desktop/HouseCheck/housecheck-clipforge-ad/clipforge/node_modules/next/dist
- OS file watch limit reached. about ["/home/ale/Desktop/HouseCheck/housecheck-clipforge-ad/clipforge/node_modules/next/dist"]

Debug info:
- Execution of get_written_endpoint_with_issues_operation failed
- Execution of endpoint_write_to_disk failed
- Execution of <PageEndpoint as Endpoint>::output failed
- Failed to write page endpoint /_app
- Execution of *all_asset_paths failed
- Execution of *PageEndpointOutput::output_assets failed
- Execution of PageEndpoint::output failed
- Execution of *ChunkGroupResult::all_assets failed
- Execution of PageEndpoint::client_chunk_group failed
- Execution of PageEndpoint::client_evaluatable_assets failed
- Execution of PageEndpoint::client_module failed
- Execution of *create_page_loader_entry_module failed
- Execution of PagesProject::client_module_context failed
- Execution of *ModuleAssetContext::new failed
- Execution of get_client_module_options_context failed
- Execution of *get_jsx_transform_options failed
- Execution of get_client_resolve_options_context failed
- Execution of get_transpiled_packages failed
- Execution of <DiskFileSystem as FileSystem>::read failed
- Unable to watch /home/ale/Desktop/HouseCheck/housecheck-clipforge-ad/clipforge/node_modules/next/dist
- OS file watch limit reached. about ["/home/ale/Desktop/HouseCheck/housecheck-clipforge-ad/clipforge/node_modules/next/dist"]
    at <unknown> (TurbopackInternalError: Failed to write page endpoint /_app) {
  location: undefined
}

-----
[1m[31mFATAL[39m[0m: An unexpected Turbopack error occurred. A panic log has been written to /tmp/next-panic-e06653766a15e572b57a76bb1b5015de.log.

To help make Turbopack better, report this error by clicking here: https://bugs.nextjs.org/search?category=turbopack-error-report&title=Turbopack%20Error%3A%20Failed%20to%20write%20app%20endpoint%20%2Fapi%2Fproject%2Froute&body=Turbopack%20version%3A%20%60600cd2fe%60%0ANext.js%20version%3A%20%600.0.0%60%0A%0AError%20message%3A%0A%60%60%60%0AFailed%20to%20write%20app%20endpoint%20%2Fapi%2Fproject%2Froute%0A%0ACaused%20by%3A%0A-%20Unable%20to%20watch%20%2Fhome%2Fale%2FDesktop%2FHouseCheck%2Fhousecheck-clipforge-ad%2Fclipforge%2Fnode_modules%2Fnext%2Fdist%0A-%20OS%20file%20watch%20limit%20reached.%20about%20%5B%22%2Fhome%2Fale%2FDesktop%2FHouseCheck%2Fhousecheck-clipforge-ad%2Fclipforge%2Fnode_modules%2Fnext%2Fdist%22%5D%0A%0ADebug%20info%3A%0A-%20Execution%20of%20get_written_endpoint_with_issues_operation%20failed%0A-%20Execution%20of%20endpoint_write_to_disk%20failed%0A-%20Execution%20of%20%3CAppEndpoint%20as%20Endpoint%3E%3A%3Aoutput%20failed%0A-%20Failed%20to%20write%20app%20endpoint%20%2Fapi%2Fproject%2Froute%0A-%20Execution%20of%20%2Aall_asset_paths%20failed%0A-%20Execution%20of%20%2AAppEndpointOutput%3A%3Aoutput_assets%20failed%0A-%20Execution%20of%20AppEndpoint%3A%3Aoutput%20failed%0A-%20Execution%20of%20AppEndpoint%3A%3Aapp_route_entry%20failed%0A-%20Execution%20of%20%2Aget_app_route_entry%20failed%0A-%20Execution%20of%20AppProject%3A%3Aroute_module_context%20failed%0A-%20Execution%20of%20AppProject%3A%3Aecmascript_client_reference_transition%20failed%0A-%20Execution%20of%20%2ANextEcmascriptClientReferenceTransition%3A%3Anew%20failed%0A-%20Execution%20of%20AppProject%3A%3Aclient_transition%20failed%0A-%20Execution%20of%20%2AFullContextTransition%3A%3Anew%20failed%0A-%20Execution%20of%20AppProject%3A%3Aclient_module_context%20failed%0A-%20Execution%20of%20%2AModuleAssetContext%3A%3Anew%20failed%0A-%20Execution%20of%20get_client_module_options_context%20failed%0A-%20Execution%20of%20%2Aget_jsx_transform_options%20failed%0A-%20Execution%20of%20get_client_resolve_options_context%20failed%0A-%20Execution%20of%20get_transpiled_packages%20failed%0A-%20Execution%20of%20%3CDiskFileSystem%20as%20FileSystem%3E%3A%3Aread%20failed%0A-%20Unable%20to%20watch%20%2Fhome%2Fale%2FDesktop%2FHouseCheck%2Fhousecheck-clipforge-ad%2Fclipforge%2Fnode_modules%2Fnext%2Fdist%0A-%20OS%20file%20watch%20limit%20reached.%20about%20%5B%22%2Fhome%2Fale%2FDesktop%2FHouseCheck%2Fhousecheck-clipforge-ad%2Fclipforge%2Fnode_modules%2Fnext%2Fdist%22%5D%0A%60%60%60&labels=Turbopack,Turbopack%20Panic%20Backtrace
-----

⨯ Error [TurbopackInternalError]: Failed to write page endpoint /_app

Caused by:
- Unable to watch /home/ale/Desktop/HouseCheck/housecheck-clipforge-ad/clipforge/node_modules/next/dist
- OS file watch limit reached. about ["/home/ale/Desktop/HouseCheck/housecheck-clipforge-ad/clipforge/node_modules/next/dist"]

Debug info:
- Execution of get_written_endpoint_with_issues_operation failed
- Execution of endpoint_write_to_disk failed
- Execution of <PageEndpoint as Endpoint>::output failed
- Failed to write page endpoint /_app
- Execution of *all_asset_paths failed
- Execution of *PageEndpointOutput::output_assets failed
- Execution of PageEndpoint::output failed
- Execution of *ChunkGroupResult::all_assets failed
- Execution of PageEndpoint::client_chunk_group failed
- Execution of PageEndpoint::client_evaluatable_assets failed
- Execution of PageEndpoint::client_module failed
- Execution of *create_page_loader_entry_module failed
- Execution of PagesProject::client_module_context failed
- Execution of *ModuleAssetContext::new failed
- Execution of get_client_module_options_context failed
- Execution of *get_jsx_transform_options failed
- Execution of get_client_resolve_options_context failed
- Execution of get_transpiled_packages failed
- Execution of <DiskFileSystem as FileSystem>::read failed
- Unable to watch /home/ale/Desktop/HouseCheck/housecheck-clipforge-ad/clipforge/node_modules/next/dist
- OS file watch limit reached. about ["/home/ale/Desktop/HouseCheck/housecheck-clipforge-ad/clipforge/node_modules/next/dist"]
    at <unknown> (TurbopackInternalError: Failed to write page endpoint /_app) {
  location: undefined
}
Error [TurbopackInternalError]: Failed to write app endpoint /api/project/route

Caused by:
- Unable to watch /home/ale/Desktop/HouseCheck/housecheck-clipforge-ad/clipforge/node_modules/next/dist
- OS file watch limit reached. about ["/home/ale/Desktop/HouseCheck/housecheck-clipforge-ad/clipforge/node_modules/next/dist"]

Debug info:
- Execution of get_written_endpoint_with_issues_operation failed
- Execution of endpoint_write_to_disk failed
- Execution of <AppEndpoint as Endpoint>::output failed
- Failed to write app endpoint /api/project/route
- Execution of *all_asset_paths failed
- Execution of *AppEndpointOutput::output_assets failed
- Execution of AppEndpoint::output failed
- Execution of AppEndpoint::app_route_entry failed
- Execution of *get_app_route_entry failed
- Execution of AppProject::route_module_context failed
- Execution of AppProject::ecmascript_client_reference_transition failed
- Execution of *NextEcmascriptClientReferenceTransition::new failed
- Execution of AppProject::client_transition failed
- Execution of *FullContextTransition::new failed
- Execution of AppProject::client_module_context failed
- Execution of *ModuleAssetContext::new failed
- Execution of get_client_module_options_context failed
- Execution of *get_jsx_transform_options failed
- Execution of get_client_resolve_options_context failed
- Execution of get_transpiled_packages failed
- Execution of <DiskFileSystem as FileSystem>::read failed
- Unable to watch /home/ale/Desktop/HouseCheck/housecheck-clipforge-ad/clipforge/node_modules/next/dist
- OS file watch limit reached. about ["/home/ale/Desktop/HouseCheck/housecheck-clipforge-ad/clipforge/node_modules/next/dist"]
    at <unknown> (TurbopackInternalError: Failed to write app endpoint /api/project/route) {
  location: undefined
}
⨯ Error [TurbopackInternalError]: Failed to write page endpoint /_app

Caused by:
- Unable to watch /home/ale/Desktop/HouseCheck/housecheck-clipforge-ad/clipforge/node_modules/next/dist
- OS file watch limit reached. about ["/home/ale/Desktop/HouseCheck/housecheck-clipforge-ad/clipforge/node_modules/next/dist"]

Debug info:
- Execution of get_written_endpoint_with_issues_operation failed
- Execution of endpoint_write_to_disk failed
- Execution of <PageEndpoint as Endpoint>::output failed
- Failed to write page endpoint /_app
- Execution of *all_asset_paths failed
- Execution of *PageEndpointOutput::output_assets failed
- Execution of PageEndpoint::output failed
- Execution of *ChunkGroupResult::all_assets failed
- Execution of PageEndpoint::client_chunk_group failed
- Execution of PageEndpoint::client_evaluatable_assets failed
- Execution of PageEndpoint::client_module failed
- Execution of *create_page_loader_entry_module failed
- Execution of PagesProject::client_module_context failed
- Execution of *ModuleAssetContext::new failed
- Execution of get_client_module_options_context failed
- Execution of *get_jsx_transform_options failed
- Execution of get_client_resolve_options_context failed
- Execution of get_transpiled_packages failed
- Execution of <DiskFileSystem as FileSystem>::read failed
- Unable to watch /home/ale/Desktop/HouseCheck/housecheck-clipforge-ad/clipforge/node_modules/next/dist
- OS file watch limit reached. about ["/home/ale/Desktop/HouseCheck/housecheck-clipforge-ad/clipforge/node_modules/next/dist"]
    at <unknown> (TurbopackInternalError: Failed to write page endpoint /_app) {
  location: undefined
}
Error [TurbopackInternalError]: Failed to write page endpoint /_app

Caused by:
- Unable to watch /home/ale/Desktop/HouseCheck/housecheck-clipforge-ad/clipforge/node_modules/next/dist
- OS file watch limit reached. about ["/home/ale/Desktop/HouseCheck/housecheck-clipforge-ad/clipforge/node_modules/next/dist"]

Debug info:
- Execution of get_written_endpoint_with_issues_operation failed
- Execution of endpoint_write_to_disk failed
- Execution of <PageEndpoint as Endpoint>::output failed
- Failed to write page endpoint /_app
- Execution of *all_asset_paths failed
- Execution of *PageEndpointOutput::output_assets failed
- Execution of PageEndpoint::output failed
- Execution of *ChunkGroupResult::all_assets failed
- Execution of PageEndpoint::client_chunk_group failed
- Execution of PageEndpoint::client_evaluatable_assets failed
- Execution of PageEndpoint::client_module failed
- Execution of *create_page_loader_entry_module failed
- Execution of PagesProject::client_module_context failed
- Execution of *ModuleAssetContext::new failed
- Execution of get_client_module_options_context failed
- Execution of *get_jsx_transform_options failed
- Execution of get_client_resolve_options_context failed
- Execution of get_transpiled_packages failed
- Execution of <DiskFileSystem as FileSystem>::read failed
- Unable to watch /home/ale/Desktop/HouseCheck/housecheck-clipforge-ad/clipforge/node_modules/next/dist
- OS file watch limit reached. about ["/home/ale/Desktop/HouseCheck/housecheck-clipforge-ad/clipforge/node_modules/next/dist"]
    at <unknown> (TurbopackInternalError: Failed to write page endpoint /_app) {
  location: undefined
}

-----
[1m[31mFATAL[39m[0m: An unexpected Turbopack error occurred. A panic log has been written to /tmp/next-panic-e06653766a15e572b57a76bb1b5015de.log.

To help make Turbopack better, report this error by clicking here: https://bugs.nextjs.org/search?category=turbopack-error-report&title=Turbopack%20Error%3A%20Failed%20to%20write%20app%20endpoint%20%2Fapi%2Fproject%2Froute&body=Turbopack%20version%3A%20%60600cd2fe%60%0ANext.js%20version%3A%20%600.0.0%60%0A%0AError%20message%3A%0A%60%60%60%0AFailed%20to%20write%20app%20endpoint%20%2Fapi%2Fproject%2Froute%0A%0ACaused%20by%3A%0A-%20Unable%20to%20watch%20%2Fhome%2Fale%2FDesktop%2FHouseCheck%2Fhousecheck-clipforge-ad%2Fclipforge%2Fnode_modules%2Fnext%2Fdist%0A-%20OS%20file%20watch%20limit%20reached.%20about%20%5B%22%2Fhome%2Fale%2FDesktop%2FHouseCheck%2Fhousecheck-clipforge-ad%2Fclipforge%2Fnode_modules%2Fnext%2Fdist%22%5D%0A%0ADebug%20info%3A%0A-%20Execution%20of%20get_written_endpoint_with_issues_operation%20failed%0A-%20Execution%20of%20endpoint_write_to_disk%20failed%0A-%20Execution%20of%20%3CAppEndpoint%20as%20Endpoint%3E%3A%3Aoutput%20failed%0A-%20Failed%20to%20write%20app%20endpoint%20%2Fapi%2Fproject%2Froute%0A-%20Execution%20of%20%2Aall_asset_paths%20failed%0A-%20Execution%20of%20%2AAppEndpointOutput%3A%3Aoutput_assets%20failed%0A-%20Execution%20of%20AppEndpoint%3A%3Aoutput%20failed%0A-%20Execution%20of%20AppEndpoint%3A%3Aapp_route_entry%20failed%0A-%20Execution%20of%20%2Aget_app_route_entry%20failed%0A-%20Execution%20of%20AppProject%3A%3Aroute_module_context%20failed%0A-%20Execution%20of%20AppProject%3A%3Aecmascript_client_reference_transition%20failed%0A-%20Execution%20of%20%2ANextEcmascriptClientReferenceTransition%3A%3Anew%20failed%0A-%20Execution%20of%20AppProject%3A%3Aclient_transition%20failed%0A-%20Execution%20of%20%2AFullContextTransition%3A%3Anew%20failed%0A-%20Execution%20of%20AppProject%3A%3Aclient_module_context%20failed%0A-%20Execution%20of%20%2AModuleAssetContext%3A%3Anew%20failed%0A-%20Execution%20of%20get_client_module_options_context%20failed%0A-%20Execution%20of%20%2Aget_jsx_transform_options%20failed%0A-%20Execution%20of%20get_client_resolve_options_context%20failed%0A-%20Execution%20of%20get_transpiled_packages%20failed%0A-%20Execution%20of%20%3CDiskFileSystem%20as%20FileSystem%3E%3A%3Aread%20failed%0A-%20Unable%20to%20watch%20%2Fhome%2Fale%2FDesktop%2FHouseCheck%2Fhousecheck-clipforge-ad%2Fclipforge%2Fnode_modules%2Fnext%2Fdist%0A-%20OS%20file%20watch%20limit%20reached.%20about%20%5B%22%2Fhome%2Fale%2FDesktop%2FHouseCheck%2Fhousecheck-clipforge-ad%2Fclipforge%2Fnode_modules%2Fnext%2Fdist%22%5D%0A%60%60%60&labels=Turbopack,Turbopack%20Panic%20Backtrace
-----

⨯ Error [TurbopackInternalError]: Failed to write page endpoint /_app

Caused by:
- Unable to watch /home/ale/Desktop/HouseCheck/housecheck-clipforge-ad/clipforge/node_modules/next/dist
- OS file watch limit reached. about ["/home/ale/Desktop/HouseCheck/housecheck-clipforge-ad/clipforge/node_modules/next/dist"]

Debug info:
- Execution of get_written_endpoint_with_issues_operation failed
- Execution of endpoint_write_to_disk failed
- Execution of <PageEndpoint as Endpoint>::output failed
- Failed to write page endpoint /_app
- Execution of *all_asset_paths failed
- Execution of *PageEndpointOutput::output_assets failed
- Execution of PageEndpoint::output failed
- Execution of *ChunkGroupResult::all_assets failed
- Execution of PageEndpoint::client_chunk_group failed
- Execution of PageEndpoint::client_evaluatable_assets failed
- Execution of PageEndpoint::client_module failed
- Execution of *create_page_loader_entry_module failed
- Execution of PagesProject::client_module_context failed
- Execution of *ModuleAssetContext::new failed
- Execution of get_client_module_options_context failed
- Execution of *get_jsx_transform_options failed
- Execution of get_client_resolve_options_context failed
- Execution of get_transpiled_packages failed
- Execution of <DiskFileSystem as FileSystem>::read failed
- Unable to watch /home/ale/Desktop/HouseCheck/housecheck-clipforge-ad/clipforge/node_modules/next/dist
- OS file watch limit reached. about ["/home/ale/Desktop/HouseCheck/housecheck-clipforge-ad/clipforge/node_modules/next/dist"]
    at <unknown> (TurbopackInternalError: Failed to write page endpoint /_app) {
  location: undefined
}
Error [TurbopackInternalError]: Failed to write app endpoint /api/project/route

Caused by:
- Unable to watch /home/ale/Desktop/HouseCheck/housecheck-clipforge-ad/clipforge/node_modules/next/dist
- OS file watch limit reached. about ["/home/ale/Desktop/HouseCheck/housecheck-clipforge-ad/clipforge/node_modules/next/dist"]

Debug info:
- Execution of get_written_endpoint_with_issues_operation failed
- Execution of endpoint_write_to_disk failed
- Execution of <AppEndpoint as Endpoint>::output failed
- Failed to write app endpoint /api/project/route
- Execution of *all_asset_paths failed
- Execution of *AppEndpointOutput::output_assets failed
- Execution of AppEndpoint::output failed
- Execution of AppEndpoint::app_route_entry failed
- Execution of *get_app_route_entry failed
- Execution of AppProject::route_module_context failed
- Execution of AppProject::ecmascript_client_reference_transition failed
- Execution of *NextEcmascriptClientReferenceTransition::new failed
- Execution of AppProject::client_transition failed
- Execution of *FullContextTransition::new failed
- Execution of AppProject::client_module_context failed
- Execution of *ModuleAssetContext::new failed
- Execution of get_client_module_options_context failed
- Execution of *get_jsx_transform_options failed
- Execution of get_client_resolve_options_context failed
- Execution of get_transpiled_packages failed
- Execution of <DiskFileSystem as FileSystem>::read failed
- Unable to watch /home/ale/Desktop/HouseCheck/housecheck-clipforge-ad/clipforge/node_modules/next/dist
- OS file watch limit reached. about ["/home/ale/Desktop/HouseCheck/housecheck-clipforge-ad/clipforge/node_modules/next/dist"]
    at <unknown> (TurbopackInternalError: Failed to write app endpoint /api/project/route) {
  location: undefined
}
⨯ Error [TurbopackInternalError]: Failed to write page endpoint /_app

Caused by:
- Unable to watch /home/ale/Desktop/HouseCheck/housecheck-clipforge-ad/clipforge/node_modules/next/dist
- OS file watch limit reached. about ["/home/ale/Desktop/HouseCheck/housecheck-clipforge-ad/clipforge/node_modules/next/dist"]

Debug info:
- Execution of get_written_endpoint_with_issues_operation failed
- Execution of endpoint_write_to_disk failed
- Execution of <PageEndpoint as Endpoint>::output failed
- Failed to write page endpoint /_app
- Execution of *all_asset_paths failed
- Execution of *PageEndpointOutput::output_assets failed
- Execution of PageEndpoint::output failed
- Execution of *ChunkGroupResult::all_assets failed
- Execution of PageEndpoint::client_chunk_group failed
- Execution of PageEndpoint::client_evaluatable_assets failed
- Execution of PageEndpoint::client_module failed
- Execution of *create_page_loader_entry_module failed
- Execution of PagesProject::client_module_context failed
- Execution of *ModuleAssetContext::new failed
- Execution of get_client_module_options_context failed
- Execution of *get_jsx_transform_options failed
- Execution of get_client_resolve_options_context failed
- Execution of get_transpiled_packages failed
- Execution of <DiskFileSystem as FileSystem>::read failed
- Unable to watch /home/ale/Desktop/HouseCheck/housecheck-clipforge-ad/clipforge/node_modules/next/dist
- OS file watch limit reached. about ["/home/ale/Desktop/HouseCheck/housecheck-clipforge-ad/clipforge/node_modules/next/dist"]
    at <unknown> (TurbopackInternalError: Failed to write page endpoint /_app) {
  location: undefined
}
Error [TurbopackInternalError]: Failed to write page endpoint /_app

Caused by:
- Unable to watch /home/ale/Desktop/HouseCheck/housecheck-clipforge-ad/clipforge/node_modules/next/dist
- OS file watch limit reached. about ["/home/ale/Desktop/HouseCheck/housecheck-clipforge-ad/clipforge/node_modules/next/dist"]

Debug info:
- Execution of get_written_endpoint_with_issues_operation failed
- Execution of endpoint_write_to_disk failed
- Execution of <PageEndpoint as Endpoint>::output failed
- Failed to write page endpoint /_app
- Execution of *all_asset_paths failed
- Execution of *PageEndpointOutput::output_assets failed
- Execution of PageEndpoint::output failed
- Execution of *ChunkGroupResult::all_assets failed
- Execution of PageEndpoint::client_chunk_group failed
- Execution of PageEndpoint::client_evaluatable_assets failed
- Execution of PageEndpoint::client_module failed
- Execution of *create_page_loader_entry_module failed
- Execution of PagesProject::client_module_context failed
- Execution of *ModuleAssetContext::new failed
- Execution of get_client_module_options_context failed
- Execution of *get_jsx_transform_options failed
- Execution of get_client_resolve_options_context failed
- Execution of get_transpiled_packages failed
- Execution of <DiskFileSystem as FileSystem>::read failed
- Unable to watch /home/ale/Desktop/HouseCheck/housecheck-clipforge-ad/clipforge/node_modules/next/dist
- OS file watch limit reached. about ["/home/ale/Desktop/HouseCheck/housecheck-clipforge-ad/clipforge/node_modules/next/dist"]
    at <unknown> (TurbopackInternalError: Failed to write page endpoint /_app) {
  location: undefined
}

-----
[1m[31mFATAL[39m[0m: An unexpected Turbopack error occurred. A panic log has been written to /tmp/next-panic-e06653766a15e572b57a76bb1b5015de.log.

To help make Turbopack better, report this error by clicking here: https://bugs.nextjs.org/search?category=turbopack-error-report&title=Turbopack%20Error%3A%20Failed%20to%20write%20app%20endpoint%20%2Fapi%2Fproject%2Froute&body=Turbopack%20version%3A%20%60600cd2fe%60%0ANext.js%20version%3A%20%600.0.0%60%0A%0AError%20message%3A%0A%60%60%60%0AFailed%20to%20write%20app%20endpoint%20%2Fapi%2Fproject%2Froute%0A%0ACaused%20by%3A%0A-%20Unable%20to%20watch%20%2Fhome%2Fale%2FDesktop%2FHouseCheck%2Fhousecheck-clipforge-ad%2Fclipforge%2Fnode_modules%2Fnext%2Fdist%0A-%20OS%20file%20watch%20limit%20reached.%20about%20%5B%22%2Fhome%2Fale%2FDesktop%2FHouseCheck%2Fhousecheck-clipforge-ad%2Fclipforge%2Fnode_modules%2Fnext%2Fdist%22%5D%0A%0ADebug%20info%3A%0A-%20Execution%20of%20get_written_endpoint_with_issues_operation%20failed%0A-%20Execution%20of%20endpoint_write_to_disk%20failed%0A-%20Execution%20of%20%3CAppEndpoint%20as%20Endpoint%3E%3A%3Aoutput%20failed%0A-%20Failed%20to%20write%20app%20endpoint%20%2Fapi%2Fproject%2Froute%0A-%20Execution%20of%20%2Aall_asset_paths%20failed%0A-%20Execution%20of%20%2AAppEndpointOutput%3A%3Aoutput_assets%20failed%0A-%20Execution%20of%20AppEndpoint%3A%3Aoutput%20failed%0A-%20Execution%20of%20AppEndpoint%3A%3Aapp_route_entry%20failed%0A-%20Execution%20of%20%2Aget_app_route_entry%20failed%0A-%20Execution%20of%20AppProject%3A%3Aroute_module_context%20failed%0A-%20Execution%20of%20AppProject%3A%3Aecmascript_client_reference_transition%20failed%0A-%20Execution%20of%20%2ANextEcmascriptClientReferenceTransition%3A%3Anew%20failed%0A-%20Execution%20of%20AppProject%3A%3Aclient_transition%20failed%0A-%20Execution%20of%20%2AFullContextTransition%3A%3Anew%20failed%0A-%20Execution%20of%20AppProject%3A%3Aclient_module_context%20failed%0A-%20Execution%20of%20%2AModuleAssetContext%3A%3Anew%20failed%0A-%20Execution%20of%20get_client_module_options_context%20failed%0A-%20Execution%20of%20%2Aget_jsx_transform_options%20failed%0A-%20Execution%20of%20get_client_resolve_options_context%20failed%0A-%20Execution%20of%20get_transpiled_packages%20failed%0A-%20Execution%20of%20%3CDiskFileSystem%20as%20FileSystem%3E%3A%3Aread%20failed%0A-%20Unable%20to%20watch%20%2Fhome%2Fale%2FDesktop%2FHouseCheck%2Fhousecheck-clipforge-ad%2Fclipforge%2Fnode_modules%2Fnext%2Fdist%0A-%20OS%20file%20watch%20limit%20reached.%20about%20%5B%22%2Fhome%2Fale%2FDesktop%2FHouseCheck%2Fhousecheck-clipforge-ad%2Fclipforge%2Fnode_modules%2Fnext%2Fdist%22%5D%0A%60%60%60&labels=Turbopack,Turbopack%20Panic%20Backtrace
-----

⨯ Error [TurbopackInternalError]: Failed to write page endpoint /_app

Caused by:
- Unable to watch /home/ale/Desktop/HouseCheck/housecheck-clipforge-ad/clipforge/node_modules/next/dist
- OS file watch limit reached. about ["/home/ale/Desktop/HouseCheck/housecheck-clipforge-ad/clipforge/node_modules/next/dist"]

Debug info:
- Execution of get_written_endpoint_with_issues_operation failed
- Execution of endpoint_write_to_disk failed
- Execution of <PageEndpoint as Endpoint>::output failed
- Failed to write page endpoint /_app
- Execution of *all_asset_paths failed
- Execution of *PageEndpointOutput::output_assets failed
- Execution of PageEndpoint::output failed
- Execution of *ChunkGroupResult::all_assets failed
- Execution of PageEndpoint::client_chunk_group failed
- Execution of PageEndpoint::client_evaluatable_assets failed
- Execution of PageEndpoint::client_module failed
- Execution of *create_page_loader_entry_module failed
- Execution of PagesProject::client_module_context failed
- Execution of *ModuleAssetContext::new failed
- Execution of get_client_module_options_context failed
- Execution of *get_jsx_transform_options failed
- Execution of get_client_resolve_options_context failed
- Execution of get_transpiled_packages failed
- Execution of <DiskFileSystem as FileSystem>::read failed
- Unable to watch /home/ale/Desktop/HouseCheck/housecheck-clipforge-ad/clipforge/node_modules/next/dist
- OS file watch limit reached. about ["/home/ale/Desktop/HouseCheck/housecheck-clipforge-ad/clipforge/node_modules/next/dist"]
    at <unknown> (TurbopackInternalError: Failed to write page endpoint /_app) {
  location: undefined
}
Error [TurbopackInternalError]: Failed to write app endpoint /api/project/route

Caused by:
- Unable to watch /home/ale/Desktop/HouseCheck/housecheck-clipforge-ad/clipforge/node_modules/next/dist
- OS file watch limit reached. about ["/home/ale/Desktop/HouseCheck/housecheck-clipforge-ad/clipforge/node_modules/next/dist"]

Debug info:
- Execution of get_written_endpoint_with_issues_operation failed
- Execution of endpoint_write_to_disk failed
- Execution of <AppEndpoint as Endpoint>::output failed
- Failed to write app endpoint /api/project/route
- Execution of *all_asset_paths failed
- Execution of *AppEndpointOutput::output_assets failed
- Execution of AppEndpoint::output failed
- Execution of AppEndpoint::app_route_entry failed
- Execution of *get_app_route_entry failed
- Execution of AppProject::route_module_context failed
- Execution of AppProject::ecmascript_client_reference_transition failed
- Execution of *NextEcmascriptClientReferenceTransition::new failed
- Execution of AppProject::client_transition failed
- Execution of *FullContextTransition::new failed
- Execution of AppProject::client_module_context failed
- Execution of *ModuleAssetContext::new failed
- Execution of get_client_module_options_context failed
- Execution of *get_jsx_transform_options failed
- Execution of get_client_resolve_options_context failed
- Execution of get_transpiled_packages failed
- Execution of <DiskFileSystem as FileSystem>::read failed
- Unable to watch /home/ale/Desktop/HouseCheck/housecheck-clipforge-ad/clipforge/node_modules/next/dist
- OS file watch limit reached. about ["/home/ale/Desktop/HouseCheck/housecheck-clipforge-ad/clipforge/node_modules/next/dist"]
    at <unknown> (TurbopackInternalError: Failed to write app endpoint /api/project/route) {
  location: undefined
}
⨯ Error [TurbopackInternalError]: Failed to write page endpoint /_app

Caused by:
- Unable to watch /home/ale/Desktop/HouseCheck/housecheck-clipforge-ad/clipforge/node_modules/next/dist
- OS file watch limit reached. about ["/home/ale/Desktop/HouseCheck/housecheck-clipforge-ad/clipforge/node_modules/next/dist"]

Debug info:
- Execution of get_written_endpoint_with_issues_operation failed
- Execution of endpoint_write_to_disk failed
- Execution of <PageEndpoint as Endpoint>::output failed
- Failed to write page endpoint /_app
- Execution of *all_asset_paths failed
- Execution of *PageEndpointOutput::output_assets failed
- Execution of PageEndpoint::output failed
- Execution of *ChunkGroupResult::all_assets failed
- Execution of PageEndpoint::client_chunk_group failed
- Execution of PageEndpoint::client_evaluatable_assets failed
- Execution of PageEndpoint::client_module failed
- Execution of *create_page_loader_entry_module failed
- Execution of PagesProject::client_module_context failed
- Execution of *ModuleAssetContext::new failed
- Execution of get_client_module_options_context failed
- Execution of *get_jsx_transform_options failed
- Execution of get_client_resolve_options_context failed
- Execution of get_transpiled_packages failed
- Execution of <DiskFileSystem as FileSystem>::read failed
- Unable to watch /home/ale/Desktop/HouseCheck/housecheck-clipforge-ad/clipforge/node_modules/next/dist
- OS file watch limit reached. about ["/home/ale/Desktop/HouseCheck/housecheck-clipforge-ad/clipforge/node_modules/next/dist"]
    at <unknown> (TurbopackInternalError: Failed to write page endpoint /_app) {
  location: undefined
}
Error [TurbopackInternalError]: Failed to write page endpoint /_app

Caused by:
- Unable to watch /home/ale/Desktop/HouseCheck/housecheck-clipforge-ad/clipforge/node_modules/next/dist
- OS file watch limit reached. about ["/home/ale/Desktop/HouseCheck/housecheck-clipforge-ad/clipforge/node_modules/next/dist"]

Debug info:
- Execution of get_written_endpoint_with_issues_operation failed
- Execution of endpoint_write_to_disk failed
- Execution of <PageEndpoint as Endpoint>::output failed
- Failed to write page endpoint /_app
- Execution of *all_asset_paths failed
- Execution of *PageEndpointOutput::output_assets failed
- Execution of PageEndpoint::output failed
- Execution of *ChunkGroupResult::all_assets failed
- Execution of PageEndpoint::client_chunk_group failed
- Execution of PageEndpoint::client_evaluatable_assets failed
- Execution of PageEndpoint::client_module failed
- Execution of *create_page_loader_entry_module failed
- Execution of PagesProject::client_module_context failed
- Execution of *ModuleAssetContext::new failed
- Execution of get_client_module_options_context failed
- Execution of *get_jsx_transform_options failed
- Execution of get_client_resolve_options_context failed
- Execution of get_transpiled_packages failed
- Execution of <DiskFileSystem as FileSystem>::read failed
- Unable to watch /home/ale/Desktop/HouseCheck/housecheck-clipforge-ad/clipforge/node_modules/next/dist
- OS file watch limit reached. about ["/home/ale/Desktop/HouseCheck/housecheck-clipforge-ad/clipforge/node_modules/next/dist"]
    at <unknown> (TurbopackInternalError: Failed to write page endpoint /_app) {
  location: undefined
}
 ELIFECYCLE  Command failed.
[?25h
=== webpack build start Sun 12 Jul 2026 23:01:47 CEST ===
▲ Next.js 16.2.1 (webpack)

  Creating an optimized production build ...
✓ Compiled successfully in 12.3s
  Running TypeScript ...
  Finished TypeScript in 7.3s ...
  Collecting page data using 7 workers ...
  Generating static pages using 7 workers (0/36) ...
  Generating static pages using 7 workers (9/36) 
⚠ metadataBase property in metadata export is not set for resolving social open graph or twitter images, using "http://localhost:3000". See https://nextjs.org/docs/app/api-reference/functions/generate-metadata#metadatabase
⚠ metadataBase property in metadata export is not set for resolving social open graph or twitter images, using "http://localhost:3000". See https://nextjs.org/docs/app/api-reference/functions/generate-metadata#metadatabase
  Generating static pages using 7 workers (18/36) 
  Generating static pages using 7 workers (27/36) 
✓ Generating static pages using 7 workers (36/36) in 389ms
  Finalizing page optimization ...
  Collecting build traces ...

Route (app)
┌ ○ /
├ ○ /_not-found
├ ƒ /api/ai/image
├ ƒ /api/ai/models
├ ƒ /api/ai/status
├ ƒ /api/ai/test-provider
├ ƒ /api/ai/video
├ ƒ /api/files/[...path]
├ ƒ /api/health
├ ƒ /api/ingest/product
├ ƒ /api/insights/homogeneity
├ ƒ /api/insights/styles
├ ƒ /api/llm/publish
├ ƒ /api/llm/script
├ ƒ /api/llm/test
├ ƒ /api/output/[...path]
├ ƒ /api/products/upload
├ ƒ /api/project
├ ƒ /api/project/[id]
├ ƒ /api/project/[id]/assets
├ ƒ /api/project/[id]/bgm
├ ƒ /api/project/[id]/carousel
├ ƒ /api/project/[id]/compose
├ ƒ /api/project/[id]/compositions
├ ƒ /api/project/[id]/cover
├ ƒ /api/project/[id]/credits
├ ƒ /api/project/[id]/dub
├ ƒ /api/project/[id]/end-card
├ ƒ /api/project/[id]/export-platform
├ ƒ /api/project/[id]/import-script
├ ƒ /api/project/[id]/materials
├ ƒ /api/project/[id]/metrics
├ ƒ /api/project/[id]/native-feel
├ ƒ /api/project/[id]/preview-gif
├ ƒ /api/project/[id]/qc
├ ƒ /api/project/[id]/scripts
├ ƒ /api/project/[id]/shop-qr
├ ƒ /api/project/[id]/stock-fill
├ ƒ /api/project/[id]/subtitle
├ ƒ /api/stock/search
├ ƒ /api/topic/script
├ ƒ /api/trends
├ ƒ /api/tts
├ ƒ /api/tts/free
├ ƒ /api/upload
├ ○ /apple-icon.png
├ ○ /batch
├ ○ /examples/showcase
├ ○ /icon.svg
├ ○ /opengraph-image.png
├ ○ /products
├ ƒ /project/[id]/assets
├ ƒ /project/[id]/export
├ ƒ /project/[id]/script
├ ƒ /project/[id]/video
├ ○ /project/clone
├ ○ /project/new
├ ○ /project/topic
├ ○ /settings
├ ○ /start
└ ○ /twitter-image.png


○  (Static)   prerendered as static content
ƒ  (Dynamic)  server-rendered on demand

=== next start Sun 12 Jul 2026 23:02:25 CEST ===
▲ Next.js 16.2.1
- Local:         http://localhost:3000
- Network:       http://192.168.1.156:3000
✓ Ready in 88ms
⚠ "next start" does not work with "output: standalone" configuration. Use "node .next/standalone/server.js" instead.
[bgm] 未检索到可用免费音乐（query=upbeat pop instrumental background）
=== rebuild after bgm fix Sun 12 Jul 2026 23:09:05 CEST ===
▲ Next.js 16.2.1 (webpack)

  Creating an optimized production build ...
✓ Compiled successfully in 4.9s
  Running TypeScript ...
  Finished TypeScript in 7.2s ...
  Collecting page data using 7 workers ...
  Generating static pages using 7 workers (0/36) ...
  Generating static pages using 7 workers (9/36) 
⚠ metadataBase property in metadata export is not set for resolving social open graph or twitter images, using "http://localhost:3000". See https://nextjs.org/docs/app/api-reference/functions/generate-metadata#metadatabase
⚠ metadataBase property in metadata export is not set for resolving social open graph or twitter images, using "http://localhost:3000". See https://nextjs.org/docs/app/api-reference/functions/generate-metadata#metadatabase
  Generating static pages using 7 workers (18/36) 
  Generating static pages using 7 workers (27/36) 
✓ Generating static pages using 7 workers (36/36) in 392ms
  Finalizing page optimization ...
  Collecting build traces ...

Route (app)
┌ ○ /
├ ○ /_not-found
├ ƒ /api/ai/image
├ ƒ /api/ai/models
├ ƒ /api/ai/status
├ ƒ /api/ai/test-provider
├ ƒ /api/ai/video
├ ƒ /api/files/[...path]
├ ƒ /api/health
├ ƒ /api/ingest/product
├ ƒ /api/insights/homogeneity
├ ƒ /api/insights/styles
├ ƒ /api/llm/publish
├ ƒ /api/llm/script
├ ƒ /api/llm/test
├ ƒ /api/output/[...path]
├ ƒ /api/products/upload
├ ƒ /api/project
├ ƒ /api/project/[id]
├ ƒ /api/project/[id]/assets
├ ƒ /api/project/[id]/bgm
├ ƒ /api/project/[id]/carousel
├ ƒ /api/project/[id]/compose
├ ƒ /api/project/[id]/compositions
├ ƒ /api/project/[id]/cover
├ ƒ /api/project/[id]/credits
├ ƒ /api/project/[id]/dub
├ ƒ /api/project/[id]/end-card
├ ƒ /api/project/[id]/export-platform
├ ƒ /api/project/[id]/import-script
├ ƒ /api/project/[id]/materials
├ ƒ /api/project/[id]/metrics
├ ƒ /api/project/[id]/native-feel
├ ƒ /api/project/[id]/preview-gif
├ ƒ /api/project/[id]/qc
├ ƒ /api/project/[id]/scripts
├ ƒ /api/project/[id]/shop-qr
├ ƒ /api/project/[id]/stock-fill
├ ƒ /api/project/[id]/subtitle
├ ƒ /api/stock/search
├ ƒ /api/topic/script
├ ƒ /api/trends
├ ƒ /api/tts
├ ƒ /api/tts/free
├ ƒ /api/upload
├ ○ /apple-icon.png
├ ○ /batch
├ ○ /examples/showcase
├ ○ /icon.svg
├ ○ /opengraph-image.png
├ ○ /products
├ ƒ /project/[id]/assets
├ ƒ /project/[id]/export
├ ƒ /project/[id]/script
├ ƒ /project/[id]/video
├ ○ /project/clone
├ ○ /project/new
├ ○ /project/topic
├ ○ /settings
├ ○ /start
└ ○ /twitter-image.png


○  (Static)   prerendered as static content
ƒ  (Dynamic)  server-rendered on demand

=== setsid next start Sun 12 Jul 2026 23:09:54 CEST ===
▲ Next.js 16.2.1
- Local:         http://localhost:3000
- Network:       http://192.168.1.156:3000
✓ Ready in 87ms
⚠ "next start" does not work with "output: standalone" configuration. Use "node .next/standalone/server.js" instead.
[bgm] 免费配乐: Kevin MacLeod · CC BY 3.0 · https://commons.wikimedia.org/wiki/File%3AUpbeat%20Forever%20(ISRC%20USUAN1500063).mp3
素材下载落库失败（https://upload.wikimedia.org/wikipedia/commons/8/80/Living_room_decorated_by_Eero_Aarnio_1966_%28JOKAOM14AiD_KSS01-3%29.tif）: Error: 素材体积 127350299 超过上限 83886080
    at j (.next/server/app/api/ingest/product/route.js:1:23569)
    at async I (.next/server/app/api/stock/search/route.js:1:12098)
    at async j (.next/server/app/api/stock/search/route.js:1:16024)
    at async h (.next/server/app/api/stock/search/route.js:1:17036)
    at async Module.O (.next/server/app/api/stock/search/route.js:1:18132)
素材下载落库失败（https://upload.wikimedia.org/wikipedia/commons/0/0f/Schaftreppe_Pirna_2018_Blick_nach_oben.jpg）: Error: 素材下载失败 429: https://upload.wikimedia.org/wikipedia/commons/0/0f/Schaftreppe_Pirna_2018_Blick_nach_oben.jpg
    at j (.next/server/app/api/ingest/product/route.js:1:23438)
    at async I (.next/server/app/api/stock/search/route.js:1:12098)
    at async j (.next/server/app/api/stock/search/route.js:1:16024)
    at async h (.next/server/app/api/stock/search/route.js:1:17036)
    at async Module.O (.next/server/app/api/stock/search/route.js:1:18132)
素材下载落库失败（https://upload.wikimedia.org/wikipedia/commons/8/8f/Apartment_building_entrance_in_Plaka_on_11-28-2023.jpg）: Error: 素材下载失败 429: https://upload.wikimedia.org/wikipedia/commons/8/8f/Apartment_building_entrance_in_Plaka_on_11-28-2023.jpg
    at j (.next/server/app/api/ingest/product/route.js:1:23438)
    at async I (.next/server/app/api/stock/search/route.js:1:12098)
    at async j (.next/server/app/api/stock/search/route.js:1:16024)
    at async h (.next/server/app/api/stock/search/route.js:1:17036)
    at async Module.O (.next/server/app/api/stock/search/route.js:1:18132)
素材下载落库失败（https://upload.wikimedia.org/wikipedia/commons/0/00/Roth_bei_N%C3%BCrnberg_-_Kugelb%C3%BChlstra%C3%9Fe_34_-_01.jpg）: Error: 素材下载失败 429: https://upload.wikimedia.org/wikipedia/commons/0/00/Roth_bei_N%C3%BCrnberg_-_Kugelb%C3%BChlstra%C3%9Fe_34_-_01.jpg
    at j (.next/server/app/api/ingest/product/route.js:1:23438)
    at async I (.next/server/app/api/stock/search/route.js:1:12098)
    at async j (.next/server/app/api/stock/search/route.js:1:16024)
    at async h (.next/server/app/api/stock/search/route.js:1:17036)
    at async Module.O (.next/server/app/api/stock/search/route.js:1:18132)
素材下载落库失败（https://upload.wikimedia.org/wikipedia/commons/0/0d/Cheerful_woman_smiling_and_making_gestures_with_her_hands_while_talking_on_a_video_call_on_her_laptop.jpg）: Error: 素材下载失败 429: https://upload.wikimedia.org/wikipedia/commons/0/0d/Cheerful_woman_smiling_and_making_gestures_with_her_hands_while_talking_on_a_video_call_on_her_laptop.jpg
    at j (.next/server/app/api/ingest/product/route.js:1:23438)
    at async I (.next/server/app/api/stock/search/route.js:1:12098)
    at async j (.next/server/app/api/stock/search/route.js:1:16024)
    at async h (.next/server/app/api/stock/search/route.js:1:17036)
    at async Module.O (.next/server/app/api/stock/search/route.js:1:18132)
素材下载落库失败（https://upload.wikimedia.org/wikipedia/commons/d/df/Happy_woman_enjoying_video_call_inside_cabin_with_laptop_and_coffee_cup.jpg）: Error: 素材下载失败 429: https://upload.wikimedia.org/wikipedia/commons/d/df/Happy_woman_enjoying_video_call_inside_cabin_with_laptop_and_coffee_cup.jpg
    at j (.next/server/app/api/ingest/product/route.js:1:23438)
    at async I (.next/server/app/api/stock/search/route.js:1:12098)
    at async j (.next/server/app/api/stock/search/route.js:1:16024)
    at async h (.next/server/app/api/stock/search/route.js:1:17036)
    at async Module.O (.next/server/app/api/stock/search/route.js:1:18132)
素材下载落库失败（https://upload.wikimedia.org/wikipedia/commons/a/a2/Kitchenette_in_France.jpg）: Error: 素材下载失败 429: https://upload.wikimedia.org/wikipedia/commons/a/a2/Kitchenette_in_France.jpg
    at j (.next/server/app/api/ingest/product/route.js:1:23438)
    at async I (.next/server/app/api/stock/search/route.js:1:12098)
    at async j (.next/server/app/api/stock/search/route.js:1:16024)
    at async h (.next/server/app/api/stock/search/route.js:1:17036)
    at async Module.O (.next/server/app/api/stock/search/route.js:1:18132)
素材下载落库失败（https://upload.wikimedia.org/wikipedia/commons/1/1b/Hotel_room_bedroom_in_building_on_Chapel_Street%2C_Salford%2C_Greater_Manchester%2C_England%2C_on_5_October_2025.jpg）: Error: 素材下载失败 429: https://upload.wikimedia.org/wikipedia/commons/1/1b/Hotel_room_bedroom_in_building_on_Chapel_Street%2C_Salford%2C_Greater_Manchester%2C_England%2C_on_5_October_2025.jpg
    at j (.next/server/app/api/ingest/product/route.js:1:23438)
    at async I (.next/server/app/api/stock/search/route.js:1:12098)
    at async j (.next/server/app/api/stock/search/route.js:1:16024)
    at async h (.next/server/app/api/stock/search/route.js:1:17036)
    at async Module.O (.next/server/app/api/stock/search/route.js:1:18132)
素材下载落库失败（https://upload.wikimedia.org/wikipedia/commons/c/c7/KOrganizer-ToDo-Oxygen.png）: Error: 素材下载失败 429: https://upload.wikimedia.org/wikipedia/commons/c/c7/KOrganizer-ToDo-Oxygen.png
    at j (.next/server/app/api/ingest/product/route.js:1:23438)
    at async I (.next/server/app/api/stock/search/route.js:1:12098)
    at async j (.next/server/app/api/stock/search/route.js:1:16024)
    at async h (.next/server/app/api/stock/search/route.js:1:17036)
    at async Module.O (.next/server/app/api/stock/search/route.js:1:18132)
素材下载落库失败（https://upload.wikimedia.org/wikipedia/commons/5/57/City_of_Madrid_%2817855113839%29.jpg）: Error: 素材下载失败 429: https://upload.wikimedia.org/wikipedia/commons/5/57/City_of_Madrid_%2817855113839%29.jpg
    at j (.next/server/app/api/ingest/product/route.js:1:23438)
    at async I (.next/server/app/api/stock/search/route.js:1:12098)
    at async j (.next/server/app/api/stock/search/route.js:1:16024)
    at async h (.next/server/app/api/stock/search/route.js:1:17036)
    at async Module.O (.next/server/app/api/stock/search/route.js:1:18132)
素材下载落库失败（https://upload.wikimedia.org/wikipedia/commons/2/22/Reflejo_del_Casco_Antiguo%2C_vertical_--_2021_--_Buitrago_del_Lozoya%2C_Madrid%2C_Espa%C3%B1a.jpg）: Error: 素材下载失败 429: https://upload.wikimedia.org/wikipedia/commons/2/22/Reflejo_del_Casco_Antiguo%2C_vertical_--_2021_--_Buitrago_del_Lozoya%2C_Madrid%2C_Espa%C3%B1a.jpg
    at j (.next/server/app/api/ingest/product/route.js:1:23438)
    at async I (.next/server/app/api/stock/search/route.js:1:12098)
    at async j (.next/server/app/api/stock/search/route.js:1:16024)
    at async h (.next/server/app/api/stock/search/route.js:1:17036)
    at async Module.O (.next/server/app/api/stock/search/route.js:1:18132)
素材下载落库失败（https://upload.wikimedia.org/wikipedia/commons/7/78/Madrid_-_building_3.jpg）: Error: 素材下载失败 429: https://upload.wikimedia.org/wikipedia/commons/7/78/Madrid_-_building_3.jpg
    at j (.next/server/app/api/ingest/product/route.js:1:23438)
    at async I (.next/server/app/api/stock/search/route.js:1:12098)
    at async j (.next/server/app/api/stock/search/route.js:1:16024)
    at async h (.next/server/app/api/stock/search/route.js:1:17036)
    at async Module.O (.next/server/app/api/stock/search/route.js:1:18132)
素材下载落库失败（https://upload.wikimedia.org/wikipedia/commons/transcoded/9/93/Caracas%2C_Venezuela_en_color%2C_a%C3%B1o_1935.webm/Caracas%2C_Venezuela_en_color%2C_a%C3%B1o_1935.webm.480p.vp9.webm）: Error: 素材体积 128764635 超过上限 83886080
    at j (.next/server/app/api/ingest/product/route.js:1:23569)
    at async I (.next/server/app/api/stock/search/route.js:1:12098)
    at async j (.next/server/app/api/stock/search/route.js:1:16024)
    at async h (.next/server/app/api/stock/search/route.js:1:17036)
    at async Module.O (.next/server/app/api/stock/search/route.js:1:18132)
素材下载落库失败（https://upload.wikimedia.org/wikipedia/commons/2/23/Kitchen_in_Apartment_Apartment_at_Songshan_District%2C_Taipei_20170301a.jpg）: Error: 素材下载失败 429: https://upload.wikimedia.org/wikipedia/commons/2/23/Kitchen_in_Apartment_Apartment_at_Songshan_District%2C_Taipei_20170301a.jpg
    at j (.next/server/app/api/ingest/product/route.js:1:23438)
    at async I (.next/server/app/api/stock/search/route.js:1:12098)
    at async j (.next/server/app/api/stock/search/route.js:1:16024)
    at async h (.next/server/app/api/stock/search/route.js:1:17036)
    at async Module.O (.next/server/app/api/stock/search/route.js:1:18132)
素材下载落库失败（https://upload.wikimedia.org/wikipedia/commons/2/24/Habitaci%C3%B3_buida._empty_room.jpg）: Error: 素材下载失败 429: https://upload.wikimedia.org/wikipedia/commons/2/24/Habitaci%C3%B3_buida._empty_room.jpg
    at j (.next/server/app/api/ingest/product/route.js:1:23438)
    at async I (.next/server/app/api/stock/search/route.js:1:12098)
    at async j (.next/server/app/api/stock/search/route.js:1:16024)
    at async h (.next/server/app/api/stock/search/route.js:1:17036)
    at async Module.O (.next/server/app/api/stock/search/route.js:1:18132)
素材下载落库失败（https://upload.wikimedia.org/wikipedia/commons/5/5d/Living_Room_Window%2C_Frederick_C._Robie_House%2C_Woodlawn_Avenue_and_58th_Street%2C_Hyde_Park%2C_Chicago%2C_IL.jpg）: Error: 素材下载失败 429: https://upload.wikimedia.org/wikipedia/commons/5/5d/Living_Room_Window%2C_Frederick_C._Robie_House%2C_Woodlawn_Avenue_and_58th_Street%2C_Hyde_Park%2C_Chicago%2C_IL.jpg
    at j (.next/server/app/api/ingest/product/route.js:1:23438)
    at async I (.next/server/app/api/stock/search/route.js:1:12098)
    at async j (.next/server/app/api/stock/search/route.js:1:16024)
    at async h (.next/server/app/api/stock/search/route.js:1:17036)
    at async Module.O (.next/server/app/api/stock/search/route.js:1:18132)
素材下载落库失败（https://upload.wikimedia.org/wikipedia/commons/d/d6/Ceiling_of_Santa_Croce_in_Gerusalemme_%28Roma%29.jpg）: Error: 素材下载失败 429: https://upload.wikimedia.org/wikipedia/commons/d/d6/Ceiling_of_Santa_Croce_in_Gerusalemme_%28Roma%29.jpg
    at j (.next/server/app/api/ingest/product/route.js:1:23438)
    at async I (.next/server/app/api/stock/search/route.js:1:12098)
    at async j (.next/server/app/api/stock/search/route.js:1:16024)
    at async h (.next/server/app/api/stock/search/route.js:1:17036)
    at async Module.O (.next/server/app/api/stock/search/route.js:1:18132)
素材下载落库失败（https://upload.wikimedia.org/wikipedia/commons/7/7d/Madrid_street_artist_1160386.jpg）: Error: 素材下载失败 429: https://upload.wikimedia.org/wikipedia/commons/7/7d/Madrid_street_artist_1160386.jpg
    at j (.next/server/app/api/ingest/product/route.js:1:23438)
    at async I (.next/server/app/api/stock/search/route.js:1:12098)
    at async j (.next/server/app/api/stock/search/route.js:1:16024)
    at async h (.next/server/app/api/stock/search/route.js:1:17036)
    at async Module.O (.next/server/app/api/stock/search/route.js:1:18132)
素材下载落库失败（https://upload.wikimedia.org/wikipedia/commons/e/e4/Coat_of_Arms_of_Madrid_City_%281873-1874_and_1931-1939%29.svg）: Error: 素材下载失败 429: https://upload.wikimedia.org/wikipedia/commons/e/e4/Coat_of_Arms_of_Madrid_City_%281873-1874_and_1931-1939%29.svg
    at j (.next/server/app/api/ingest/product/route.js:1:23438)
    at async I (.next/server/app/api/stock/search/route.js:1:12098)
    at async j (.next/server/app/api/stock/search/route.js:1:16024)
    at async h (.next/server/app/api/stock/search/route.js:1:17036)
    at async Module.O (.next/server/app/api/stock/search/route.js:1:18132)
素材下载落库失败（https://upload.wikimedia.org/wikipedia/commons/0/0c/Ch%C3%A2teau_Frontenac_in_Quebec_city%2C_Canada_colorfull.jpg）: Error: 素材下载失败 429: https://upload.wikimedia.org/wikipedia/commons/0/0c/Ch%C3%A2teau_Frontenac_in_Quebec_city%2C_Canada_colorfull.jpg
    at j (.next/server/app/api/ingest/product/route.js:1:23438)
    at async I (.next/server/app/api/stock/search/route.js:1:12098)
    at async j (.next/server/app/api/stock/search/route.js:1:16024)
    at async h (.next/server/app/api/stock/search/route.js:1:17036)
    at async Module.O (.next/server/app/api/stock/search/route.js:1:18132)
素材下载落库失败（https://upload.wikimedia.org/wikipedia/commons/a/a9/Vatican_City_%28Vaticano%29%2C_Petersdom_--_2013_--_4330.jpg）: Error: 素材下载失败 429: https://upload.wikimedia.org/wikipedia/commons/a/a9/Vatican_City_%28Vaticano%29%2C_Petersdom_--_2013_--_4330.jpg
    at j (.next/server/app/api/ingest/product/route.js:1:23438)
    at async I (.next/server/app/api/stock/search/route.js:1:12098)
    at async j (.next/server/app/api/stock/search/route.js:1:16024)
    at async h (.next/server/app/api/stock/search/route.js:1:17036)
    at async Module.O (.next/server/app/api/stock/search/route.js:1:18132)
素材下载落库失败（https://upload.wikimedia.org/wikipedia/commons/e/ed/Doors_Open_Milwaukee_2025_27_%28Pritzlaff_Building_apartment_interior%29.jpg）: Error: 素材下载失败 429: https://upload.wikimedia.org/wikipedia/commons/e/ed/Doors_Open_Milwaukee_2025_27_%28Pritzlaff_Building_apartment_interior%29.jpg
    at j (.next/server/app/api/ingest/product/route.js:1:23438)
    at async I (.next/server/app/api/stock/search/route.js:1:12098)
    at async j (.next/server/app/api/stock/search/route.js:1:16024)
    at async h (.next/server/app/api/stock/search/route.js:1:17036)
    at async Module.O (.next/server/app/api/stock/search/route.js:1:18132)
素材下载落库失败（https://upload.wikimedia.org/wikipedia/commons/7/75/Anonieme_kunstenaar_-_Apartment_Interior_-_1922-F_-_Museum_of_Fine_Arts_Ghent_%28MSK%29.jpg）: Error: 素材下载失败 429: https://upload.wikimedia.org/wikipedia/commons/7/75/Anonieme_kunstenaar_-_Apartment_Interior_-_1922-F_-_Museum_of_Fine_Arts_Ghent_%28MSK%29.jpg
    at j (.next/server/app/api/ingest/product/route.js:1:23438)
    at async I (.next/server/app/api/stock/search/route.js:1:12098)
    at async j (.next/server/app/api/stock/search/route.js:1:16024)
    at async h (.next/server/app/api/stock/search/route.js:1:17036)
    at async Module.O (.next/server/app/api/stock/search/route.js:1:18132)
素材下载落库失败（https://upload.wikimedia.org/wikipedia/commons/d/d6/Egon_Schiele_-_Interieur_-_6621_-_%C3%96sterreichische_Galerie_Belvedere.jpg）: Error: 素材下载失败 429: https://upload.wikimedia.org/wikipedia/commons/d/d6/Egon_Schiele_-_Interieur_-_6621_-_%C3%96sterreichische_Galerie_Belvedere.jpg
    at j (.next/server/app/api/ingest/product/route.js:1:23438)
    at async I (.next/server/app/api/stock/search/route.js:1:12098)
    at async j (.next/server/app/api/stock/search/route.js:1:16024)
    at async h (.next/server/app/api/stock/search/route.js:1:17036)
    at async Module.O (.next/server/app/api/stock/search/route.js:1:18132)
素材下载落库失败（https://upload.wikimedia.org/wikipedia/commons/d/d3/NMP_1780s_House_interior_Bedroom_1A.JPG）: Error: 素材下载失败 429: https://upload.wikimedia.org/wikipedia/commons/d/d3/NMP_1780s_House_interior_Bedroom_1A.JPG
    at j (.next/server/app/api/ingest/product/route.js:1:23438)
    at async I (.next/server/app/api/stock/search/route.js:1:12098)
    at async j (.next/server/app/api/stock/search/route.js:1:16024)
    at async h (.next/server/app/api/stock/search/route.js:1:17036)
    at async Module.O (.next/server/app/api/stock/search/route.js:1:18132)
素材下载落库失败（https://upload.wikimedia.org/wikipedia/commons/d/d5/Bedroom_in_Montacute_House_%288601909505%29.jpg）: Error: 素材下载失败 429: https://upload.wikimedia.org/wikipedia/commons/d/d5/Bedroom_in_Montacute_House_%288601909505%29.jpg
    at j (.next/server/app/api/ingest/product/route.js:1:23438)
    at async I (.next/server/app/api/stock/search/route.js:1:12098)
    at async j (.next/server/app/api/stock/search/route.js:1:16024)
    at async h (.next/server/app/api/stock/search/route.js:1:17036)
    at async Module.O (.next/server/app/api/stock/search/route.js:1:18132)
素材下载落库失败（https://upload.wikimedia.org/wikipedia/commons/4/47/2025.07.13_Interior_bedroom_Hotel_Hlybokae_02.jpg）: Error: 素材下载失败 429: https://upload.wikimedia.org/wikipedia/commons/4/47/2025.07.13_Interior_bedroom_Hotel_Hlybokae_02.jpg
    at j (.next/server/app/api/ingest/product/route.js:1:23438)
    at async I (.next/server/app/api/stock/search/route.js:1:12098)
    at async j (.next/server/app/api/stock/search/route.js:1:16024)
    at async h (.next/server/app/api/stock/search/route.js:1:17036)
    at async Module.O (.next/server/app/api/stock/search/route.js:1:18132)
素材下载落库失败（https://upload.wikimedia.org/wikipedia/commons/a/a1/Madrid_2020-05-01_03.jpg）: Error: 素材下载失败 429: https://upload.wikimedia.org/wikipedia/commons/a/a1/Madrid_2020-05-01_03.jpg
    at j (.next/server/app/api/ingest/product/route.js:1:23438)
    at async I (.next/server/app/api/stock/search/route.js:1:12098)
    at async j (.next/server/app/api/stock/search/route.js:1:16024)
    at async h (.next/server/app/api/stock/search/route.js:1:17036)
    at async Module.O (.next/server/app/api/stock/search/route.js:1:18132)
素材下载落库失败（https://upload.wikimedia.org/wikipedia/commons/e/e6/CollageMadrid.jpg）: Error: 素材下载失败 429: https://upload.wikimedia.org/wikipedia/commons/e/e6/CollageMadrid.jpg
    at j (.next/server/app/api/ingest/product/route.js:1:23438)
    at async I (.next/server/app/api/stock/search/route.js:1:12098)
    at async j (.next/server/app/api/stock/search/route.js:1:16024)
    at async h (.next/server/app/api/stock/search/route.js:1:17036)
    at async Module.O (.next/server/app/api/stock/search/route.js:1:18132)
[bgm] 所有候选都下载失败（query=upbeat music, 10 条）
[bgm] 所有候选都下载失败（query=upbeat music, 10 条）
[bgm] 所有候选都下载失败（query=upbeat music, 10 条）
